11:37:07.048 - INFO - UTILS - version=1.12.0
11:37:07.048 - INFO - UTILS - developer: Oliver Schwengers, github.com/oschwengers
11:37:07.049 - INFO - UTILS - command: /home/divya/miniconda3/envs/bakta_env/bin/bakta --db /home/divya/bakta_db/db-light --output results/bakta/DRR187559 --prefix DRR187559 --genus Staphylococcus --threads 2 --verbose --force results/megahit_assembly/DRR187559/DRR187559.contigs.fa
11:37:07.049 - INFO - UTILS - local time: 2026-08-30 11:37:07
11:37:07.050 - INFO - UTILS - machine: type=x86_64, cores=2
11:37:07.050 - INFO - UTILS - system: type=Linux, release=6.6.87.1-microsoft-standard-WSL2
11:37:07.051 - INFO - UTILS - python: version=3.13.14, implementation=CPython
11:37:07.051 - INFO - CONFIG - threads=2
11:37:07.051 - INFO - CONFIG - verbose=True
11:37:07.051 - INFO - CONFIG - debug=False
11:37:07.051 - INFO - CONFIG - database: type=parameter, path=/home/divya/bakta_db/db-light
11:37:07.057 - INFO - CONFIG - tmp-path=/tmp/tmpj6l07wn0
11:37:07.061 - INFO - CONFIG - genome-path=/mnt/f/wgs/results/megahit_assembly/DRR187559/DRR187559.contigs.fa
11:37:07.061 - INFO - CONFIG - min_contig_length=1
11:37:07.061 - INFO - CONFIG - prefix=DRR187559
11:37:07.061 - INFO - CONFIG - output-path=/mnt/f/wgs/results/bakta/DRR187559
11:37:07.061 - INFO - CONFIG - force=True
11:37:07.061 - INFO - CONFIG - genus=Staphylococcus
11:37:07.061 - INFO - CONFIG - species=None
11:37:07.062 - INFO - CONFIG - strain=None
11:37:07.062 - INFO - CONFIG - plasmid=None
11:37:07.062 - INFO - CONFIG - complete=False
11:37:07.062 - INFO - CONFIG - prodigal_tf=None
11:37:07.062 - INFO - CONFIG - translation_table=11
11:37:07.062 - INFO - CONFIG - gram=?
11:37:07.062 - INFO - CONFIG - compliant=False
11:37:07.062 - INFO - CONFIG - meta=False
11:37:07.063 - INFO - CONFIG - partial=False
11:37:07.063 - INFO - CONFIG - locus=None
11:37:07.063 - INFO - CONFIG - locus-tag=None
11:37:07.063 - INFO - CONFIG - locus-tag-increment=1
11:37:07.063 - INFO - CONFIG - keep_contig_headers=False
11:37:07.063 - INFO - CONFIG - replicon-table=None
11:37:07.063 - INFO - CONFIG - regions=None
11:37:07.063 - INFO - CONFIG - skip-tRNA=False
11:37:07.063 - INFO - CONFIG - skip-tmRNA=False
11:37:07.063 - INFO - CONFIG - skip-rRNA=False
11:37:07.063 - INFO - CONFIG - skip-ncRNA=False
11:37:07.064 - INFO - CONFIG - skip-ncRNA-region=False
11:37:07.064 - INFO - CONFIG - skip-CRISPR=False
11:37:07.064 - INFO - CONFIG - skip-CDS=False
11:37:07.064 - INFO - CONFIG - skip-pseudo=False
11:37:07.064 - INFO - CONFIG - skip-sORF=False
11:37:07.064 - INFO - CONFIG - skip-gap=False
11:37:07.064 - INFO - CONFIG - skip-ori=False
11:37:07.064 - INFO - CONFIG - skip-filter=False
11:37:07.064 - INFO - CONFIG - skip-plot=False
11:37:07.066 - INFO - DB - detected: major=6, minor=0, type=light, date=2025-02-24
11:37:07.168 - INFO - UTILS - dependency: tool=tRNAscan-SE, version=v2.0.12, path=/home/divya/miniconda3/envs/bakta_env/bin/tRNAscan-SE
11:37:07.172 - INFO - UTILS - dependency: tool=Aragorn, version=v1.2.41, path=/home/divya/miniconda3/envs/bakta_env/bin/aragorn
11:37:07.178 - INFO - UTILS - dependency: tool=CMscan, version=v1.1.5, path=/home/divya/miniconda3/envs/bakta_env/bin/cmscan
11:37:07.181 - INFO - UTILS - dependency: tool=PilerCR, version=v1.6.0, path=/home/divya/miniconda3/envs/bakta_env/bin/pilercr
11:37:07.266 - INFO - UTILS - dependency: tool=Pyrodigal, version=v3.7.1, path=/home/divya/miniconda3/envs/bakta_env/bin/python3.13
11:37:07.271 - INFO - UTILS - dependency: tool=AMRFinderPlus, version=v4.2.7, path=/home/divya/miniconda3/envs/bakta_env/bin/amrfinder
11:37:07.356 - INFO - UTILS - dependency: tool=Pyhmmer, version=v0.12.1, path=/home/divya/miniconda3/envs/bakta_env/bin/python3.13
11:37:07.369 - INFO - UTILS - dependency: tool=Diamond, version=v2.1.25, path=/home/divya/miniconda3/envs/bakta_env/bin/diamond
11:37:07.676 - INFO - UTILS - dependency: tool=Blastn, version=v2.17.0, path=/home/divya/miniconda3/envs/bakta_env/bin/blastn
11:37:08.710 - INFO - UTILS - dependency: tool=pyCirclize, version=v1.10.1, path=/home/divya/miniconda3/envs/bakta_env/bin/python3.13
11:37:08.787 - INFO - FASTA - imported: id=k141_0, length=431, description=flag=0 multi=34.0828 len=431, genomic=True, dna=True
11:37:08.787 - INFO - FASTA - imported: id=k141_1, length=455, description=flag=0 multi=36.2548 len=455, genomic=True, dna=True
11:37:08.788 - INFO - FASTA - imported: id=k141_32, length=3361, description=flag=0 multi=308.0000 len=3361, genomic=True, dna=True
11:37:08.788 - INFO - FASTA - imported: id=k141_2, length=1102, description=flag=1 multi=68.0000 len=1102, genomic=True, dna=True
11:37:08.789 - INFO - FASTA - imported: id=k141_3, length=1248, description=flag=1 multi=74.5772 len=1248, genomic=True, dna=True
11:37:08.906 - INFO - FASTA - imported: id=k141_4, length=20381, description=flag=0 multi=97.7843 len=20381, genomic=True, dna=True
11:37:09.146 - INFO - FASTA - imported: id=k141_33, length=53295, description=flag=1 multi=86.9644 len=53295, genomic=True, dna=True
11:37:09.268 - INFO - FASTA - imported: id=k141_5, length=46402, description=flag=1 multi=82.9238 len=46402, genomic=True, dna=True
11:37:09.441 - INFO - FASTA - imported: id=k141_6, length=15447, description=flag=1 multi=118.8304 len=15447, genomic=True, dna=True
11:37:09.857 - INFO - FASTA - imported: id=k141_34, length=70728, description=flag=0 multi=79.9508 len=70728, genomic=True, dna=True
11:37:09.858 - INFO - FASTA - imported: id=k141_35, length=600, description=flag=0 multi=211.0000 len=600, genomic=True, dna=True
11:37:10.069 - INFO - FASTA - imported: id=k141_7, length=55616, description=flag=0 multi=110.9362 len=55616, genomic=True, dna=True
11:37:10.154 - INFO - FASTA - imported: id=k141_36, length=15159, description=flag=0 multi=83.0000 len=15159, genomic=True, dna=True
11:37:10.155 - INFO - FASTA - imported: id=k141_37, length=391, description=flag=1 multi=3.0000 len=391, genomic=True, dna=True
11:37:10.155 - INFO - FASTA - imported: id=k141_38, length=676, description=flag=0 multi=40.0168 len=676, genomic=True, dna=True
11:37:10.929 - INFO - FASTA - imported: id=k141_8, length=154272, description=flag=0 multi=82.9766 len=154272, genomic=True, dna=True
11:37:10.930 - INFO - FASTA - imported: id=k141_9, length=1066, description=flag=0 multi=34.1784 len=1066, genomic=True, dna=True
11:37:11.472 - INFO - FASTA - imported: id=k141_39, length=158744, description=flag=0 multi=77.8879 len=158744, genomic=True, dna=True
11:37:11.499 - INFO - FASTA - imported: id=k141_40, length=12180, description=flag=0 multi=118.5687 len=12180, genomic=True, dna=True
11:37:11.654 - INFO - FASTA - imported: id=k141_10, length=34728, description=flag=0 multi=112.9286 len=34728, genomic=True, dna=True
11:37:11.656 - INFO - FASTA - imported: id=k141_11, length=3915, description=flag=1 multi=85.0000 len=3915, genomic=True, dna=True
11:37:11.777 - INFO - FASTA - imported: id=k141_13, length=34903, description=flag=0 multi=120.9241 len=34903, genomic=True, dna=True
11:37:11.822 - INFO - FASTA - imported: id=k141_41, length=151278, description=flag=0 multi=97.9499 len=151278, genomic=True, dna=True
11:37:11.824 - INFO - FASTA - imported: id=k141_42, length=52090, description=flag=0 multi=95.8279 len=52090, genomic=True, dna=True
11:37:11.829 - INFO - FASTA - imported: id=k141_15, length=168290, description=flag=0 multi=103.6244 len=168290, genomic=True, dna=True
11:37:11.830 - INFO - FASTA - imported: id=k141_16, length=34479, description=flag=0 multi=100.9359 len=34479, genomic=True, dna=True
11:37:11.830 - INFO - FASTA - imported: id=k141_17, length=216, description=flag=0 multi=84.0000 len=216, genomic=True, dna=True
11:37:11.833 - INFO - FASTA - imported: id=k141_43, length=99231, description=flag=1 multi=84.9822 len=99231, genomic=True, dna=True
11:37:11.833 - INFO - FASTA - imported: id=k141_44, length=3239, description=flag=0 multi=111.4093 len=3239, genomic=True, dna=True
11:37:11.835 - INFO - FASTA - imported: id=k141_18, length=73901, description=flag=0 multi=87.7411 len=73901, genomic=True, dna=True
11:37:11.835 - INFO - FASTA - imported: id=k141_19, length=3621, description=flag=1 multi=96.0000 len=3621, genomic=True, dna=True
11:37:11.837 - INFO - FASTA - imported: id=k141_45, length=63610, description=flag=0 multi=114.0000 len=63610, genomic=True, dna=True
11:37:11.837 - INFO - FASTA - imported: id=k141_46, length=3791, description=flag=0 multi=115.3068 len=3791, genomic=True, dna=True
11:37:11.899 - INFO - FASTA - imported: id=k141_20, length=78275, description=flag=1 multi=103.9521 len=78275, genomic=True, dna=True
11:37:11.906 - INFO - FASTA - imported: id=k141_47, length=62702, description=flag=1 multi=78.9589 len=62702, genomic=True, dna=True
11:37:11.907 - INFO - FASTA - imported: id=k141_48, length=1121, description=flag=1 multi=26.4010 len=1121, genomic=True, dna=True
11:37:11.910 - INFO - FASTA - imported: id=k141_21, length=28465, description=flag=0 multi=103.9200 len=28465, genomic=True, dna=True
11:37:11.938 - INFO - FASTA - imported: id=k141_49, length=25317, description=flag=0 multi=719.9048 len=25317, genomic=True, dna=True
11:37:11.940 - INFO - FASTA - imported: id=k141_50, length=1993, description=flag=0 multi=593.2975 len=1993, genomic=True, dna=True
11:37:11.972 - INFO - FASTA - imported: id=k141_51, length=4836, description=flag=0 multi=108.9753 len=4836, genomic=True, dna=True
11:37:11.975 - INFO - FASTA - imported: id=k141_22, length=38989, description=flag=1 multi=103.1794 len=38989, genomic=True, dna=True
11:37:11.978 - INFO - FASTA - imported: id=k141_52, length=42711, description=flag=0 multi=106.9452 len=42711, genomic=True, dna=True
11:37:11.982 - INFO - FASTA - imported: id=k141_23, length=99899, description=flag=0 multi=99.9563 len=99899, genomic=True, dna=True
11:37:11.983 - INFO - FASTA - imported: id=k141_24, length=571, description=flag=0 multi=733.0000 len=571, genomic=True, dna=True
11:37:11.983 - INFO - FASTA - imported: id=k141_25, length=355, description=flag=0 multi=27.9065 len=355, genomic=True, dna=True
11:37:11.983 - INFO - FASTA - imported: id=k141_26, length=415, description=flag=0 multi=28.6971 len=415, genomic=True, dna=True
11:37:12.109 - INFO - FASTA - imported: id=k141_53, length=83254, description=flag=0 multi=88.8412 len=83254, genomic=True, dna=True
11:37:12.170 - INFO - FASTA - imported: id=k141_27, length=33044, description=flag=1 multi=89.0000 len=33044, genomic=True, dna=True
11:37:12.196 - INFO - FASTA - imported: id=k141_28, length=6714, description=flag=0 multi=206.0000 len=6714, genomic=True, dna=True
11:37:12.231 - INFO - FASTA - imported: id=k141_29, length=19425, description=flag=1 multi=72.3556 len=19425, genomic=True, dna=True
11:37:12.236 - INFO - FASTA - imported: id=k141_54, length=76526, description=flag=0 multi=83.9761 len=76526, genomic=True, dna=True
11:37:12.238 - INFO - FASTA - imported: id=k141_30, length=53183, description=flag=0 multi=92.7936 len=53183, genomic=True, dna=True
11:37:12.238 - INFO - FASTA - imported: id=k141_31, length=754, description=flag=1 multi=44.6264 len=754, genomic=True, dna=True
11:37:12.278 - INFO - FASTA - imported: id=k141_55, length=386595, description=flag=0 multi=104.7160 len=386595, genomic=True, dna=True
11:37:12.279 - INFO - FASTA - imported: id=k141_56, length=36213, description=flag=1 multi=94.0000 len=36213, genomic=True, dna=True
11:37:12.279 - INFO - FASTA - imported: id=k141_57, length=1659, description=flag=0 multi=105.0000 len=1659, genomic=True, dna=True
11:37:12.322 - INFO - FASTA - imported: id=k141_58, length=256357, description=flag=1 multi=73.9342 len=256357, genomic=True, dna=True
11:37:12.322 - INFO - FASTA - imported: id=k141_59, length=3800, description=flag=0 multi=62.2501 len=3800, genomic=True, dna=True
11:37:12.322 - INFO - FASTA - imported: id=k141_60, length=877, description=flag=1 multi=35.6372 len=877, genomic=True, dna=True
11:37:12.326 - INFO - FASTA - imported: id=k141_61, length=139171, description=flag=1 multi=110.9865 len=139171, genomic=True, dna=True
11:37:12.388 - INFO - FASTA - imported: id=k141_62, length=79817, description=flag=1 multi=89.9966 len=79817, genomic=True, dna=True
11:37:12.389 - INFO - FASTA - imported: id=k141_63, length=592, description=flag=0 multi=13.3659 len=592, genomic=True, dna=True
11:37:12.390 - INFO - MAIN - imported sequences=62
11:37:12.391 - INFO - UTILS - qc: revised sequence: id=contig_1, orig-id=k141_0, type=contig, complete=False, topology=linear, name=, description='[organism=Staphylococcus] [gcode=11] [topology=linear]', orig-description='flag=0 multi=34.0828 len=431'
11:37:12.391 - INFO - UTILS - qc: revised sequence: id=contig_2, orig-id=k141_1, type=contig, complete=False, topology=linear, name=, description='[organism=Staphylococcus] [gcode=11] [topology=linear]', orig-description='flag=0 multi=36.2548 len=455'
11:37:12.391 - INFO - UTILS - qc: revised sequence: id=contig_3, orig-id=k141_32, type=contig, complete=False, topology=linear, name=, description='[organism=Staphylococcus] [gcode=11] [topology=linear]', orig-description='flag=0 multi=308.0000 len=3361'
11:37:12.392 - INFO - UTILS - qc: revised sequence: id=contig_4, orig-id=k141_2, type=contig, complete=False, topology=linear, name=, description='[organism=Staphylococcus] [gcode=11] [topology=linear]', orig-description='flag=1 multi=68.0000 len=1102'
11:37:12.392 - INFO - UTILS - qc: revised sequence: id=contig_5, orig-id=k141_3, type=contig, complete=False, topology=linear, name=, description='[organism=Staphylococcus] [gcode=11] [topology=linear]', orig-description='flag=1 multi=74.5772 len=1248'
11:37:12.392 - INFO - UTILS - qc: revised sequence: id=contig_6, orig-id=k141_4, type=contig, complete=False, topology=linear, name=, description='[organism=Staphylococcus] [gcode=11] [topology=linear]', orig-description='flag=0 multi=97.7843 len=20381'
11:37:12.392 - INFO - UTILS - qc: revised sequence: id=contig_7, orig-id=k141_33, type=contig, complete=False, topology=linear, name=, description='[organism=Staphylococcus] [gcode=11] [topology=linear]', orig-description='flag=1 multi=86.9644 len=53295'
11:37:12.392 - INFO - UTILS - qc: revised sequence: id=contig_8, orig-id=k141_5, type=contig, complete=False, topology=linear, name=, description='[organism=Staphylococcus] [gcode=11] [topology=linear]', orig-description='flag=1 multi=82.9238 len=46402'
11:37:12.393 - INFO - UTILS - qc: revised sequence: id=contig_9, orig-id=k141_6, type=contig, complete=False, topology=linear, name=, description='[organism=Staphylococcus] [gcode=11] [topology=linear]', orig-description='flag=1 multi=118.8304 len=15447'
11:37:12.393 - INFO - UTILS - qc: revised sequence: id=contig_10, orig-id=k141_34, type=contig, complete=False, topology=linear, name=, description='[organism=Staphylococcus] [gcode=11] [topology=linear]', orig-description='flag=0 multi=79.9508 len=70728'
11:37:12.393 - INFO - UTILS - qc: revised sequence: id=contig_11, orig-id=k141_35, type=contig, complete=False, topology=linear, name=, description='[organism=Staphylococcus] [gcode=11] [topology=linear]', orig-description='flag=0 multi=211.0000 len=600'
11:37:12.393 - INFO - UTILS - qc: revised sequence: id=contig_12, orig-id=k141_7, type=contig, complete=False, topology=linear, name=, description='[organism=Staphylococcus] [gcode=11] [topology=linear]', orig-description='flag=0 multi=110.9362 len=55616'
11:37:12.393 - INFO - UTILS - qc: revised sequence: id=contig_13, orig-id=k141_36, type=contig, complete=False, topology=linear, name=, description='[organism=Staphylococcus] [gcode=11] [topology=linear]', orig-description='flag=0 multi=83.0000 len=15159'
11:37:12.393 - INFO - UTILS - qc: revised sequence: id=contig_14, orig-id=k141_37, type=contig, complete=False, topology=linear, name=, description='[organism=Staphylococcus] [gcode=11] [topology=linear]', orig-description='flag=1 multi=3.0000 len=391'
11:37:12.394 - INFO - UTILS - qc: revised sequence: id=contig_15, orig-id=k141_38, type=contig, complete=False, topology=linear, name=, description='[organism=Staphylococcus] [gcode=11] [topology=linear]', orig-description='flag=0 multi=40.0168 len=676'
11:37:12.394 - INFO - UTILS - qc: revised sequence: id=contig_16, orig-id=k141_8, type=contig, complete=False, topology=linear, name=, description='[organism=Staphylococcus] [gcode=11] [topology=linear]', orig-description='flag=0 multi=82.9766 len=154272'
11:37:12.394 - INFO - UTILS - qc: revised sequence: id=contig_17, orig-id=k141_9, type=contig, complete=False, topology=linear, name=, description='[organism=Staphylococcus] [gcode=11] [topology=linear]', orig-description='flag=0 multi=34.1784 len=1066'
11:37:12.394 - INFO - UTILS - qc: revised sequence: id=contig_18, orig-id=k141_39, type=contig, complete=False, topology=linear, name=, description='[organism=Staphylococcus] [gcode=11] [topology=linear]', orig-description='flag=0 multi=77.8879 len=158744'
11:37:12.394 - INFO - UTILS - qc: revised sequence: id=contig_19, orig-id=k141_40, type=contig, complete=False, topology=linear, name=, description='[organism=Staphylococcus] [gcode=11] [topology=linear]', orig-description='flag=0 multi=118.5687 len=12180'
11:37:12.394 - INFO - UTILS - qc: revised sequence: id=contig_20, orig-id=k141_10, type=contig, complete=False, topology=linear, name=, description='[organism=Staphylococcus] [gcode=11] [topology=linear]', orig-description='flag=0 multi=112.9286 len=34728'
11:37:12.394 - INFO - UTILS - qc: revised sequence: id=contig_21, orig-id=k141_11, type=contig, complete=False, topology=linear, name=, description='[organism=Staphylococcus] [gcode=11] [topology=linear]', orig-description='flag=1 multi=85.0000 len=3915'
11:37:12.394 - INFO - UTILS - qc: revised sequence: id=contig_22, orig-id=k141_13, type=contig, complete=False, topology=linear, name=, description='[organism=Staphylococcus] [gcode=11] [topology=linear]', orig-description='flag=0 multi=120.9241 len=34903'
11:37:12.394 - INFO - UTILS - qc: revised sequence: id=contig_23, orig-id=k141_41, type=contig, complete=False, topology=linear, name=, description='[organism=Staphylococcus] [gcode=11] [topology=linear]', orig-description='flag=0 multi=97.9499 len=151278'
11:37:12.395 - INFO - UTILS - qc: revised sequence: id=contig_24, orig-id=k141_42, type=contig, complete=False, topology=linear, name=, description='[organism=Staphylococcus] [gcode=11] [topology=linear]', orig-description='flag=0 multi=95.8279 len=52090'
11:37:12.395 - INFO - UTILS - qc: revised sequence: id=contig_25, orig-id=k141_15, type=contig, complete=False, topology=linear, name=, description='[organism=Staphylococcus] [gcode=11] [topology=linear]', orig-description='flag=0 multi=103.6244 len=168290'
11:37:12.395 - INFO - UTILS - qc: revised sequence: id=contig_26, orig-id=k141_16, type=contig, complete=False, topology=linear, name=, description='[organism=Staphylococcus] [gcode=11] [topology=linear]', orig-description='flag=0 multi=100.9359 len=34479'
11:37:12.395 - INFO - UTILS - qc: revised sequence: id=contig_27, orig-id=k141_17, type=contig, complete=False, topology=linear, name=, description='[organism=Staphylococcus] [gcode=11] [topology=linear]', orig-description='flag=0 multi=84.0000 len=216'
11:37:12.395 - INFO - UTILS - qc: revised sequence: id=contig_28, orig-id=k141_43, type=contig, complete=False, topology=linear, name=, description='[organism=Staphylococcus] [gcode=11] [topology=linear]', orig-description='flag=1 multi=84.9822 len=99231'
11:37:12.395 - INFO - UTILS - qc: revised sequence: id=contig_29, orig-id=k141_44, type=contig, complete=False, topology=linear, name=, description='[organism=Staphylococcus] [gcode=11] [topology=linear]', orig-description='flag=0 multi=111.4093 len=3239'
11:37:12.395 - INFO - UTILS - qc: revised sequence: id=contig_30, orig-id=k141_18, type=contig, complete=False, topology=linear, name=, description='[organism=Staphylococcus] [gcode=11] [topology=linear]', orig-description='flag=0 multi=87.7411 len=73901'
11:37:12.395 - INFO - UTILS - qc: revised sequence: id=contig_31, orig-id=k141_19, type=contig, complete=False, topology=linear, name=, description='[organism=Staphylococcus] [gcode=11] [topology=linear]', orig-description='flag=1 multi=96.0000 len=3621'
11:37:12.396 - INFO - UTILS - qc: revised sequence: id=contig_32, orig-id=k141_45, type=contig, complete=False, topology=linear, name=, description='[organism=Staphylococcus] [gcode=11] [topology=linear]', orig-description='flag=0 multi=114.0000 len=63610'
11:37:12.396 - INFO - UTILS - qc: revised sequence: id=contig_33, orig-id=k141_46, type=contig, complete=False, topology=linear, name=, description='[organism=Staphylococcus] [gcode=11] [topology=linear]', orig-description='flag=0 multi=115.3068 len=3791'
11:37:12.396 - INFO - UTILS - qc: revised sequence: id=contig_34, orig-id=k141_20, type=contig, complete=False, topology=linear, name=, description='[organism=Staphylococcus] [gcode=11] [topology=linear]', orig-description='flag=1 multi=103.9521 len=78275'
11:37:12.396 - INFO - UTILS - qc: revised sequence: id=contig_35, orig-id=k141_47, type=contig, complete=False, topology=linear, name=, description='[organism=Staphylococcus] [gcode=11] [topology=linear]', orig-description='flag=1 multi=78.9589 len=62702'
11:37:12.396 - INFO - UTILS - qc: revised sequence: id=contig_36, orig-id=k141_48, type=contig, complete=False, topology=linear, name=, description='[organism=Staphylococcus] [gcode=11] [topology=linear]', orig-description='flag=1 multi=26.4010 len=1121'
11:37:12.396 - INFO - UTILS - qc: revised sequence: id=contig_37, orig-id=k141_21, type=contig, complete=False, topology=linear, name=, description='[organism=Staphylococcus] [gcode=11] [topology=linear]', orig-description='flag=0 multi=103.9200 len=28465'
11:37:12.396 - INFO - UTILS - qc: revised sequence: id=contig_38, orig-id=k141_49, type=contig, complete=False, topology=linear, name=, description='[organism=Staphylococcus] [gcode=11] [topology=linear]', orig-description='flag=0 multi=719.9048 len=25317'
11:37:12.396 - INFO - UTILS - qc: revised sequence: id=contig_39, orig-id=k141_50, type=contig, complete=False, topology=linear, name=, description='[organism=Staphylococcus] [gcode=11] [topology=linear]', orig-description='flag=0 multi=593.2975 len=1993'
11:37:12.396 - INFO - UTILS - qc: revised sequence: id=contig_40, orig-id=k141_51, type=contig, complete=False, topology=linear, name=, description='[organism=Staphylococcus] [gcode=11] [topology=linear]', orig-description='flag=0 multi=108.9753 len=4836'
11:37:12.397 - INFO - UTILS - qc: revised sequence: id=contig_41, orig-id=k141_22, type=contig, complete=False, topology=linear, name=, description='[organism=Staphylococcus] [gcode=11] [topology=linear]', orig-description='flag=1 multi=103.1794 len=38989'
11:37:12.397 - INFO - UTILS - qc: revised sequence: id=contig_42, orig-id=k141_52, type=contig, complete=False, topology=linear, name=, description='[organism=Staphylococcus] [gcode=11] [topology=linear]', orig-description='flag=0 multi=106.9452 len=42711'
11:37:12.397 - INFO - UTILS - qc: revised sequence: id=contig_43, orig-id=k141_23, type=contig, complete=False, topology=linear, name=, description='[organism=Staphylococcus] [gcode=11] [topology=linear]', orig-description='flag=0 multi=99.9563 len=99899'
11:37:12.397 - INFO - UTILS - qc: revised sequence: id=contig_44, orig-id=k141_24, type=contig, complete=False, topology=linear, name=, description='[organism=Staphylococcus] [gcode=11] [topology=linear]', orig-description='flag=0 multi=733.0000 len=571'
11:37:12.397 - INFO - UTILS - qc: revised sequence: id=contig_45, orig-id=k141_25, type=contig, complete=False, topology=linear, name=, description='[organism=Staphylococcus] [gcode=11] [topology=linear]', orig-description='flag=0 multi=27.9065 len=355'
11:37:12.397 - INFO - UTILS - qc: revised sequence: id=contig_46, orig-id=k141_26, type=contig, complete=False, topology=linear, name=, description='[organism=Staphylococcus] [gcode=11] [topology=linear]', orig-description='flag=0 multi=28.6971 len=415'
11:37:12.398 - INFO - UTILS - qc: revised sequence: id=contig_47, orig-id=k141_53, type=contig, complete=False, topology=linear, name=, description='[organism=Staphylococcus] [gcode=11] [topology=linear]', orig-description='flag=0 multi=88.8412 len=83254'
11:37:12.398 - INFO - UTILS - qc: revised sequence: id=contig_48, orig-id=k141_27, type=contig, complete=False, topology=linear, name=, description='[organism=Staphylococcus] [gcode=11] [topology=linear]', orig-description='flag=1 multi=89.0000 len=33044'
11:37:12.398 - INFO - UTILS - qc: revised sequence: id=contig_49, orig-id=k141_28, type=contig, complete=False, topology=linear, name=, description='[organism=Staphylococcus] [gcode=11] [topology=linear]', orig-description='flag=0 multi=206.0000 len=6714'
11:37:12.398 - INFO - UTILS - qc: revised sequence: id=contig_50, orig-id=k141_29, type=contig, complete=False, topology=linear, name=, description='[organism=Staphylococcus] [gcode=11] [topology=linear]', orig-description='flag=1 multi=72.3556 len=19425'
11:37:12.398 - INFO - UTILS - qc: revised sequence: id=contig_51, orig-id=k141_54, type=contig, complete=False, topology=linear, name=, description='[organism=Staphylococcus] [gcode=11] [topology=linear]', orig-description='flag=0 multi=83.9761 len=76526'
11:37:12.398 - INFO - UTILS - qc: revised sequence: id=contig_52, orig-id=k141_30, type=contig, complete=False, topology=linear, name=, description='[organism=Staphylococcus] [gcode=11] [topology=linear]', orig-description='flag=0 multi=92.7936 len=53183'
11:37:12.398 - INFO - UTILS - qc: revised sequence: id=contig_53, orig-id=k141_31, type=contig, complete=False, topology=linear, name=, description='[organism=Staphylococcus] [gcode=11] [topology=linear]', orig-description='flag=1 multi=44.6264 len=754'
11:37:12.398 - INFO - UTILS - qc: revised sequence: id=contig_54, orig-id=k141_55, type=contig, complete=False, topology=linear, name=, description='[organism=Staphylococcus] [gcode=11] [topology=linear]', orig-description='flag=0 multi=104.7160 len=386595'
11:37:12.399 - INFO - UTILS - qc: revised sequence: id=contig_55, orig-id=k141_56, type=contig, complete=False, topology=linear, name=, description='[organism=Staphylococcus] [gcode=11] [topology=linear]', orig-description='flag=1 multi=94.0000 len=36213'
11:37:12.399 - INFO - UTILS - qc: revised sequence: id=contig_56, orig-id=k141_57, type=contig, complete=False, topology=linear, name=, description='[organism=Staphylococcus] [gcode=11] [topology=linear]', orig-description='flag=0 multi=105.0000 len=1659'
11:37:12.399 - INFO - UTILS - qc: revised sequence: id=contig_57, orig-id=k141_58, type=contig, complete=False, topology=linear, name=, description='[organism=Staphylococcus] [gcode=11] [topology=linear]', orig-description='flag=1 multi=73.9342 len=256357'
11:37:12.399 - INFO - UTILS - qc: revised sequence: id=contig_58, orig-id=k141_59, type=contig, complete=False, topology=linear, name=, description='[organism=Staphylococcus] [gcode=11] [topology=linear]', orig-description='flag=0 multi=62.2501 len=3800'
11:37:12.399 - INFO - UTILS - qc: revised sequence: id=contig_59, orig-id=k141_60, type=contig, complete=False, topology=linear, name=, description='[organism=Staphylococcus] [gcode=11] [topology=linear]', orig-description='flag=1 multi=35.6372 len=877'
11:37:12.399 - INFO - UTILS - qc: revised sequence: id=contig_60, orig-id=k141_61, type=contig, complete=False, topology=linear, name=, description='[organism=Staphylococcus] [gcode=11] [topology=linear]', orig-description='flag=1 multi=110.9865 len=139171'
11:37:12.399 - INFO - UTILS - qc: revised sequence: id=contig_61, orig-id=k141_62, type=contig, complete=False, topology=linear, name=, description='[organism=Staphylococcus] [gcode=11] [topology=linear]', orig-description='flag=1 multi=89.9966 len=79817'
11:37:12.399 - INFO - UTILS - qc: revised sequence: id=contig_62, orig-id=k141_63, type=contig, complete=False, topology=linear, name=, description='[organism=Staphylococcus] [gcode=11] [topology=linear]', orig-description='flag=0 multi=13.3659 len=592'
11:37:12.399 - INFO - FASTA - write genome sequences: path=/tmp/tmpj6l07wn0/sequences.fna, description=False, wrap=False
11:37:22.177 - INFO - T_RNA - seq=contig_6, start=20008, stop=20090, strand=+, gene=trnL, product=tRNA-Leu(gag), score=59.6, nt=[GCGGTCGTGG..CTCGGCCGCA]
11:37:22.178 - INFO - T_RNA - seq=contig_6, start=20112, stop=20185, strand=+, gene=trnG, product=tRNA-Gly(tcc), score=79.0, nt=[GCGGGTGTAG..ACCCGCTCCA]
11:37:22.178 - INFO - T_RNA - seq=contig_7, start=32232, stop=32305, strand=+, gene=trnfM, product=tRNA-fMet(cat), score=65.1, nt=[CGCGGGATGG..CCTCCCGCAA]
11:37:22.178 - INFO - T_RNA - seq=contig_7, start=32327, stop=32402, strand=+, gene=trnD, product=tRNA-Asp(gtc), score=81.1, nt=[GGTCTCGTAG..GAGACCGCCA]
11:37:22.178 - INFO - T_RNA - seq=contig_7, start=32419, stop=32491, strand=+, gene=trnF, product=tRNA-Phe(gaa), score=69.3, nt=[GGTTCAGTAG..TCCTGAACCA]
11:37:22.178 - INFO - T_RNA - seq=contig_7, start=32505, stop=32580, strand=+, gene=trnH, product=tRNA-His(gtg), score=65.8, nt=[GCGGTTGTGG..AGCCGCCCCA]
11:37:22.179 - INFO - T_RNA - seq=contig_7, start=32596, stop=32669, strand=+, gene=trnG, product=tRNA-Gly(tcc), score=79.0, nt=[GCGGGTGTAG..ACCCGCTCCA]
11:37:22.179 - INFO - T_RNA - seq=contig_7, start=32687, stop=32761, strand=+, gene=trnN, product=tRNA-Asn(gtt), score=80.0, nt=[TCCACAGTAG..TGTGGAGCCA]
11:37:22.179 - INFO - T_RNA - seq=contig_7, start=32763, stop=32834, strand=+, gene=trnE, product=tRNA-Glu(ttc), score=69.8, nt=[GGCTCCTTGG..GTAGGAGTCA]
11:37:22.179 - INFO - T_RNA - seq=contig_7, start=32889, stop=32977, strand=+, gene=trnS, product=tRNA-Ser(gga), score=69.7, nt=[GGAGAGTTGT..TCACTCTCCG]
11:37:22.180 - INFO - T_RNA - seq=contig_15, start=147, stop=223, strand=+, gene=trnI, product=tRNA-Ile(gat), score=87.9, nt=[GGGCCTATAG..AGGCCCACCA]
11:37:22.180 - INFO - T_RNA - seq=contig_15, start=242, stop=317, strand=+, gene=trnA, product=tRNA-Ala(tgc), score=77.5, nt=[GGGGGCTTAG..GTCTCCACCA]
11:37:22.180 - INFO - T_RNA - seq=contig_15, start=339, stop=412, strand=+, gene=trnM, product=tRNA-Met(cat), score=71.4, nt=[GGCGGTGTAG..TCCACCGCCA]
11:37:22.180 - INFO - T_RNA - seq=contig_15, start=441, stop=514, strand=+, gene=trnI, product=tRNA-Ile2(cat), score=78.6, nt=[GGACCTTTAG..GCAAGGTCCA]
11:37:22.181 - INFO - T_RNA - seq=contig_15, start=524, stop=613, strand=+, gene=trnS, product=tRNA-Ser(tga), score=70.9, nt=[GGAGGAATAC..TCTTCCTCCG]
11:37:22.181 - INFO - T_RNA - seq=contig_23, start=3616, stop=3687, strand=+, gene=trnR, product=tRNA-Arg(ccg), score=44.7, nt=[CTCCTTGTGG..TTCAAGGAGG]
11:37:22.181 - INFO - T_RNA - seq=contig_26, start=41, stop=116, strand=+, gene=trnV, product=tRNA-Val(tac), score=87.0, nt=[GGAGAATTAG..TTCTCCACCA]
11:37:22.181 - INFO - T_RNA - seq=contig_26, start=146, stop=229, strand=+, gene=trnY, product=tRNA-Tyr(gta), score=76.2, nt=[GGAGGGGTAG..CCCTCCACCA]
11:37:22.181 - INFO - T_RNA - seq=contig_26, start=239, stop=313, strand=+, gene=trnQ, product=tRNA-Gln(ttg), score=73.3, nt=[TGGGCTATAG..AGCCCAGCCA]
11:37:22.181 - INFO - T_RNA - seq=contig_26, start=317, stop=389, strand=+, gene=trnK, product=tRNA-Lys(ttt), score=84.1, nt=[GAGCCATTAG..CTATGGCTCA]
11:37:22.181 - INFO - T_RNA - seq=contig_28, start=61447, stop=61521, strand=-, gene=trnN, product=tRNA-Asn(gtt), score=80.0, nt=[TCCACAGTAG..TGTGGAGCCA]
11:37:22.181 - INFO - T_RNA - seq=contig_28, start=61356, stop=61444, strand=-, gene=trnS, product=tRNA-Ser(gct), score=74.3, nt=[GGAAACGTAC..TCCGTTTCCG]
11:37:22.181 - INFO - T_RNA - seq=contig_34, start=9191, stop=9283, strand=-, gene=trnS, product=tRNA-Ser(tga), score=77.8, nt=[GGAGGAATAC..TCCTCCGCCA]
11:37:22.182 - INFO - T_RNA - seq=contig_36, start=51, stop=123, strand=+, gene=trnF, product=tRNA-Phe(gaa), score=69.3, nt=[GGTTCAGTAG..TCCTGAACCA]
11:37:22.182 - INFO - T_RNA - seq=contig_36, start=131, stop=206, strand=+, gene=trnT, product=tRNA-Thr(tgt), score=83.5, nt=[GCCGGCCTAG..GCCGGCACCA]
11:37:22.182 - INFO - T_RNA - seq=contig_36, start=212, stop=292, strand=+, gene=trnY, product=tRNA-Tyr(gta), score=69.3, nt=[GGAGGGGTAG..CCCCCCTCCA]
11:37:22.182 - INFO - T_RNA - seq=contig_36, start=308, stop=381, strand=+, gene=trnW, product=tRNA-Trp(cca), score=74.6, nt=[AGGGGCATAG..GCCCCTGCCA]
11:37:22.182 - INFO - T_RNA - seq=contig_36, start=384, stop=456, strand=+, gene=trnH, product=tRNA-His(gtg), score=63.2, nt=[GCGGCTGTGG..TTCAGCCGCC]
11:37:22.182 - INFO - T_RNA - seq=contig_36, start=468, stop=539, strand=+, gene=trnQ, product=tRNA-Gln(ttg), score=66.5, nt=[TGGGCTATAG..GCTAGCCCAG]
11:37:22.182 - INFO - T_RNA - seq=contig_36, start=545, stop=618, strand=+, gene=trnC, product=tRNA-Cys(gca), score=78.6, nt=[GGCGGCATAG..GCCGCCTCCA]
11:37:22.183 - INFO - T_RNA - seq=contig_36, start=626, stop=700, strand=+, gene=trnG, product=tRNA-Gly(tcc), score=42.1, nt=[GCGGGAGTAG..TTCCGCTCCA]
11:37:22.183 - INFO - T_RNA - seq=contig_36, start=716, stop=790, strand=+, gene=trnG, product=tRNA-Gly(tcc), score=27.7, nt=[GCGGGAGTAT..TTCCGCTCCA]
11:37:22.183 - INFO - T_RNA - seq=contig_36, start=829, stop=912, strand=+, gene=trnL, product=tRNA-Leu(caa), score=61.4, nt=[GCCGGTGTGG..ACCACCGGTA]
11:37:22.183 - INFO - T_RNA - seq=contig_41, start=38093, stop=38168, strand=+, gene=trnV, product=tRNA-Val(tac), score=87.0, nt=[GGAGAATTAG..TTCTCCACCA]
11:37:22.183 - INFO - T_RNA - seq=contig_41, start=38185, stop=38260, strand=+, gene=trnT, product=tRNA-Thr(tgt), score=83.5, nt=[GCCGGCCTAG..GCCGGCACCA]
11:37:22.183 - INFO - T_RNA - seq=contig_41, start=38267, stop=38339, strand=+, gene=trnK, product=tRNA-Lys(ttt), score=83.1, nt=[GAGCCATTAG..CTATGGCTCA]
11:37:22.183 - INFO - T_RNA - seq=contig_41, start=38373, stop=38447, strand=+, gene=trnG, product=tRNA-Gly(gcc), score=85.6, nt=[GCAGAAGTAG..TTCTGCTCCA]
11:37:22.183 - INFO - T_RNA - seq=contig_41, start=38458, stop=38546, strand=+, gene=trnL, product=tRNA-Leu(taa), score=74.6, nt=[GCCGGGGTGG..CTCGGCACCA]
11:37:22.183 - INFO - T_RNA - seq=contig_41, start=38565, stop=38641, strand=+, gene=trnR, product=tRNA-Arg(acg), score=76.7, nt=[GCGCCCGTAG..GGGCGCGCCA]
11:37:22.183 - INFO - T_RNA - seq=contig_41, start=38662, stop=38735, strand=+, gene=trnP, product=tRNA-Pro(tgg), score=79.9, nt=[CGGGAAGTAG..GTCTTCCCGA]
11:37:22.183 - INFO - T_RNA - seq=contig_41, start=38759, stop=38834, strand=+, gene=trnA, product=tRNA-Ala(tgc), score=77.5, nt=[GGGGGCTTAG..GTCTCCACCA]
11:37:22.184 - INFO - T_RNA - seq=contig_42, start=12281, stop=12355, strand=-, gene=trnE, product=tRNA-Glu(ttc), score=76.7, nt=[GGCTCCTTGG..GGAGTCACCA]
11:37:22.184 - INFO - T_RNA - seq=contig_42, start=12201, stop=12273, strand=-, gene=trnD, product=tRNA-Asp(gtc), score=74.2, nt=[GGTCTCGTAG..GTCGAGACCG]
11:37:22.184 - INFO - T_RNA - seq=contig_57, start=11855, stop=11928, strand=-, gene=trnR, product=tRNA-Arg(tct), score=76.5, nt=[GTCCTGGTAG..TCCCAGGACG]
11:37:22.184 - INFO - T_RNA - predicted=44
11:37:22.554 - INFO - TM_RNA - seq=contig_48, start=12746, stop=13104, strand=+, gene=ssrA, product=transfer-messenger RNA, SsrA, nt=[GGGGACGTTC..GCCGTCTCCA]
11:37:22.555 - INFO - TM_RNA - predicted=1
11:37:37.043 - INFO - R_RNA - seq=contig_3, start=3, stop=117, strand=-, gene=rrf, product=5S ribosomal RNA, length=115, coverage=0.966, truncated=None, score=87.9, evalue=1.1e-14, nt=[TCTGGTGACT..GTTGCCAGGC]
11:37:37.043 - INFO - R_RNA - seq=contig_3, start=190, stop=3112, strand=-, gene=rrl, product=23S ribosomal RNA, length=2923, coverage=0.999, truncated=None, score=3001.2, evalue=1.4e-06, nt=[GATTAAGTTA..ACTTAATCAA]
11:37:37.043 - INFO - R_RNA - seq=contig_24, start=25, stop=139, strand=+, gene=rrf, product=5S ribosomal RNA, length=115, coverage=0.966, truncated=None, score=87.9, evalue=1.1e-14, nt=[TCTGGTGACT..GTTGCCAGGC]
11:37:37.044 - INFO - R_RNA - seq=contig_30, start=25, stop=139, strand=+, gene=rrf, product=5S ribosomal RNA, length=115, coverage=0.966, truncated=None, score=87.9, evalue=1.1e-14, nt=[TCTGGTGACT..GTTGCCAGGC]
11:37:37.044 - INFO - R_RNA - seq=contig_41, start=37966, stop=38080, strand=+, gene=rrf, product=5S ribosomal RNA, length=115, coverage=0.966, truncated=None, score=86.3, evalue=2.1e-14, nt=[TCTGGTGGCT..GTTGCCAGGC]
11:37:37.044 - INFO - R_RNA - seq=contig_41, start=90, stop=204, strand=+, gene=rrf, product=5S ribosomal RNA, length=115, coverage=0.966, truncated=None, score=82.2, evalue=1.2e-13, nt=[TCTGGTGACT..GTTGCTAGAC]
11:37:37.044 - INFO - R_RNA - seq=contig_56, start=64, stop=1615, strand=+, gene=rrs, product=16S ribosomal RNA, length=1552, coverage=1.012, truncated=None, score=1629.0, evalue=1.5e-49, nt=[TTTATGGAGA..CACCTCCTTT]
11:37:37.045 - INFO - R_RNA - predicted=7
11:39:32.926 - INFO - NC_RNA - seq=contig_7, start=42999, stop=43148, strand=+, gene=sprC, product=Small pathogenicity island RNA C (srn_3610), length=150, truncated=None, score=176.9, evalue=2.2e-26, nt=[AATAAGTCAA..GAAATCATGG]
11:39:32.926 - INFO - NC_RNA - seq=contig_7, start=32157, stop=32251, strand=+, gene=S774, product=Staphylococcus sRNA 774, length=95, truncated=None, score=96.4, evalue=1.8e-13, nt=[AATTAAATTA..AGCAGTTCGG]
11:39:32.927 - INFO - NC_RNA - seq=contig_7, start=27, stop=84, strand=+, gene=sau-5949, product=Staphylococcus sRNA sau-5949, length=58, truncated=None, score=81.9, evalue=3.3e-12, nt=[TTGTCTCCTT..GCGCTTTTTG]
11:39:32.927 - INFO - NC_RNA - seq=contig_10, start=27, stop=84, strand=+, gene=sau-5949, product=Staphylococcus sRNA sau-5949, length=58, truncated=None, score=81.9, evalue=3.3e-12, nt=[TTGTCTCCTT..GCGCTTTTTG]
11:39:32.928 - INFO - NC_RNA - seq=contig_16, start=65800, stop=66046, strand=-, gene=S35, product=Staphylococcus sRNA 35 (srn_0335), length=247, truncated=None, score=184.1, evalue=5.0e-25, nt=[TCATGCATAA..GTTAATTTAT]
11:39:32.928 - INFO - NC_RNA - seq=contig_16, start=51240, stop=51490, strand=+, gene=S35, product=Staphylococcus sRNA 35 (srn_0335), length=251, truncated=None, score=162.3, evalue=4.4e-22, nt=[GAAATACTAA..ATTGATTTAT]
11:39:32.928 - INFO - NC_RNA - seq=contig_16, start=23855, stop=24045, strand=+, gene=6S, product=6S / SsrS RNA, length=191, truncated=None, score=90.2, evalue=1.7e-16, nt=[AGTCATCTGA..CGGACTCTAT]
11:39:32.929 - INFO - NC_RNA - seq=contig_16, start=31316, stop=31532, strand=-, gene=S35, product=Staphylococcus sRNA 35 (srn_0335), length=217, truncated=None, score=85.5, evalue=1.0e-11, nt=[TGTTGAAATT..CATGAATTAT]
11:39:32.929 - INFO - NC_RNA - seq=contig_18, start=132713, stop=132893, strand=-, gene=tsr25, product=S. aureus tsr25 small RNA, length=181, truncated=None, score=230.8, evalue=3.3e-37, nt=[TAATAGTAGT..TACTGCTTTT]
11:39:32.930 - INFO - NC_RNA - seq=contig_18, start=73738, stop=74117, strand=+, gene=RNaseP_bact_b, product=Bacterial RNase P class B, length=380, truncated=None, score=304.2, evalue=1.2e-35, nt=[TATTTTGGGT..GCTTATAGAA]
11:39:32.930 - INFO - NC_RNA - seq=contig_18, start=120401, stop=120667, strand=-, gene=S35, product=Staphylococcus sRNA 35 (srn_0335), length=267, truncated=None, score=230.4, evalue=2.8e-31, nt=[ATAAGTTTTA..ATTGATTTAT]
11:39:32.930 - INFO - NC_RNA - seq=contig_18, start=32015, stop=32165, strand=+, gene=sprX, product=Small pathogenicity island RNA X, length=151, truncated=None, score=174.7, evalue=7.9e-29, nt=[ACACATGCAT..GGTGCTTTTT]
11:39:32.930 - INFO - NC_RNA - seq=contig_18, start=131526, stop=131700, strand=-, gene=S414, product=Staphylococcus sRNA 414, length=175, truncated=None, score=189.0, evalue=5.0e-25, nt=[ATTTTTTAAC..ATTGATAACC]
11:39:32.931 - INFO - NC_RNA - seq=contig_19, start=5267, stop=5409, strand=+, gene=psm_mec_RNA, product=psm_mec locus RNA, length=143, truncated=None, score=178.6, evalue=3.2e-27, nt=[ATCTTAAATA..TGATTGTTTC]
11:39:32.931 - INFO - NC_RNA - seq=contig_22, start=28721, stop=28935, strand=+, gene=S35, product=Staphylococcus sRNA 35 (srn_0335), length=215, truncated=None, score=130.3, evalue=9.1e-18, nt=[TTTTTCTATC..ATTGATTTAT]
11:39:32.931 - INFO - NC_RNA - seq=contig_22, start=9166, stop=9263, strand=+, gene=rli23, product=Listeria snRNA rli23, length=98, truncated=None, score=103.1, evalue=3.4e-16, nt=[TATTACAATA..TTATCGGCAG]
11:39:32.931 - INFO - NC_RNA - seq=contig_23, start=150478, stop=150917, strand=+, gene=rsaC, product=RNA Staph. aureus C, length=440, truncated=None, score=558.8, evalue=6.7e-65, nt=[CATCTCTTTT..GCTATTTTTT]
11:39:32.931 - INFO - NC_RNA - seq=contig_23, start=134781, stop=134957, strand=+, gene=rsaD, product=RNA Staph. aureus D, length=177, truncated=None, score=206.5, evalue=7.6e-29, nt=[GTCTGCTATA..CTTGGTTTTT]
11:39:32.931 - INFO - NC_RNA - seq=contig_23, start=7094, stop=7346, strand=-, gene=S35, product=Staphylococcus sRNA 35 (srn_0335), length=253, truncated=None, score=170.3, evalue=3.6e-23, nt=[GAAATACTAA..ATTGATTTAT]
11:39:32.932 - INFO - NC_RNA - seq=contig_23, start=54491, stop=54702, strand=-, gene=S35, product=Staphylococcus sRNA 35 (srn_0335), length=212, truncated=None, score=165.8, evalue=1.4e-22, nt=[TACGAATAGT..ATTGATTTAT]
11:39:32.932 - INFO - NC_RNA - seq=contig_23, start=1425, stop=1548, strand=-, gene=rsaH, product=RNA Staph. aureus H, length=124, truncated=None, score=135.1, evalue=5.4e-21, nt=[GTACCTTCGA..GGTCGTTTTT]
11:39:32.932 - INFO - NC_RNA - seq=contig_23, start=66905, stop=66984, strand=+, gene=sau-66, product=Staphylococcus sRNA sau-66, length=80, truncated=None, score=113.3, evalue=2.1e-19, nt=[GCGTATACAA..CAGATAGCAA]
11:39:32.932 - INFO - NC_RNA - seq=contig_23, start=53295, stop=53517, strand=+, gene=S35, product=Staphylococcus sRNA 35 (srn_0335), length=223, truncated=None, score=136.0, evalue=1.5e-18, nt=[ACTTAAAAAT..ATTGATTTAT]
11:39:32.932 - INFO - NC_RNA - seq=contig_23, start=151139, stop=151196, strand=-, gene=sau-5949, product=Staphylococcus sRNA sau-5949, length=58, truncated=None, score=81.9, evalue=3.3e-12, nt=[TTGTCTCCTT..GCGCTTTTTG]
11:39:32.932 - INFO - NC_RNA - seq=contig_23, start=1, stop=225, strand=-, gene=S35, product=Staphylococcus sRNA 35 (srn_0335), length=225, truncated=3-prime, score=88.0, evalue=4.7e-12, nt=[TGAAATTTAT..GCTTCTGTGT]
11:39:32.932 - INFO - NC_RNA - seq=contig_23, start=12513, stop=12783, strand=-, gene=S35, product=Staphylococcus sRNA 35 (srn_0335), length=271, truncated=None, score=87.5, evalue=5.4e-12, nt=[AAGAAATACT..AATGATTGAT]
11:39:32.932 - INFO - NC_RNA - seq=contig_25, start=61314, stop=61441, strand=+, gene=sau-59, product=Staphylococcus sRNA sau-59, length=128, truncated=None, score=153.8, evalue=6.5e-23, nt=[TCGTCTTCTT..CTTGGAGTTG]
11:39:32.932 - INFO - NC_RNA - seq=contig_25, start=113058, stop=113302, strand=-, gene=S35, product=Staphylococcus sRNA 35 (srn_0335), length=245, truncated=None, score=91.8, evalue=1.4e-12, nt=[TTCGTAAATG..GTATCAGTCA]
11:39:32.933 - INFO - NC_RNA - seq=contig_26, start=23887, stop=24067, strand=+, gene=rli28, product=Listeria sRNA rli28, length=181, truncated=None, score=133.5, evalue=3.7e-17, nt=[GTGTGCATGT..AAGACCATAA]
11:39:32.933 - INFO - NC_RNA - seq=contig_28, start=34171, stop=34289, strand=+, gene=rsaF, product=RNA Staph. aureus F, length=119, truncated=None, score=139.6, evalue=5.3e-23, nt=[TTGTTTAGCG..GATTAATATA]
11:39:32.933 - INFO - NC_RNA - seq=contig_28, start=98680, stop=98937, strand=+, gene=S35, product=Staphylococcus sRNA 35 (srn_0335), length=258, truncated=None, score=117.4, evalue=5.0e-16, nt=[ATTAACTATG..AAAGTGAAAT]
11:39:32.933 - INFO - NC_RNA - seq=contig_28, start=34108, stop=34205, strand=+, gene=rsaE, product=RNA Staph. aureus E (RoxS), length=98, truncated=None, score=93.1, evalue=1.1e-15, nt=[ATGAAATTAA..CGACGTTTTT]
11:39:32.933 - INFO - NC_RNA - seq=contig_28, start=30, stop=87, strand=+, gene=sau-5949, product=Staphylococcus sRNA sau-5949, length=58, truncated=None, score=81.9, evalue=3.3e-12, nt=[TTGTCTCCTT..GCGCTTTTTG]
11:39:32.933 - INFO - NC_RNA - seq=contig_28, start=64879, stop=65062, strand=+, gene=rli28, product=Listeria sRNA rli28, length=184, truncated=None, score=60.2, evalue=5.8e-07, nt=[ATAAAAATAG..TTGGTATAGT]
11:39:32.933 - INFO - NC_RNA - seq=contig_30, start=29407, stop=29920, strand=+, gene=RNAIII, product=RNAIII, length=514, truncated=None, score=490.7, evalue=8.3e-57, nt=[AGATCACAGA..TCGCGGCCTT]
11:39:32.933 - INFO - NC_RNA - seq=contig_30, start=11160, stop=11364, strand=-, gene=rli60, product=Listeria sRNA rli60, length=205, truncated=None, score=134.7, evalue=1.3e-17, nt=[ATTTATCAAA..GACTTGTAAA]
11:39:32.934 - INFO - NC_RNA - seq=contig_30, start=54230, stop=54491, strand=-, gene=S35, product=Staphylococcus sRNA 35 (srn_0335), length=262, truncated=None, score=95.2, evalue=4.9e-13, nt=[TTTCATTGAT..AGTAACATTT]
11:39:32.934 - INFO - NC_RNA - seq=contig_32, start=35508, stop=35775, strand=-, gene=S35, product=Staphylococcus sRNA 35 (srn_0335), length=268, truncated=None, score=232.1, evalue=1.6e-31, nt=[GTCGTTTGTG..ATTGATTTAT]
11:39:32.934 - INFO - NC_RNA - seq=contig_32, start=50810, stop=51005, strand=-, gene=Teg49, product=Teg49 sRNA, length=196, truncated=None, score=229.3, evalue=2.5e-31, nt=[ACACATTGAA..TTCTCATTTT]
11:39:32.934 - INFO - NC_RNA - seq=contig_32, start=21036, stop=21174, strand=+, gene=rsaA, product=RNA Staph. aureus A, length=139, truncated=None, score=117.3, evalue=6.3e-17, nt=[AGTTAACCAT..AGTGTACTTT]
11:39:32.934 - INFO - NC_RNA - seq=contig_32, start=63552, stop=63609, strand=+, gene=sau-5949, product=Staphylococcus sRNA sau-5949, length=58, truncated=None, score=81.9, evalue=3.3e-12, nt=[TTGTCTCCTT..GCGCTTTTTG]
11:39:32.934 - INFO - NC_RNA - seq=contig_34, start=4507, stop=4776, strand=-, gene=Bacteria_large_SRP, product=Bacterial large signal recognition particle RNA, length=270, truncated=None, score=210.1, evalue=2.3e-31, nt=[CCGTGCTAGG..AGGTGCACGG]
11:39:32.934 - INFO - NC_RNA - seq=contig_34, start=36108, stop=36263, strand=+, gene=sau-41, product=Staphylococcus sRNA sau-41, length=156, truncated=None, score=203.0, evalue=7.8e-31, nt=[TTAAATCAAC..GCTTTGCTTT]
11:39:32.934 - INFO - NC_RNA - seq=contig_34, start=69141, stop=69238, strand=+, gene=sau-63, product=Staphylococcus sRNA sau-63, length=98, truncated=None, score=128.1, evalue=1.2e-23, nt=[ACAAATTCCC..TGGCCTCTTT]
11:39:32.935 - INFO - NC_RNA - seq=contig_34, start=4559, stop=4658, strand=-, gene=Bacteria_small_SRP, product=Bacterial small signal recognition particle RNA, length=100, truncated=None, score=69.1, evalue=9.6e-12, nt=[ATTTCGGTCC..CCGAGATTTA]
11:39:32.935 - INFO - NC_RNA - seq=contig_35, start=27133, stop=27387, strand=+, gene=S808, product=Staphylococcus sRNA 808, length=255, truncated=None, score=314.1, evalue=2.7e-45, nt=[CGGTCTATTG..TATCTTGTCC]
11:39:32.935 - INFO - NC_RNA - seq=contig_35, start=60636, stop=60882, strand=-, gene=S35, product=Staphylococcus sRNA 35 (srn_0335), length=247, truncated=None, score=109.0, evalue=6.7e-15, nt=[GCACATTTTT..ATGATAATTT]
11:39:32.935 - INFO - NC_RNA - seq=contig_35, start=62605, stop=62662, strand=-, gene=sau-5949, product=Staphylococcus sRNA sau-5949, length=58, truncated=None, score=81.9, evalue=3.3e-12, nt=[TTGTCTCCTT..GCGCTTTTTG]
11:39:32.935 - INFO - NC_RNA - seq=contig_37, start=4, stop=261, strand=-, gene=S35, product=Staphylococcus sRNA 35 (srn_0335), length=258, truncated=None, score=196.3, evalue=1.1e-26, nt=[ATGCTAATTG..CGTAGAGCAT]
11:39:32.935 - INFO - NC_RNA - seq=contig_37, start=1390, stop=1713, strand=-, gene=S35, product=Staphylococcus sRNA 35 (srn_0335), length=324, truncated=None, score=96.8, evalue=3.0e-13, nt=[TATTTTGGAA..TTTGATTAAT]
11:39:32.935 - INFO - NC_RNA - seq=contig_38, start=4645, stop=4867, strand=+, gene=refA1, product=Enterococcus sRNA A1, length=223, truncated=None, score=262.4, evalue=4.6e-37, nt=[AAATCGACAT..AAAGAAAAAG]
11:39:32.935 - INFO - NC_RNA - seq=contig_38, start=2883, stop=2983, strand=+, gene=fstAT, product=Fst antitoxin sRNA, length=101, truncated=None, score=88.4, evalue=1.1e-12, nt=[TGCAGTAGTG..ACAGCACAGC]
11:39:32.936 - INFO - NC_RNA - seq=contig_39, start=535, stop=627, strand=+, gene=fstAT, product=Fst antitoxin sRNA, length=93, truncated=None, score=106.8, evalue=6.8e-16, nt=[GGCAATAGTG..ATAATACAAC]
11:39:32.936 - INFO - NC_RNA - seq=contig_43, start=87686, stop=87850, strand=-, gene=sRNA_0030, product=Enterococcus sRNA 30, length=165, truncated=None, score=196.2, evalue=4.8e-30, nt=[GTCAATTTGA..GTGATAAAAG]
11:39:32.936 - INFO - NC_RNA - seq=contig_43, start=68268, stop=68363, strand=-, gene=sau-5971, product=Staphylococcus sRNA sau-5971, length=96, truncated=None, score=117.3, evalue=1.1e-20, nt=[GAGGAAAGAG..TTCTTTTTTT]
11:39:32.936 - INFO - NC_RNA - seq=contig_43, start=73498, stop=73601, strand=-, gene=sRNA71, product=Staphylococcus sRNA71 small RNA, length=104, truncated=None, score=96.2, evalue=5.5e-16, nt=[TGATGTGTTA..CCTTTTTTTA]
11:39:32.936 - INFO - NC_RNA - seq=contig_43, start=99760, stop=99817, strand=-, gene=sau-5949, product=Staphylococcus sRNA sau-5949, length=58, truncated=None, score=81.9, evalue=3.3e-12, nt=[TTGTCTCCTT..GCGCTTTTTG]
11:39:32.936 - INFO - NC_RNA - seq=contig_47, start=40196, stop=40433, strand=+, gene=tsr24, product=S. aureus tsr24 small RNA, length=238, truncated=None, score=298.5, evalue=2.3e-40, nt=[AAATTATAAG..AGAACAGCAG]
11:39:32.936 - INFO - NC_RNA - seq=contig_47, start=56673, stop=56823, strand=-, gene=sprX, product=Small pathogenicity island RNA X, length=151, truncated=None, score=195.8, evalue=1.6e-32, nt=[ACACATGCAT..GGTGCTTTTT]
11:39:32.936 - INFO - NC_RNA - seq=contig_47, start=40, stop=312, strand=+, gene=S35, product=Staphylococcus sRNA 35 (srn_0335), length=273, truncated=None, score=233.5, evalue=1.0e-31, nt=[ATGCTAATTG..ATTGATTTAT]
11:39:32.937 - INFO - NC_RNA - seq=contig_47, start=55065, stop=55206, strand=-, gene=sprD, product=Small pathogenicity island RNA D, length=142, truncated=None, score=170.5, evalue=8.1e-26, nt=[GGGCGTTTTC..GGTGCTTACC]
11:39:32.937 - INFO - NC_RNA - seq=contig_47, start=9397, stop=9717, strand=+, gene=S35, product=Staphylococcus sRNA 35 (srn_0335), length=321, truncated=None, score=153.6, evalue=6.5e-21, nt=[TGTTTCGTCT..TTGAATTTAT]
11:39:32.937 - INFO - NC_RNA - seq=contig_47, start=59063, stop=59241, strand=-, gene=rli28, product=Listeria sRNA rli28, length=179, truncated=None, score=96.0, evalue=6.1e-12, nt=[GTATATGTGC..TAGTAATCAA]
11:39:32.937 - INFO - NC_RNA - seq=contig_48, start=3, stop=278, strand=+, gene=S35, product=Staphylococcus sRNA 35 (srn_0335), length=276, truncated=None, score=108.3, evalue=8.4e-15, nt=[GGTGTTGGGG..ATTGTTTTAT]
11:39:32.937 - INFO - NC_RNA - seq=contig_50, start=15662, stop=15756, strand=-, gene=fstAT, product=Fst antitoxin sRNA, length=95, truncated=None, score=99.1, evalue=1.6e-14, nt=[TGCGGTAGTG..ATGGCACAGC]
11:39:32.937 - INFO - NC_RNA - seq=contig_51, start=15040, stop=15099, strand=+, gene=rsaB, product=RNA Staph. aureus A, length=60, truncated=None, score=94.8, evalue=1.0e-14, nt=[AATTATTAGT..TTATTAAAAT]
11:39:32.937 - INFO - NC_RNA - seq=contig_51, start=36384, stop=36442, strand=+, gene=sau-5949, product=Staphylococcus sRNA sau-5949, length=59, truncated=None, score=87.9, evalue=2.7e-13, nt=[TTATCTCCTT..GCGCTTTTTT]
11:39:32.937 - INFO - NC_RNA - seq=contig_52, start=9416, stop=9485, strand=+, gene=tsr31, product=S. aureus tsr31 small RNA, length=70, truncated=None, score=103.7, evalue=5.6e-16, nt=[TCCTTTAAAT..GAGCGTTTTT]
11:39:32.938 - INFO - NC_RNA - seq=contig_52, start=53111, stop=53168, strand=-, gene=sau-5949, product=Staphylococcus sRNA sau-5949, length=58, truncated=None, score=74.5, evalue=7.4e-11, nt=[TTGTCTCCGT..GCGCTTTTTG]
11:39:32.938 - INFO - NC_RNA - seq=contig_54, start=196167, stop=196599, strand=-, gene=Teg23, product=S. aureus Teg23 small RNA, length=433, truncated=None, score=505.0, evalue=8.6e-63, nt=[TTAGTGATGG..CACGCTCACA]
11:39:32.938 - INFO - NC_RNA - seq=contig_54, start=62853, stop=63139, strand=-, gene=rsaJ, product=RNA Staph. aureus A, length=287, truncated=None, score=349.8, evalue=6.1e-47, nt=[ATAACTATAA..GAGGGGATTT]
11:39:32.938 - INFO - NC_RNA - seq=contig_54, start=254634, stop=254825, strand=+, gene=sau-53, product=Staphylococcus sRNA sau-53, length=192, truncated=None, score=237.3, evalue=1.2e-35, nt=[CAGCCAGGAT..TACTAAGGGA]
11:39:32.938 - INFO - NC_RNA - seq=contig_54, start=234209, stop=234478, strand=-, gene=S35, product=Staphylococcus sRNA 35 (srn_0335), length=270, truncated=None, score=226.3, evalue=9.7e-31, nt=[TCCAAAACAA..ATTGATTTAT]
11:39:32.938 - INFO - NC_RNA - seq=contig_54, start=181938, stop=182081, strand=+, gene=RsaOG, product=RNA S.aureus Orsay G, length=144, truncated=None, score=175.7, evalue=7.0e-23, nt=[GTAACAGGGG..CGATTTTTTT]
11:39:32.938 - INFO - NC_RNA - seq=contig_54, start=4860, stop=4934, strand=-, gene=sau-19, product=Staphylococcus sRNA sau-19, length=75, truncated=None, score=105.2, evalue=4.5e-20, nt=[GTTCTTTAGA..CTTTTTTGTT]
11:39:32.938 - INFO - NC_RNA - seq=contig_54, start=357237, stop=357491, strand=-, gene=S35, product=Staphylococcus sRNA 35 (srn_0335), length=255, truncated=None, score=141.6, evalue=2.7e-19, nt=[TCACGGGATT..ATTAATTTAT]
11:39:32.938 - INFO - NC_RNA - seq=contig_54, start=201954, stop=202038, strand=+, gene=tsr33, product=S. aureus tsr33 small RNA, length=85, truncated=None, score=113.8, evalue=2.9e-17, nt=[GAAGTTATTT..AGACTAGCCA]
11:39:32.939 - INFO - NC_RNA - seq=contig_54, start=223439, stop=223671, strand=-, gene=S35, product=Staphylococcus sRNA 35 (srn_0335), length=233, truncated=None, score=107.5, evalue=1.1e-14, nt=[ATGTAGTGAT..ATATGACCGT]
11:39:32.939 - INFO - NC_RNA - seq=contig_54, start=58499, stop=58595, strand=-, gene=fstAT, product=Fst antitoxin sRNA, length=97, truncated=None, score=79.9, evalue=3.6e-11, nt=[TGCCATAGTG..ACAAGACAGC]
11:39:32.939 - INFO - NC_RNA - seq=contig_54, start=205963, stop=206265, strand=+, gene=5_ureB_sRNA, product=5' ureB small RNA, length=303, truncated=None, score=57.4, evalue=4.7e-09, nt=[CTAATGCGAC..TCTCTAATAG]
11:39:32.939 - INFO - NC_RNA - seq=contig_55, start=19592, stop=19858, strand=-, gene=S35, product=Staphylococcus sRNA 35 (srn_0335), length=267, truncated=None, score=263.4, evalue=9.8e-36, nt=[TAGATCAATC..ATTGATTTAT]
11:39:32.939 - INFO - NC_RNA - seq=contig_55, start=8, stop=65, strand=+, gene=sau-5949, product=Staphylococcus sRNA sau-5949, length=58, truncated=None, score=81.9, evalue=3.3e-12, nt=[TTGTCTCCTT..GCGCTTTTTG]
11:39:32.939 - INFO - NC_RNA - seq=contig_57, start=209553, stop=209804, strand=-, gene=S35, product=Staphylococcus sRNA 35 (srn_0335), length=252, truncated=None, score=165.2, evalue=1.7e-22, nt=[TGTCTGTAGA..ATTGATCTAT]
11:39:32.939 - INFO - NC_RNA - seq=contig_57, start=2250, stop=2567, strand=-, gene=S35, product=Staphylococcus sRNA 35 (srn_0335), length=318, truncated=None, score=156.7, evalue=2.5e-21, nt=[TATTTAAATG..ATTGATTTAT]
11:39:32.939 - INFO - NC_RNA - seq=contig_57, start=36371, stop=36589, strand=+, gene=tsr24, product=S. aureus tsr24 small RNA, length=219, truncated=None, score=134.1, evalue=6.8e-18, nt=[ATATCATTTT..TTTACAGTAA]
11:39:32.939 - INFO - NC_RNA - seq=contig_57, start=144475, stop=144565, strand=+, gene=sau-27, product=Staphylococcus sRNA sau-27, length=91, truncated=None, score=111.5, evalue=1.2e-17, nt=[TCACAAATTA..CAGTGGTTAT]
11:39:32.939 - INFO - NC_RNA - seq=contig_57, start=214073, stop=214321, strand=+, gene=S35, product=Staphylococcus sRNA 35 (srn_0335), length=249, truncated=None, score=84.7, evalue=1.3e-11, nt=[ATTTGCATAA..ATTGATTTAT]
11:39:32.940 - INFO - NC_RNA - seq=contig_60, start=2995, stop=3098, strand=+, gene=sau-13, product=Staphylococcus sRNA sau-13, length=104, truncated=None, score=122.3, evalue=1.1e-18, nt=[CCTGTAATAT..CACTTTGTTG]
11:39:32.940 - INFO - NC_RNA - seq=contig_60, start=95864, stop=95916, strand=-, gene=sau-6072, product=Staphylococcus sRNA sau-6072, length=53, truncated=None, score=86.5, evalue=1.4e-16, nt=[ACATGGAGTC..CGCTATTTTT]
11:39:32.940 - INFO - NC_RNA - seq=contig_60, start=121244, stop=121334, strand=+, gene=fstAT, product=Fst antitoxin sRNA, length=91, truncated=None, score=73.8, evalue=4.2e-10, nt=[CGCAATAGTG..TCAATACAAC]
11:39:32.940 - INFO - NC_RNA - seq=contig_61, start=1, stop=156, strand=-, gene=S35, product=Staphylococcus sRNA 35 (srn_0335), length=156, truncated=3-prime, score=142.0, evalue=2.4e-19, nt=[TGGATAGCTG..TTTCTTTTCG]
11:39:32.940 - INFO - NC_RNA - seq=contig_61, start=22117, stop=22182, strand=-, gene=sau-31, product=Staphylococcus sRNA sau-31, length=66, truncated=None, score=102.5, evalue=1.3e-17, nt=[GGTCGAAAAT..ATAACATGAT]
11:39:32.940 - INFO - NC_RNA - seq=contig_61, start=21077, stop=21140, strand=+, gene=sau-30, product=Staphylococcus sRNA sau-30, length=64, truncated=None, score=95.3, evalue=6.3e-16, nt=[CTCAACAAAC..TATGAACAGA]
11:39:32.940 - INFO - NC_RNA - predicted=93
11:40:01.835 - INFO - NC_RNA_REGION - seq=contig_10, start=47816, stop=47991, strand=+, label=Lysine, product=Lysine riboswitch aptamer, length=176, truncated=None, score=120.0, evalue=7.4e-18
11:40:01.835 - INFO - NC_RNA_REGION - seq=contig_10, start=64815, stop=65116, strand=+, label=T-box, product=T-box leader, length=302, truncated=None, score=103.1, evalue=4.2e-14
11:40:01.835 - INFO - NC_RNA_REGION - seq=contig_10, start=49704, stop=49829, strand=+, label=L20_leader, product=Ribosomal protein L20 leader, length=126, truncated=None, score=84.0, evalue=3.0e-12
11:40:01.836 - INFO - NC_RNA_REGION - seq=contig_16, start=35120, stop=35297, strand=+, label=T-box, product=T-box leader, length=178, truncated=None, score=96.3, evalue=4.1e-13
11:40:01.836 - INFO - NC_RNA_REGION - seq=contig_16, start=107610, stop=107707, strand=+, label=Glycine, product=Glycine riboswitch aptamer, length=98, truncated=None, score=70.3, evalue=7.2e-12
11:40:01.836 - INFO - NC_RNA_REGION - seq=contig_18, start=33972, stop=34106, strand=+, label=FMN, product=FMN riboswitch aptamer (RFN element), length=135, truncated=None, score=120.2, evalue=2.0e-20
11:40:01.836 - INFO - NC_RNA_REGION - seq=contig_18, start=158092, stop=158267, strand=-, label=Lysine, product=Lysine riboswitch aptamer, length=176, truncated=None, score=101.4, evalue=5.4e-15
11:40:01.837 - INFO - NC_RNA_REGION - seq=contig_24, start=22079, stop=22225, strand=+, label=L10_leader, product=Ribosomal protein L10 leader, length=147, truncated=None, score=92.2, evalue=8.3e-11
11:40:01.837 - INFO - NC_RNA_REGION - seq=contig_25, start=117555, stop=117944, strand=+, label=icaR_3p_UTR, product=icaR 3'UTR, length=390, truncated=None, score=414.4, evalue=1.6e-45
11:40:01.837 - INFO - NC_RNA_REGION - seq=contig_25, start=116922, stop=116996, strand=+, label=icaR_5p_UTR, product=icaR 5' UTR, length=75, truncated=None, score=108.3, evalue=2.0e-17
11:40:01.837 - INFO - NC_RNA_REGION - seq=contig_25, start=63013, stop=63113, strand=+, label=TPP, product=TPP riboswitch aptamer (THI element), length=101, truncated=None, score=72.8, evalue=4.4e-12
11:40:01.837 - INFO - NC_RNA_REGION - seq=contig_26, start=18312, stop=18528, strand=+, label=glmS, product=glmS glucosamine-6-phosphate activated ribozyme aptamer, length=217, truncated=None, score=127.5, evalue=1.3e-18
11:40:01.837 - INFO - NC_RNA_REGION - seq=contig_28, start=54623, stop=54730, strand=+, label=Manganese, product=Manganese Mn2+ riboswitch aptamer (yybP-ykoY), length=108, truncated=None, score=52.2, evalue=4.3e-10
11:40:01.838 - INFO - NC_RNA_REGION - seq=contig_34, start=67045, stop=67104, strand=-, label=TEG147, product=Staphylococcus aureus small RNA TEG147, length=60, truncated=None, score=88.0, evalue=6.9e-17
11:40:01.838 - INFO - NC_RNA_REGION - seq=contig_34, start=75297, stop=75399, strand=-, label=Purine, product=Purine riboswitch aptamer, length=103, truncated=None, score=80.9, evalue=7.8e-11
11:40:01.838 - INFO - NC_RNA_REGION - seq=contig_42, start=23812, stop=24021, strand=-, label=T-box, product=T-box leader, length=210, truncated=None, score=111.0, evalue=3.1e-15
11:40:01.838 - INFO - NC_RNA_REGION - seq=contig_42, start=20461, stop=20559, strand=-, label=SAM, product=SAM riboswitch aptamer (S box leader), length=99, truncated=None, score=77.2, evalue=9.9e-14
11:40:01.838 - INFO - NC_RNA_REGION - seq=contig_43, start=84795, stop=85024, strand=-, label=SQ2397, product=Cis-regulator of HTH transcription factor, length=230, truncated=None, score=229.8, evalue=7.3e-30
11:40:01.838 - INFO - NC_RNA_REGION - seq=contig_43, start=62642, stop=63011, strand=-, label=T-box, product=T-box leader, length=370, truncated=None, score=101.9, evalue=6.3e-14
11:40:01.838 - INFO - NC_RNA_REGION - seq=contig_43, start=83475, stop=83575, strand=-, label=pemK, product=pemK RNA, length=101, truncated=None, score=54.9, evalue=7.2e-08
11:40:01.839 - INFO - NC_RNA_REGION - seq=contig_50, start=3600, stop=3711, strand=-, label=SAM, product=SAM riboswitch aptamer (S box leader), length=112, truncated=None, score=75.7, evalue=2.0e-13
11:40:01.839 - INFO - NC_RNA_REGION - seq=contig_51, start=65476, stop=65611, strand=-, label=FMN, product=FMN riboswitch aptamer (RFN element), length=136, truncated=None, score=120.9, evalue=1.4e-20
11:40:01.839 - INFO - NC_RNA_REGION - seq=contig_52, start=38956, stop=39058, strand=+, label=TPP, product=TPP riboswitch aptamer (THI element), length=103, truncated=None, score=69.9, evalue=1.6e-11
11:40:01.839 - INFO - NC_RNA_REGION - seq=contig_54, start=168354, stop=168449, strand=+, label=SAM, product=SAM riboswitch aptamer (S box leader), length=96, truncated=None, score=80.0, evalue=2.5e-14
11:40:01.839 - INFO - NC_RNA_REGION - seq=contig_55, start=18268, stop=18371, strand=-, label=SAM, product=SAM riboswitch aptamer (S box leader), length=104, truncated=None, score=84.0, evalue=3.5e-15
11:40:01.839 - INFO - NC_RNA_REGION - seq=contig_57, start=86788, stop=86830, strand=+, label=L19_leader, product=Ribosomal protein L19 leader, length=43, truncated=None, score=50.6, evalue=9.0e-09
11:40:01.839 - INFO - NC_RNA_REGION - seq=contig_61, start=24802, stop=24871, strand=+, label=L13_leader, product=Ribosomal protein L13 leader, length=70, truncated=None, score=61.1, evalue=3.1e-09
11:40:01.840 - INFO - NC_RNA_REGION - predicted=27
11:40:02.357 - INFO - CRISPR - predicted=0
11:40:02.357 - INFO - CDS - create prodigal training info object: meta=False, closed=True
11:40:02.741 - INFO - CDS - seq=contig_4, start=8, stop=391, strand=+, frame=2, truncated=no, start-type=ATG, RBS-motif=None
11:40:02.741 - INFO - CDS - seq=contig_4, start=8, stop=391, strand=+, nt=[ATGGTCGATA..GGATAAATAA]
11:40:02.745 - INFO - CDS - seq=contig_5, start=446, stop=700, strand=-, frame=3, truncated=no, start-type=ATG, RBS-motif=3Base/5BMM
11:40:02.745 - INFO - CDS - seq=contig_5, start=776, stop=1051, strand=-, frame=3, truncated=no, start-type=TTG, RBS-motif=None
11:40:02.745 - INFO - CDS - seq=contig_5, start=446, stop=700, strand=-, nt=[ATGAAAAAAG..GAATAATTAA]
11:40:02.745 - INFO - CDS - seq=contig_5, start=776, stop=1051, strand=-, nt=[TTGATTCATA..TGAAGGATGA]
11:40:02.746 - INFO - CDS - seq=contig_6, start=450, stop=1145, strand=-, frame=1, truncated=no, start-type=ATG, RBS-motif=AGGAG
11:40:02.746 - INFO - CDS - seq=contig_6, start=1145, stop=3802, strand=-, frame=2, truncated=no, start-type=ATG, RBS-motif=GGAG/GAGG
11:40:02.746 - INFO - CDS - seq=contig_6, start=4074, stop=5750, strand=+, frame=3, truncated=no, start-type=ATG, RBS-motif=GGAG/GAGG
11:40:02.746 - INFO - CDS - seq=contig_6, start=5769, stop=7796, strand=+, frame=3, truncated=no, start-type=ATG, RBS-motif=GGA/GAG/AGG
11:40:02.746 - INFO - CDS - seq=contig_6, start=7816, stop=8376, strand=+, frame=1, truncated=no, start-type=ATG, RBS-motif=AGGAG
11:40:02.746 - INFO - CDS - seq=contig_6, start=8584, stop=9063, strand=+, frame=1, truncated=no, start-type=ATG, RBS-motif=GGAG/GAGG
11:40:02.747 - INFO - CDS - seq=contig_6, start=9056, stop=10639, strand=+, frame=2, truncated=no, start-type=ATG, RBS-motif=AGGA/GGAG/GAGG
11:40:02.747 - INFO - CDS - seq=contig_6, start=10623, stop=11117, strand=+, frame=3, truncated=no, start-type=ATG, RBS-motif=GGAG/GAGG
11:40:02.747 - INFO - CDS - seq=contig_6, start=11121, stop=11480, strand=+, frame=3, truncated=no, start-type=ATG, RBS-motif=GGAG/GAGG
11:40:02.747 - INFO - CDS - seq=contig_6, start=11546, stop=12694, strand=+, frame=2, truncated=no, start-type=ATG, RBS-motif=AGGAGG
11:40:02.747 - INFO - CDS - seq=contig_6, start=12779, stop=12949, strand=+, frame=2, truncated=no, start-type=ATG, RBS-motif=GGAGG
11:40:02.747 - INFO - CDS - seq=contig_6, start=12946, stop=13308, strand=+, frame=1, truncated=no, start-type=ATG, RBS-motif=None
11:40:02.748 - INFO - CDS - seq=contig_6, start=13657, stop=14658, strand=+, frame=1, truncated=no, start-type=GTG, RBS-motif=AGGAGG
11:40:02.748 - INFO - CDS - seq=contig_6, start=14777, stop=15103, strand=+, frame=2, truncated=no, start-type=ATG, RBS-motif=AGGAG
11:40:02.748 - INFO - CDS - seq=contig_6, start=15105, stop=15584, strand=+, frame=3, truncated=no, start-type=ATG, RBS-motif=GGAGG
11:40:02.748 - INFO - CDS - seq=contig_6, start=15559, stop=16329, strand=+, frame=1, truncated=no, start-type=ATG, RBS-motif=AGxAGG/AGGxGG
11:40:02.748 - INFO - CDS - seq=contig_6, start=16775, stop=18913, strand=+, frame=2, truncated=no, start-type=TTG, RBS-motif=GGA/GAG/AGG
11:40:02.748 - INFO - CDS - seq=contig_6, start=18906, stop=19361, strand=+, frame=3, truncated=no, start-type=ATG, RBS-motif=None
11:40:02.753 - INFO - CDS - seq=contig_6, start=450, stop=1145, strand=-, nt=[ATGCAATCTA..AGAGAAATAA]
11:40:02.753 - INFO - CDS - seq=contig_6, start=1145, stop=3802, strand=-, nt=[ATGTCAAACA..AGACGTATAA]
11:40:02.757 - INFO - CDS - seq=contig_6, start=4074, stop=5750, strand=+, nt=[ATGGAAATAA..TTTAAAATAA]
11:40:02.757 - INFO - CDS - seq=contig_6, start=5769, stop=7796, strand=+, nt=[ATGCATCATG..TTTTGTGTAA]
11:40:02.757 - INFO - CDS - seq=contig_6, start=7816, stop=8376, strand=+, nt=[ATGAATACGA..GAAAGATTGA]
11:40:02.757 - INFO - CDS - seq=contig_6, start=8584, stop=9063, strand=+, nt=[ATGTCAGATT..TGATGTCTGA]
11:40:02.757 - INFO - CDS - seq=contig_6, start=9056, stop=10639, strand=+, nt=[ATGTCTGAAC..GGGATTATAA]
11:40:02.758 - INFO - CDS - seq=contig_6, start=10623, stop=11117, strand=+, nt=[ATGATGAGGG..TGAGGAATAA]
11:40:02.758 - INFO - CDS - seq=contig_6, start=11121, stop=11480, strand=+, nt=[ATGATACATG..AGCATTTTAA]
11:40:02.758 - INFO - CDS - seq=contig_6, start=11546, stop=12694, strand=+, nt=[ATGTCGGATA..GTTAAAATAA]
11:40:02.758 - INFO - CDS - seq=contig_6, start=12779, stop=12949, strand=+, nt=[ATGTTATCTT..GAATGAATGA]
11:40:02.758 - INFO - CDS - seq=contig_6, start=12946, stop=13308, strand=+, nt=[ATGATTAGAC..GAAAAATTAG]
11:40:02.758 - INFO - CDS - seq=contig_6, start=13657, stop=14658, strand=+, nt=[GTGGAAGAAT..AGTAAATTAA]
11:40:02.758 - INFO - CDS - seq=contig_6, start=14777, stop=15103, strand=+, nt=[ATGAATCTTA..GGTCGAATAA]
11:40:02.759 - INFO - CDS - seq=contig_6, start=15105, stop=15584, strand=+, nt=[ATGCAATCTA..AATCAGCTAA]
11:40:02.759 - INFO - CDS - seq=contig_6, start=15559, stop=16329, strand=+, nt=[ATGGCGAAAG..ACATAAATAG]
11:40:02.759 - INFO - CDS - seq=contig_6, start=16775, stop=18913, strand=+, nt=[TTGATTAATT..ACATGAATAA]
11:40:02.759 - INFO - CDS - seq=contig_6, start=18906, stop=19361, strand=+, nt=[ATGAATAATG..ATTGAAATAA]
11:40:02.759 - INFO - CDS - seq=contig_7, start=602, stop=1663, strand=+, frame=2, truncated=no, start-type=ATG, RBS-motif=GGAGG
11:40:02.759 - INFO - CDS - seq=contig_7, start=1921, stop=3378, strand=+, frame=1, truncated=no, start-type=ATG, RBS-motif=GGAGG
11:40:02.759 - INFO - CDS - seq=contig_7, start=3365, stop=4093, strand=+, frame=2, truncated=no, start-type=ATG, RBS-motif=GGAG/GAGG
11:40:02.759 - INFO - CDS - seq=contig_7, start=4244, stop=5371, strand=+, frame=2, truncated=no, start-type=TTG, RBS-motif=GGxGG
11:40:02.760 - INFO - CDS - seq=contig_7, start=5376, stop=5846, strand=+, frame=3, truncated=no, start-type=ATG, RBS-motif=AGGAG/GGAGG
11:40:02.760 - INFO - CDS - seq=contig_7, start=6005, stop=6604, strand=+, frame=2, truncated=no, start-type=ATG, RBS-motif=AGGAG
11:40:02.760 - INFO - CDS - seq=contig_7, start=6629, stop=6781, strand=+, frame=2, truncated=no, start-type=ATG, RBS-motif=GGAG/GAGG
11:40:02.760 - INFO - CDS - seq=contig_7, start=7329, stop=7724, strand=+, frame=3, truncated=no, start-type=ATG, RBS-motif=AGGAG/GGAGG
11:40:02.760 - INFO - CDS - seq=contig_7, start=7920, stop=9305, strand=+, frame=3, truncated=no, start-type=ATG, RBS-motif=GGAG/GAGG
11:40:02.760 - INFO - CDS - seq=contig_7, start=9758, stop=10579, strand=-, frame=3, truncated=no, start-type=ATG, RBS-motif=AGGAGG
11:40:02.760 - INFO - CDS - seq=contig_7, start=10742, stop=11854, strand=+, frame=2, truncated=no, start-type=ATG, RBS-motif=GGAG/GAGG
11:40:02.760 - INFO - CDS - seq=contig_7, start=11876, stop=12499, strand=+, frame=2, truncated=no, start-type=ATG, RBS-motif=AGGAG
11:40:02.760 - INFO - CDS - seq=contig_7, start=12855, stop=13319, strand=+, frame=3, truncated=no, start-type=ATG, RBS-motif=GGA/GAG/AGG
11:40:02.760 - INFO - CDS - seq=contig_7, start=13498, stop=14622, strand=+, frame=1, truncated=no, start-type=ATG, RBS-motif=AGGAG
11:40:02.760 - INFO - CDS - seq=contig_7, start=14691, stop=15035, strand=+, frame=3, truncated=no, start-type=ATG, RBS-motif=AGGAG
11:40:02.760 - INFO - CDS - seq=contig_7, start=15963, stop=17159, strand=+, frame=3, truncated=no, start-type=ATG, RBS-motif=AGGAG
11:40:02.760 - INFO - CDS - seq=contig_7, start=17149, stop=20085, strand=+, frame=1, truncated=no, start-type=ATG, RBS-motif=GGAG/GAGG
11:40:02.760 - INFO - CDS - seq=contig_7, start=20082, stop=21023, strand=+, frame=3, truncated=no, start-type=ATG, RBS-motif=AGxAGG/AGGxGG
11:40:02.761 - INFO - CDS - seq=contig_7, start=21144, stop=22106, strand=-, frame=2, truncated=no, start-type=ATG, RBS-motif=AGGAG
11:40:02.761 - INFO - CDS - seq=contig_7, start=22311, stop=22868, strand=-, frame=2, truncated=no, start-type=ATG, RBS-motif=GGAG/GAGG
11:40:02.761 - INFO - CDS - seq=contig_7, start=23603, stop=23968, strand=-, frame=3, truncated=no, start-type=ATG, RBS-motif=AGGAG
11:40:02.761 - INFO - CDS - seq=contig_7, start=24110, stop=24532, strand=-, frame=3, truncated=no, start-type=ATG, RBS-motif=AGGAG
11:40:02.761 - INFO - CDS - seq=contig_7, start=24666, stop=25406, strand=+, frame=3, truncated=no, start-type=ATG, RBS-motif=GGAGG
11:40:02.761 - INFO - CDS - seq=contig_7, start=25399, stop=26622, strand=+, frame=1, truncated=no, start-type=ATG, RBS-motif=GGAG/GAGG
11:40:02.761 - INFO - CDS - seq=contig_7, start=26746, stop=27249, strand=-, frame=1, truncated=no, start-type=ATG, RBS-motif=AGxAGG/AGGxGG
11:40:02.761 - INFO - CDS - seq=contig_7, start=27512, stop=28549, strand=+, frame=2, truncated=no, start-type=ATG, RBS-motif=AGGAGG
11:40:02.761 - INFO - CDS - seq=contig_7, start=28607, stop=29530, strand=+, frame=2, truncated=no, start-type=ATG, RBS-motif=GGA/GAG/AGG
11:40:02.761 - INFO - CDS - seq=contig_7, start=29554, stop=30954, strand=+, frame=1, truncated=no, start-type=GTG, RBS-motif=AGxAG
11:40:02.761 - INFO - CDS - seq=contig_7, start=31277, stop=31831, strand=+, frame=2, truncated=no, start-type=ATG, RBS-motif=AGGAG
11:40:02.761 - INFO - CDS - seq=contig_7, start=33209, stop=33973, strand=+, frame=2, truncated=no, start-type=ATG, RBS-motif=None
11:40:02.762 - INFO - CDS - seq=contig_7, start=34254, stop=34973, strand=+, frame=3, truncated=no, start-type=ATG, RBS-motif=AGGAG
11:40:02.762 - INFO - CDS - seq=contig_7, start=35008, stop=35736, strand=+, frame=1, truncated=no, start-type=ATG, RBS-motif=AGGA
11:40:02.762 - INFO - CDS - seq=contig_7, start=35890, stop=36291, strand=+, frame=1, truncated=no, start-type=ATG, RBS-motif=GGAG/GAGG
11:40:02.762 - INFO - CDS - seq=contig_7, start=36266, stop=36661, strand=+, frame=2, truncated=no, start-type=ATG, RBS-motif=None
11:40:02.762 - INFO - CDS - seq=contig_7, start=36700, stop=37455, strand=+, frame=1, truncated=no, start-type=ATG, RBS-motif=None
11:40:02.762 - INFO - CDS - seq=contig_7, start=37738, stop=38514, strand=+, frame=1, truncated=no, start-type=ATG, RBS-motif=AGGAG
11:40:02.763 - INFO - CDS - seq=contig_7, start=39066, stop=39842, strand=-, frame=2, truncated=no, start-type=GTG, RBS-motif=GGAGG
11:40:02.763 - INFO - CDS - seq=contig_7, start=39863, stop=40099, strand=-, frame=3, truncated=no, start-type=ATG, RBS-motif=None
11:40:02.763 - INFO - CDS - seq=contig_7, start=40177, stop=40671, strand=-, frame=1, truncated=no, start-type=ATG, RBS-motif=AGGAG
11:40:02.763 - INFO - CDS - seq=contig_7, start=41505, stop=42293, strand=-, frame=2, truncated=no, start-type=ATG, RBS-motif=AGGAGG
11:40:02.763 - INFO - CDS - seq=contig_7, start=42663, stop=42761, strand=-, frame=2, truncated=no, start-type=ATG, RBS-motif=AGGAGG
11:40:02.763 - INFO - CDS - seq=contig_7, start=43657, stop=44592, strand=+, frame=1, truncated=no, start-type=ATG, RBS-motif=None
11:40:02.763 - INFO - CDS - seq=contig_7, start=44594, stop=45577, strand=+, frame=2, truncated=no, start-type=ATG, RBS-motif=AGGA
11:40:02.763 - INFO - CDS - seq=contig_7, start=45947, stop=46738, strand=-, frame=3, truncated=no, start-type=ATG, RBS-motif=GGA/GAG/AGG
11:40:02.763 - INFO - CDS - seq=contig_7, start=46743, stop=47216, strand=-, frame=2, truncated=no, start-type=ATG, RBS-motif=AGGAG
11:40:02.763 - INFO - CDS - seq=contig_7, start=47472, stop=47690, strand=+, frame=3, truncated=no, start-type=ATG, RBS-motif=GGAG/GAGG
11:40:02.763 - INFO - CDS - seq=contig_7, start=48163, stop=48744, strand=-, frame=1, truncated=no, start-type=ATG, RBS-motif=AGGAG
11:40:02.764 - INFO - CDS - seq=contig_7, start=49707, stop=50414, strand=+, frame=3, truncated=no, start-type=ATG, RBS-motif=AGGAGG
11:40:02.764 - INFO - CDS - seq=contig_7, start=50539, stop=51261, strand=+, frame=1, truncated=no, start-type=ATG, RBS-motif=GGAG/GAGG
11:40:02.764 - INFO - CDS - seq=contig_7, start=51319, stop=52038, strand=+, frame=1, truncated=no, start-type=ATG, RBS-motif=AGGAG
11:40:02.764 - INFO - CDS - seq=contig_7, start=52159, stop=52878, strand=+, frame=1, truncated=no, start-type=ATG, RBS-motif=AGGAG
11:40:02.764 - INFO - CDS - seq=contig_7, start=602, stop=1663, strand=+, nt=[ATGAGTAACG..AAAACAATAA]
11:40:02.764 - INFO - CDS - seq=contig_7, start=1921, stop=3378, strand=+, nt=[ATGAAGTGTT..CAGTGATTAA]
11:40:02.764 - INFO - CDS - seq=contig_7, start=3365, stop=4093, strand=+, nt=[ATGCCAGTGA..AGTATTATAA]
11:40:02.764 - INFO - CDS - seq=contig_7, start=4244, stop=5371, strand=+, nt=[TTGGATACAA..GAGAGAATAG]
11:40:02.764 - INFO - CDS - seq=contig_7, start=5376, stop=5846, strand=+, nt=[ATGACAAATC..ATTGAATTAA]
11:40:02.764 - INFO - CDS - seq=contig_7, start=6005, stop=6604, strand=+, nt=[ATGGCAATGA..CTTTGCTTAA]
11:40:02.764 - INFO - CDS - seq=contig_7, start=6629, stop=6781, strand=+, nt=[ATGTCTAAAG..CAGTCAGTAA]
11:40:02.764 - INFO - CDS - seq=contig_7, start=7329, stop=7724, strand=+, nt=[ATGTTAGGAA..TCGTAATTAA]
11:40:02.764 - INFO - CDS - seq=contig_7, start=7920, stop=9305, strand=+, nt=[ATGTCAGTAA..TCCTCATTAA]
11:40:02.764 - INFO - CDS - seq=contig_7, start=9758, stop=10579, strand=-, nt=[ATGAAATTTA..GGATGACTAA]
11:40:02.769 - INFO - CDS - seq=contig_7, start=10742, stop=11854, strand=+, nt=[ATGGAACAAA..TATAAAATAG]
11:40:02.769 - INFO - CDS - seq=contig_7, start=11876, stop=12499, strand=+, nt=[ATGAACAAAG..GTTGATTTAG]
11:40:02.773 - INFO - CDS - seq=contig_7, start=12855, stop=13319, strand=+, nt=[ATGGATAGAC..ACATATCTAG]
11:40:02.773 - INFO - CDS - seq=contig_7, start=13498, stop=14622, strand=+, nt=[ATGAATGCAC..CTTTGTCTAA]
11:40:02.773 - INFO - CDS - seq=contig_7, start=14691, stop=15035, strand=+, nt=[ATGGCAGTAA..CGCTGACTAA]
11:40:02.773 - INFO - CDS - seq=contig_7, start=15963, stop=17159, strand=+, nt=[ATGGTTAAAT..TGATAATTAA]
11:40:02.773 - INFO - CDS - seq=contig_7, start=17149, stop=20085, strand=+, nt=[ATGATAATTA..GAAACGATGA]
11:40:02.773 - INFO - CDS - seq=contig_7, start=20082, stop=21023, strand=+, nt=[ATGAGAAATA..ACTCGATTAA]
11:40:02.773 - INFO - CDS - seq=contig_7, start=21144, stop=22106, strand=-, nt=[ATGAAGATGA..GAGCCAATAA]
11:40:02.773 - INFO - CDS - seq=contig_7, start=22311, stop=22868, strand=-, nt=[ATGTTTTTAT..TCATTTATAA]
11:40:02.773 - INFO - CDS - seq=contig_7, start=23603, stop=23968, strand=-, nt=[ATGAAAGCAT..TTCTAAGTAG]
11:40:02.774 - INFO - CDS - seq=contig_7, start=24110, stop=24532, strand=-, nt=[ATGTCAGAAA..ACAATTTTAA]
11:40:02.774 - INFO - CDS - seq=contig_7, start=24666, stop=25406, strand=+, nt=[ATGACAGTTA..ACATGCATAA]
11:40:02.774 - INFO - CDS - seq=contig_7, start=25399, stop=26622, strand=+, nt=[ATGCATAACC..ACGAGACTAA]
11:40:02.774 - INFO - CDS - seq=contig_7, start=26746, stop=27249, strand=-, nt=[ATGAAGAAAC..AAAAGAATAG]
11:40:02.774 - INFO - CDS - seq=contig_7, start=27512, stop=28549, strand=+, nt=[ATGGTGCATA..ACAAAGATAA]
11:40:02.774 - INFO - CDS - seq=contig_7, start=28607, stop=29530, strand=+, nt=[ATGACTAAAA..TATATTTTAA]
11:40:02.775 - INFO - CDS - seq=contig_7, start=29554, stop=30954, strand=+, nt=[GTGACTAAAT..AGAGTTGTAA]
11:40:02.775 - INFO - CDS - seq=contig_7, start=31277, stop=31831, strand=+, nt=[ATGACAGATG..GACACGATAG]
11:40:02.775 - INFO - CDS - seq=contig_7, start=33209, stop=33973, strand=+, nt=[ATGTTAAATG..ATTTACATAA]
11:40:02.775 - INFO - CDS - seq=contig_7, start=34254, stop=34973, strand=+, nt=[ATGAAAAGAA..CGAAAGTTGA]
11:40:02.775 - INFO - CDS - seq=contig_7, start=35008, stop=35736, strand=+, nt=[ATGAAAAAAT..TAGTAACTAA]
11:40:02.775 - INFO - CDS - seq=contig_7, start=35890, stop=36291, strand=+, nt=[ATGAAGTTAT..CCGAGCATGA]
11:40:02.775 - INFO - CDS - seq=contig_7, start=36266, stop=36661, strand=+, nt=[ATGTATGGCG..CAAAAAATAA]
11:40:02.775 - INFO - CDS - seq=contig_7, start=36700, stop=37455, strand=+, nt=[ATGAGATTGT..TAAAGATTAA]
11:40:02.775 - INFO - CDS - seq=contig_7, start=37738, stop=38514, strand=+, nt=[ATGAAGAAAT..TACTCACTGA]
11:40:02.775 - INFO - CDS - seq=contig_7, start=39066, stop=39842, strand=-, nt=[GTGAAGACTA..AACCTCATAA]
11:40:02.776 - INFO - CDS - seq=contig_7, start=39863, stop=40099, strand=-, nt=[ATGATTAGGT..ATTACTGTAA]
11:40:02.776 - INFO - CDS - seq=contig_7, start=40177, stop=40671, strand=-, nt=[ATGAGGAGAT..ATATGAATAA]
11:40:02.776 - INFO - CDS - seq=contig_7, start=41505, stop=42293, strand=-, nt=[ATGACTACGT..ATTGATTTAA]
11:40:02.776 - INFO - CDS - seq=contig_7, start=42663, stop=42761, strand=-, nt=[ATGGCTAAAC..AAATGAATAA]
11:40:02.776 - INFO - CDS - seq=contig_7, start=43657, stop=44592, strand=+, nt=[ATGTTTAAGA..ACATAATTAA]
11:40:02.776 - INFO - CDS - seq=contig_7, start=44594, stop=45577, strand=+, nt=[ATGAAAATGA..TGGAGTATAG]
11:40:02.776 - INFO - CDS - seq=contig_7, start=45947, stop=46738, strand=-, nt=[ATGCATGACA..TAACGTATAA]
11:40:02.776 - INFO - CDS - seq=contig_7, start=46743, stop=47216, strand=-, nt=[ATGCATTTGA..GAGTTGGTGA]
11:40:02.776 - INFO - CDS - seq=contig_7, start=47472, stop=47690, strand=+, nt=[ATGTTTATTT..TAAAGATTAA]
11:40:02.776 - INFO - CDS - seq=contig_7, start=48163, stop=48744, strand=-, nt=[ATGAATACAA..AATTGATTAA]
11:40:02.776 - INFO - CDS - seq=contig_7, start=49707, stop=50414, strand=+, nt=[ATGAATAAAA..TGAAAAATAA]
11:40:02.776 - INFO - CDS - seq=contig_7, start=50539, stop=51261, strand=+, nt=[ATGAACAAAA..AGATAAATAA]
11:40:02.781 - INFO - CDS - seq=contig_7, start=51319, stop=52038, strand=+, nt=[ATGAATAAAA..TGAACAATAA]
11:40:02.781 - INFO - CDS - seq=contig_7, start=52159, stop=52878, strand=+, nt=[ATGAATAAAA..AGATAAATAA]
11:40:02.781 - INFO - CDS - seq=contig_8, start=269, stop=658, strand=-, frame=1, truncated=no, start-type=ATG, RBS-motif=GGxGG
11:40:02.781 - INFO - CDS - seq=contig_8, start=987, stop=1889, strand=-, frame=3, truncated=no, start-type=ATG, RBS-motif=AGGAG
11:40:02.781 - INFO - CDS - seq=contig_8, start=2055, stop=5708, strand=-, frame=3, truncated=no, start-type=ATG, RBS-motif=GGxGG
11:40:02.781 - INFO - CDS - seq=contig_8, start=5712, stop=9185, strand=-, frame=3, truncated=no, start-type=ATG, RBS-motif=GGAG/GAGG
11:40:02.782 - INFO - CDS - seq=contig_8, start=9345, stop=9920, strand=-, frame=3, truncated=no, start-type=TTG, RBS-motif=GGAG/GAGG
11:40:02.782 - INFO - CDS - seq=contig_8, start=9936, stop=10460, strand=-, frame=3, truncated=no, start-type=GTG, RBS-motif=AGGAG
11:40:02.782 - INFO - CDS - seq=contig_8, start=10465, stop=11040, strand=-, frame=2, truncated=no, start-type=TTG, RBS-motif=GGA/GAG/AGG
11:40:02.782 - INFO - CDS - seq=contig_8, start=11365, stop=12696, strand=-, frame=2, truncated=no, start-type=ATG, RBS-motif=AGGAGG
11:40:02.782 - INFO - CDS - seq=contig_8, start=13047, stop=14252, strand=+, frame=3, truncated=no, start-type=ATG, RBS-motif=GGAG/GAGG
11:40:02.782 - INFO - CDS - seq=contig_8, start=14242, stop=15621, strand=+, frame=1, truncated=no, start-type=ATG, RBS-motif=GGAGG
11:40:02.782 - INFO - CDS - seq=contig_8, start=15863, stop=16792, strand=+, frame=2, truncated=no, start-type=ATG, RBS-motif=AGGA
11:40:02.782 - INFO - CDS - seq=contig_8, start=17129, stop=18373, strand=-, frame=1, truncated=no, start-type=ATG, RBS-motif=AGGA/GGAG/GAGG
11:40:02.782 - INFO - CDS - seq=contig_8, start=18482, stop=19672, strand=-, frame=1, truncated=no, start-type=ATG, RBS-motif=GGAG/GAGG
11:40:02.782 - INFO - CDS - seq=contig_8, start=19980, stop=21107, strand=-, frame=3, truncated=no, start-type=ATG, RBS-motif=AGGAGG
11:40:02.782 - INFO - CDS - seq=contig_8, start=21469, stop=21846, strand=-, frame=2, truncated=no, start-type=TTG, RBS-motif=GGA/GAG/AGG
11:40:02.783 - INFO - CDS - seq=contig_8, start=22261, stop=22854, strand=-, frame=2, truncated=no, start-type=ATG, RBS-motif=GGAG/GAGG
11:40:02.783 - INFO - CDS - seq=contig_8, start=22918, stop=23301, strand=+, frame=1, truncated=no, start-type=ATG, RBS-motif=GGAGG
11:40:02.783 - INFO - CDS - seq=contig_8, start=23432, stop=25837, strand=+, frame=2, truncated=no, start-type=GTG, RBS-motif=AGGAGG
11:40:02.783 - INFO - CDS - seq=contig_8, start=25830, stop=26258, strand=+, frame=3, truncated=no, start-type=ATG, RBS-motif=GGAG/GAGG
11:40:02.783 - INFO - CDS - seq=contig_8, start=26258, stop=26599, strand=+, frame=2, truncated=no, start-type=GTG, RBS-motif=GGAG/GAGG
11:40:02.783 - INFO - CDS - seq=contig_8, start=26592, stop=28088, strand=+, frame=3, truncated=no, start-type=ATG, RBS-motif=AGGAG
11:40:02.783 - INFO - CDS - seq=contig_8, start=28090, stop=28569, strand=+, frame=1, truncated=no, start-type=ATG, RBS-motif=AGGAGG
11:40:02.783 - INFO - CDS - seq=contig_8, start=28569, stop=28862, strand=+, frame=3, truncated=no, start-type=ATG, RBS-motif=AGxAGG/AGGxGG
11:40:02.783 - INFO - CDS - seq=contig_8, start=28840, stop=29196, strand=+, frame=1, truncated=no, start-type=ATG, RBS-motif=GGA/GAG/AGG
11:40:02.783 - INFO - CDS - seq=contig_8, start=29445, stop=30599, strand=+, frame=3, truncated=no, start-type=ATG, RBS-motif=GGAG/GAGG
11:40:02.783 - INFO - CDS - seq=contig_8, start=30655, stop=31029, strand=-, frame=2, truncated=no, start-type=ATG, RBS-motif=GGAG/GAGG
11:40:02.784 - INFO - CDS - seq=contig_8, start=31048, stop=32364, strand=-, frame=2, truncated=no, start-type=ATG, RBS-motif=AGGA
11:40:02.784 - INFO - CDS - seq=contig_8, start=32775, stop=34250, strand=-, frame=3, truncated=no, start-type=ATG, RBS-motif=AGGAGG
11:40:02.784 - INFO - CDS - seq=contig_8, start=34381, stop=35589, strand=-, frame=2, truncated=no, start-type=ATG, RBS-motif=GGA/GAG/AGG
11:40:02.784 - INFO - CDS - seq=contig_8, start=36043, stop=36402, strand=-, frame=2, truncated=no, start-type=ATG, RBS-motif=AGGAGG
11:40:02.784 - INFO - CDS - seq=contig_8, start=36415, stop=36651, strand=-, frame=2, truncated=no, start-type=ATG, RBS-motif=AGxAGG/AGGxGG
11:40:02.784 - INFO - CDS - seq=contig_8, start=36968, stop=38032, strand=+, frame=2, truncated=no, start-type=ATG, RBS-motif=GGA/GAG/AGG
11:40:02.784 - INFO - CDS - seq=contig_8, start=38091, stop=38414, strand=-, frame=3, truncated=no, start-type=ATG, RBS-motif=GGxGG
11:40:02.784 - INFO - CDS - seq=contig_8, start=38515, stop=38757, strand=+, frame=1, truncated=no, start-type=ATG, RBS-motif=AGGAG
11:40:02.784 - INFO - CDS - seq=contig_8, start=39020, stop=40195, strand=-, frame=1, truncated=no, start-type=ATG, RBS-motif=GGA/GAG/AGG
11:40:02.784 - INFO - CDS - seq=contig_8, start=40192, stop=40428, strand=-, frame=2, truncated=no, start-type=ATG, RBS-motif=AGGAG
11:40:02.785 - INFO - CDS - seq=contig_8, start=40446, stop=41660, strand=-, frame=3, truncated=no, start-type=ATG, RBS-motif=GGAG/GAGG
11:40:02.785 - INFO - CDS - seq=contig_8, start=41657, stop=43114, strand=-, frame=1, truncated=no, start-type=ATG, RBS-motif=GGAG/GAGG
11:40:02.785 - INFO - CDS - seq=contig_8, start=43130, stop=43282, strand=-, frame=1, truncated=no, start-type=ATG, RBS-motif=GGAG/GAGG
11:40:02.785 - INFO - CDS - seq=contig_8, start=43694, stop=44653, strand=-, frame=1, truncated=no, start-type=TTG, RBS-motif=AGxAGG/AGGxGG
11:40:02.785 - INFO - CDS - seq=contig_8, start=44686, stop=45465, strand=-, frame=2, truncated=no, start-type=ATG, RBS-motif=AGGAG
11:40:02.785 - INFO - CDS - seq=contig_8, start=45465, stop=45899, strand=-, frame=3, truncated=no, start-type=ATG, RBS-motif=GGAG/GAGG
11:40:02.785 - INFO - CDS - seq=contig_8, start=45997, stop=46263, strand=+, frame=1, truncated=no, start-type=ATG, RBS-motif=AGGAG
11:40:02.785 - INFO - CDS - seq=contig_8, start=269, stop=658, strand=-, nt=[ATGTTACATT..TATTGGCTAA]
11:40:02.785 - INFO - CDS - seq=contig_8, start=987, stop=1889, strand=-, nt=[ATGAAATTCT..CGCTAAATAA]
11:40:02.785 - INFO - CDS - seq=contig_8, start=2055, stop=5708, strand=-, nt=[ATGACAATTC..GCAACTGTAG]
11:40:02.785 - INFO - CDS - seq=contig_8, start=5712, stop=9185, strand=-, nt=[ATGACATTAC..GGGTGAGTAA]
11:40:02.785 - INFO - CDS - seq=contig_8, start=9345, stop=9920, strand=-, nt=[TTGAAAAAAG..TAAAAATTAA]
11:40:02.786 - INFO - CDS - seq=contig_8, start=9936, stop=10460, strand=-, nt=[GTGAAAAAAG..CAAATCTTAA]
11:40:02.786 - INFO - CDS - seq=contig_8, start=10465, stop=11040, strand=-, nt=[TTGTCGTTTC..AAAGGAGTGA]
11:40:02.786 - INFO - CDS - seq=contig_8, start=11365, stop=12696, strand=-, nt=[ATGACTCATA..GCGTTTATAA]
11:40:02.789 - INFO - CDS - seq=contig_8, start=13047, stop=14252, strand=+, nt=[ATGAAAGAGA..TGAGCAATAA]
11:40:02.789 - INFO - CDS - seq=contig_8, start=14242, stop=15621, strand=+, nt=[ATGAGCAATA..ATCACAATAA]
11:40:02.793 - INFO - CDS - seq=contig_8, start=15863, stop=16792, strand=+, nt=[ATGACTAACT..CATTAAGTAG]
11:40:02.793 - INFO - CDS - seq=contig_8, start=17129, stop=18373, strand=-, nt=[ATGACTGAGA..TTGGGCATAA]
11:40:02.793 - INFO - CDS - seq=contig_8, start=18482, stop=19672, strand=-, nt=[ATGACTAAAT..ATTTCAATAA]
11:40:02.794 - INFO - CDS - seq=contig_8, start=19980, stop=21107, strand=-, nt=[ATGAAAAGTA..AGATAAATAA]
11:40:02.794 - INFO - CDS - seq=contig_8, start=21469, stop=21846, strand=-, nt=[TTGAATAACT..AAACGACTAA]
11:40:02.794 - INFO - CDS - seq=contig_8, start=22261, stop=22854, strand=-, nt=[ATGGCTAACT..TGAAGAATAA]
11:40:02.794 - INFO - CDS - seq=contig_8, start=22918, stop=23301, strand=+, nt=[ATGAAGCTAT..TTTTAAATAA]
11:40:02.794 - INFO - CDS - seq=contig_8, start=23432, stop=25837, strand=+, nt=[GTGAGTTTGT..TCATGAATAG]
11:40:02.794 - INFO - CDS - seq=contig_8, start=25830, stop=26258, strand=+, nt=[ATGAATAGAC..GAACGAATAG]
11:40:02.794 - INFO - CDS - seq=contig_8, start=26258, stop=26599, strand=+, nt=[GTGGAAATTA..AGATGATTGA]
11:40:02.794 - INFO - CDS - seq=contig_8, start=26592, stop=28088, strand=+, nt=[ATGATTGAAA..AGGTAAATAA]
11:40:02.794 - INFO - CDS - seq=contig_8, start=28090, stop=28569, strand=+, nt=[ATGGCTGTAC..CGAAATATAA]
11:40:02.794 - INFO - CDS - seq=contig_8, start=28569, stop=28862, strand=+, nt=[ATGAATCATA..TACTGATTAG]
11:40:02.794 - INFO - CDS - seq=contig_8, start=28840, stop=29196, strand=+, nt=[ATGATCAAAA..AAAATTGTAG]
11:40:02.794 - INFO - CDS - seq=contig_8, start=29445, stop=30599, strand=+, nt=[ATGCATTGGA..TAGCGCATAA]
11:40:02.794 - INFO - CDS - seq=contig_8, start=30655, stop=31029, strand=-, nt=[ATGACTCATT..TTTAAAATAA]
11:40:02.795 - INFO - CDS - seq=contig_8, start=31048, stop=32364, strand=-, nt=[ATGATAAATG..GGTACTATAA]
11:40:02.795 - INFO - CDS - seq=contig_8, start=32775, stop=34250, strand=-, nt=[ATGAATTTTA..ACAACAATAA]
11:40:02.795 - INFO - CDS - seq=contig_8, start=34381, stop=35589, strand=-, nt=[ATGGCTCAAG..TAAATTCTAG]
11:40:02.795 - INFO - CDS - seq=contig_8, start=36043, stop=36402, strand=-, nt=[ATGCCAACAG..AAATTGCTAA]
11:40:02.795 - INFO - CDS - seq=contig_8, start=36415, stop=36651, strand=-, nt=[ATGAATCCGA..GATTTTTTAA]
11:40:02.795 - INFO - CDS - seq=contig_8, start=36968, stop=38032, strand=+, nt=[ATGAAAAACT..TAATGGTTAA]
11:40:02.795 - INFO - CDS - seq=contig_8, start=38091, stop=38414, strand=-, nt=[ATGGAGCACG..GAATGAATAA]
11:40:02.795 - INFO - CDS - seq=contig_8, start=38515, stop=38757, strand=+, nt=[ATGCCTACTG..AGTATTCTAA]
11:40:02.795 - INFO - CDS - seq=contig_8, start=39020, stop=40195, strand=-, nt=[ATGAAATTAA..TAAAAATTAA]
11:40:02.795 - INFO - CDS - seq=contig_8, start=40192, stop=40428, strand=-, nt=[ATGGAATTTA..GTTACGATGA]
11:40:02.795 - INFO - CDS - seq=contig_8, start=40446, stop=41660, strand=-, nt=[ATGATTCCAT..ACTTATATAA]
11:40:02.795 - INFO - CDS - seq=contig_8, start=41657, stop=43114, strand=-, nt=[ATGACAGATA..TAACGGATGA]
11:40:02.795 - INFO - CDS - seq=contig_8, start=43130, stop=43282, strand=-, nt=[ATGAAATCTA..TGAGTTCTAA]
11:40:02.796 - INFO - CDS - seq=contig_8, start=43694, stop=44653, strand=-, nt=[TTGGTAAAAA..AGTAAATTGA]
11:40:02.796 - INFO - CDS - seq=contig_8, start=44686, stop=45465, strand=-, nt=[ATGAAACAGT..AGAAAAATAG]
11:40:02.796 - INFO - CDS - seq=contig_8, start=45465, stop=45899, strand=-, nt=[ATGTATTTTG..AAATCAATAA]
11:40:02.796 - INFO - CDS - seq=contig_8, start=45997, stop=46263, strand=+, nt=[ATGATTGATA..CATTCATTAA]
11:40:02.796 - INFO - CDS - seq=contig_9, start=239, stop=1105, strand=+, frame=2, truncated=no, start-type=TTG, RBS-motif=AGGAG
11:40:02.796 - INFO - CDS - seq=contig_9, start=1316, stop=2059, strand=-, frame=3, truncated=no, start-type=GTG, RBS-motif=AGGAG
11:40:02.796 - INFO - CDS - seq=contig_9, start=2383, stop=2739, strand=+, frame=1, truncated=no, start-type=ATG, RBS-motif=GGA/GAG/AGG
11:40:02.796 - INFO - CDS - seq=contig_9, start=3044, stop=5623, strand=+, frame=2, truncated=no, start-type=ATG, RBS-motif=AGGAG
11:40:02.796 - INFO - CDS - seq=contig_9, start=6007, stop=7083, strand=+, frame=1, truncated=no, start-type=ATG, RBS-motif=GGAG/GAGG
11:40:02.796 - INFO - CDS - seq=contig_9, start=7243, stop=7413, strand=+, frame=1, truncated=no, start-type=ATG, RBS-motif=AGxAGG/AGGxGG
11:40:02.796 - INFO - CDS - seq=contig_9, start=7521, stop=7829, strand=-, frame=2, truncated=no, start-type=ATG, RBS-motif=AGGA
11:40:02.796 - INFO - CDS - seq=contig_9, start=7973, stop=8239, strand=-, frame=3, truncated=no, start-type=ATG, RBS-motif=AGGA
11:40:02.797 - INFO - CDS - seq=contig_9, start=8523, stop=10160, strand=-, frame=2, truncated=no, start-type=ATG, RBS-motif=AGGA/GGAG/GAGG
11:40:02.797 - INFO - CDS - seq=contig_9, start=10463, stop=10855, strand=+, frame=2, truncated=no, start-type=ATG, RBS-motif=GGA/GAG/AGG
11:40:02.797 - INFO - CDS - seq=contig_9, start=10857, stop=12188, strand=+, frame=3, truncated=no, start-type=ATG, RBS-motif=GGAG/GAGG
11:40:02.797 - INFO - CDS - seq=contig_9, start=12228, stop=13718, strand=+, frame=3, truncated=no, start-type=GTG, RBS-motif=AGGA
11:40:02.797 - INFO - CDS - seq=contig_9, start=14022, stop=14798, strand=+, frame=3, truncated=no, start-type=ATG, RBS-motif=GGA/GAG/AGG
11:40:02.797 - INFO - CDS - seq=contig_9, start=239, stop=1105, strand=+, nt=[TTGAAAAAAA..AGGTTTATAA]
11:40:02.797 - INFO - CDS - seq=contig_9, start=1316, stop=2059, strand=-, nt=[GTGGACTATC..TTTCTTTTAA]
11:40:02.797 - INFO - CDS - seq=contig_9, start=2383, stop=2739, strand=+, nt=[ATGAATGATT..TGAAACATAA]
11:40:02.797 - INFO - CDS - seq=contig_9, start=3044, stop=5623, strand=+, nt=[ATGAGAGATA..AAAGAATTAA]
11:40:02.797 - INFO - CDS - seq=contig_9, start=6007, stop=7083, strand=+, nt=[ATGTTGTACT..ATTATCTTAG]
11:40:02.797 - INFO - CDS - seq=contig_9, start=7243, stop=7413, strand=+, nt=[ATGAAATATA..GCATAAATGA]
11:40:02.797 - INFO - CDS - seq=contig_9, start=7521, stop=7829, strand=-, nt=[ATGACCGTCA..ATATCCATAA]
11:40:02.797 - INFO - CDS - seq=contig_9, start=7973, stop=8239, strand=-, nt=[ATGAAAGGCT..AAAAGATTAA]
11:40:02.798 - INFO - CDS - seq=contig_9, start=8523, stop=10160, strand=-, nt=[ATGGATAAAG..TTTTAGCTAA]
11:40:02.801 - INFO - CDS - seq=contig_9, start=10463, stop=10855, strand=+, nt=[ATGAAAAAAG..TGAGGGATAA]
11:40:02.801 - INFO - CDS - seq=contig_9, start=10857, stop=12188, strand=+, nt=[ATGAGTAGAT..GACAGATTAA]
11:40:02.805 - INFO - CDS - seq=contig_9, start=12228, stop=13718, strand=+, nt=[GTGAGTAGCA..AACAAATTAA]
11:40:02.805 - INFO - CDS - seq=contig_9, start=14022, stop=14798, strand=+, nt=[ATGATGATTC..TACTGAATAG]
11:40:02.805 - INFO - CDS - seq=contig_10, start=210, stop=812, strand=-, frame=2, truncated=no, start-type=ATG, RBS-motif=AGGAGG
11:40:02.805 - INFO - CDS - seq=contig_10, start=1056, stop=1520, strand=-, frame=2, truncated=no, start-type=ATG, RBS-motif=GGAG/GAGG
11:40:02.805 - INFO - CDS - seq=contig_10, start=1657, stop=3351, strand=+, frame=1, truncated=no, start-type=ATG, RBS-motif=AGGAGG
11:40:02.806 - INFO - CDS - seq=contig_10, start=3698, stop=4864, strand=+, frame=2, truncated=no, start-type=ATG, RBS-motif=None
11:40:02.806 - INFO - CDS - seq=contig_10, start=4864, stop=6087, strand=+, frame=1, truncated=no, start-type=ATG, RBS-motif=AGGAG/GGAGG
11:40:02.806 - INFO - CDS - seq=contig_10, start=6131, stop=6901, strand=+, frame=2, truncated=no, start-type=ATG, RBS-motif=GGA/GAG/AGG
11:40:02.806 - INFO - CDS - seq=contig_10, start=6999, stop=7493, strand=+, frame=3, truncated=no, start-type=ATG, RBS-motif=AGGAGG
11:40:02.806 - INFO - CDS - seq=contig_10, start=7616, stop=8563, strand=+, frame=2, truncated=no, start-type=ATG, RBS-motif=GGAG/GAGG
11:40:02.806 - INFO - CDS - seq=contig_10, start=8651, stop=9853, strand=+, frame=2, truncated=no, start-type=ATG, RBS-motif=GGAGG
11:40:02.807 - INFO - CDS - seq=contig_10, start=10099, stop=10599, strand=-, frame=1, truncated=no, start-type=ATG, RBS-motif=AGGAGG
11:40:02.807 - INFO - CDS - seq=contig_10, start=10740, stop=11858, strand=+, frame=3, truncated=no, start-type=ATG, RBS-motif=GGAGG
11:40:02.807 - INFO - CDS - seq=contig_10, start=12174, stop=13229, strand=-, frame=2, truncated=no, start-type=ATG, RBS-motif=AGGAG
11:40:02.807 - INFO - CDS - seq=contig_10, start=13404, stop=14093, strand=+, frame=3, truncated=no, start-type=ATG, RBS-motif=AGGAGG
11:40:02.807 - INFO - CDS - seq=contig_10, start=14398, stop=14811, strand=-, frame=1, truncated=no, start-type=ATG, RBS-motif=AGGAGG
11:40:02.807 - INFO - CDS - seq=contig_10, start=15016, stop=16314, strand=+, frame=1, truncated=no, start-type=ATG, RBS-motif=GGAG/GAGG
11:40:02.808 - INFO - CDS - seq=contig_10, start=16626, stop=17567, strand=+, frame=3, truncated=no, start-type=ATG, RBS-motif=GGAG/GAGG
11:40:02.808 - INFO - CDS - seq=contig_10, start=17588, stop=20785, strand=+, frame=2, truncated=no, start-type=ATG, RBS-motif=AGGAG
11:40:02.808 - INFO - CDS - seq=contig_10, start=21235, stop=22464, strand=+, frame=1, truncated=no, start-type=ATG, RBS-motif=GGA/GAG/AGG
11:40:02.813 - INFO - CDS - seq=contig_10, start=22659, stop=23516, strand=+, frame=3, truncated=no, start-type=ATG, RBS-motif=GGAGG
11:40:02.813 - INFO - CDS - seq=contig_10, start=23516, stop=24460, strand=+, frame=2, truncated=no, start-type=ATG, RBS-motif=GGAG/GAGG
11:40:02.817 - INFO - CDS - seq=contig_10, start=24729, stop=25697, strand=+, frame=3, truncated=no, start-type=ATG, RBS-motif=GGA/GAG/AGG
11:40:02.817 - INFO - CDS - seq=contig_10, start=25719, stop=27476, strand=+, frame=3, truncated=no, start-type=ATG, RBS-motif=AGGAGG
11:40:02.817 - INFO - CDS - seq=contig_10, start=27824, stop=29185, strand=-, frame=3, truncated=no, start-type=ATG, RBS-motif=GGAG/GAGG
11:40:02.817 - INFO - CDS - seq=contig_10, start=29533, stop=30654, strand=+, frame=1, truncated=no, start-type=ATG, RBS-motif=GGA/GAG/AGG
11:40:02.817 - INFO - CDS - seq=contig_10, start=30703, stop=31971, strand=+, frame=1, truncated=no, start-type=ATG, RBS-motif=GGAGG
11:40:02.818 - INFO - CDS - seq=contig_10, start=32361, stop=33065, strand=+, frame=3, truncated=no, start-type=ATG, RBS-motif=GGAGG
11:40:02.821 - INFO - CDS - seq=contig_10, start=33062, stop=34726, strand=+, frame=2, truncated=no, start-type=ATG, RBS-motif=3Base/5BMM
11:40:02.821 - INFO - CDS - seq=contig_10, start=35225, stop=36712, strand=+, frame=2, truncated=no, start-type=GTG, RBS-motif=GGAG/GAGG
11:40:02.825 - INFO - CDS - seq=contig_10, start=37006, stop=39636, strand=+, frame=1, truncated=no, start-type=GTG, RBS-motif=GGAGG
11:40:02.825 - INFO - CDS - seq=contig_10, start=39652, stop=40524, strand=+, frame=1, truncated=no, start-type=ATG, RBS-motif=GGAG/GAGG
11:40:02.826 - INFO - CDS - seq=contig_10, start=40540, stop=41163, strand=+, frame=1, truncated=no, start-type=ATG, RBS-motif=GGA/GAG/AGG
11:40:02.826 - INFO - CDS - seq=contig_10, start=41333, stop=42358, strand=+, frame=2, truncated=no, start-type=ATG, RBS-motif=GGA/GAG/AGG
11:40:02.826 - INFO - CDS - seq=contig_10, start=42569, stop=43039, strand=+, frame=2, truncated=no, start-type=ATG, RBS-motif=GGAG/GAGG
11:40:02.826 - INFO - CDS - seq=contig_10, start=43040, stop=44440, strand=+, frame=2, truncated=no, start-type=ATG, RBS-motif=GGAG/GAGG
11:40:02.827 - INFO - CDS - seq=contig_10, start=44440, stop=45360, strand=+, frame=1, truncated=no, start-type=ATG, RBS-motif=AGGAGG
11:40:02.827 - INFO - CDS - seq=contig_10, start=45773, stop=47710, strand=+, frame=2, truncated=no, start-type=ATG, RBS-motif=AGGAGG
11:40:02.827 - INFO - CDS - seq=contig_10, start=48136, stop=49629, strand=+, frame=1, truncated=no, start-type=ATG, RBS-motif=GGAG/GAGG
11:40:02.827 - INFO - CDS - seq=contig_10, start=49825, stop=50385, strand=+, frame=1, truncated=no, start-type=TTG, RBS-motif=None
11:40:02.827 - INFO - CDS - seq=contig_10, start=50414, stop=50614, strand=+, frame=2, truncated=no, start-type=ATG, RBS-motif=AGGAGG
11:40:02.828 - INFO - CDS - seq=contig_10, start=50661, stop=51017, strand=+, frame=3, truncated=no, start-type=ATG, RBS-motif=AGGAGG
11:40:02.828 - INFO - CDS - seq=contig_10, start=51159, stop=51767, strand=+, frame=3, truncated=no, start-type=ATG, RBS-motif=AGGAG
11:40:02.828 - INFO - CDS - seq=contig_10, start=51786, stop=52715, strand=+, frame=3, truncated=no, start-type=ATG, RBS-motif=GGAG/GAGG
11:40:02.828 - INFO - CDS - seq=contig_10, start=52878, stop=54179, strand=+, frame=3, truncated=no, start-type=ATG, RBS-motif=GGAGG
11:40:02.828 - INFO - CDS - seq=contig_10, start=54330, stop=55592, strand=+, frame=3, truncated=no, start-type=ATG, RBS-motif=GGA/GAG/AGG
11:40:02.828 - INFO - CDS - seq=contig_10, start=55746, stop=56336, strand=+, frame=3, truncated=no, start-type=ATG, RBS-motif=GGAG/GAGG
11:40:02.829 - INFO - CDS - seq=contig_10, start=56553, stop=57899, strand=+, frame=3, truncated=no, start-type=ATG, RBS-motif=GGxGG
11:40:02.829 - INFO - CDS - seq=contig_10, start=57921, stop=58736, strand=+, frame=3, truncated=no, start-type=ATG, RBS-motif=None
11:40:02.829 - INFO - CDS - seq=contig_10, start=58778, stop=59704, strand=+, frame=2, truncated=no, start-type=ATG, RBS-motif=AGGAGG
11:40:02.829 - INFO - CDS - seq=contig_10, start=59726, stop=60394, strand=+, frame=2, truncated=no, start-type=ATG, RBS-motif=AGGA/GGAG/GAGG
11:40:02.829 - INFO - CDS - seq=contig_10, start=60397, stop=61371, strand=+, frame=1, truncated=no, start-type=ATG, RBS-motif=AGxAGG/AGGxGG
11:40:02.829 - INFO - CDS - seq=contig_10, start=61419, stop=62705, strand=+, frame=3, truncated=no, start-type=ATG, RBS-motif=AGGAGG
11:40:02.829 - INFO - CDS - seq=contig_10, start=62907, stop=63974, strand=+, frame=3, truncated=no, start-type=ATG, RBS-motif=GGA/GAG/AGG
11:40:02.829 - INFO - CDS - seq=contig_10, start=64197, stop=64757, strand=-, frame=2, truncated=no, start-type=ATG, RBS-motif=AGxAGG/AGGxGG
11:40:02.829 - INFO - CDS - seq=contig_10, start=65160, stop=67790, strand=+, frame=3, truncated=no, start-type=ATG, RBS-motif=AGGAGG
11:40:02.829 - INFO - CDS - seq=contig_10, start=67803, stop=69074, strand=+, frame=3, truncated=no, start-type=ATG, RBS-motif=AGGAG
11:40:02.829 - INFO - CDS - seq=contig_10, start=69344, stop=70051, strand=+, frame=2, truncated=no, start-type=TTG, RBS-motif=AGGAGG
11:40:02.829 - INFO - CDS - seq=contig_10, start=70048, stop=70602, strand=+, frame=1, truncated=no, start-type=TTG, RBS-motif=AGGAGG
11:40:02.830 - INFO - CDS - seq=contig_10, start=210, stop=812, strand=-, nt=[ATGGCTCGAT..CTCAAGATAA]
11:40:02.830 - INFO - CDS - seq=contig_10, start=1056, stop=1520, strand=-, nt=[ATGACAACAA..ACTCGCATAA]
11:40:02.830 - INFO - CDS - seq=contig_10, start=1657, stop=3351, strand=+, nt=[ATGGTGTTAT..TAAGCAATAG]
11:40:02.830 - INFO - CDS - seq=contig_10, start=3698, stop=4864, strand=+, nt=[ATGATTAATG..GCTAAAATAA]
11:40:02.830 - INFO - CDS - seq=contig_10, start=4864, stop=6087, strand=+, nt=[ATGAAGTATG..CTTTTTATAA]
11:40:02.830 - INFO - CDS - seq=contig_10, start=6131, stop=6901, strand=+, nt=[ATGGATTTGA..ATTTGTATAA]
11:40:02.830 - INFO - CDS - seq=contig_10, start=6999, stop=7493, strand=+, nt=[ATGACTGAAA..AAATATTTAA]
11:40:02.830 - INFO - CDS - seq=contig_10, start=7616, stop=8563, strand=+, nt=[ATGGCAGAAC..TAAAAAATAA]
11:40:02.830 - INFO - CDS - seq=contig_10, start=8651, stop=9853, strand=+, nt=[ATGTCAAAAT..TTTAAAATAA]
11:40:02.830 - INFO - CDS - seq=contig_10, start=10099, stop=10599, strand=-, nt=[ATGATTACTT..TCAAAATTAA]
11:40:02.830 - INFO - CDS - seq=contig_10, start=10740, stop=11858, strand=+, nt=[ATGAAAATTG..ACAATTATAA]
11:40:02.830 - INFO - CDS - seq=contig_10, start=12174, stop=13229, strand=-, nt=[ATGACAAAAA..CGAAAAATAA]
11:40:02.830 - INFO - CDS - seq=contig_10, start=13404, stop=14093, strand=+, nt=[ATGAAGTTAT..TCAGTTTTAA]
11:40:02.830 - INFO - CDS - seq=contig_10, start=14398, stop=14811, strand=-, nt=[ATGTATAAAA..CGTTAAATAA]
11:40:02.831 - INFO - CDS - seq=contig_10, start=15016, stop=16314, strand=+, nt=[ATGACAAAAC..CGAAGTATAG]
11:40:02.831 - INFO - CDS - seq=contig_10, start=16626, stop=17567, strand=+, nt=[ATGATTAGTA..ACTTAACTAA]
11:40:02.831 - INFO - CDS - seq=contig_10, start=17588, stop=20785, strand=+, nt=[ATGGTGGCAT..GCTTATATAA]
11:40:02.831 - INFO - CDS - seq=contig_10, start=21235, stop=22464, strand=+, nt=[ATGTCATTAA..TTTACAATAA]
11:40:02.831 - INFO - CDS - seq=contig_10, start=22659, stop=23516, strand=+, nt=[ATGTTTAAAG..GACTAAATAA]
11:40:02.831 - INFO - CDS - seq=contig_10, start=23516, stop=24460, strand=+, nt=[ATGTTAGATT..TATAGAATAA]
11:40:02.831 - INFO - CDS - seq=contig_10, start=24729, stop=25697, strand=+, nt=[ATGAAGAAAA..ATCTATATAA]
11:40:02.831 - INFO - CDS - seq=contig_10, start=25719, stop=27476, strand=+, nt=[ATGAGAAAAA..CGTACTATAA]
11:40:02.831 - INFO - CDS - seq=contig_10, start=27824, stop=29185, strand=-, nt=[ATGGCTGAAA..AAATAAATAA]
11:40:02.831 - INFO - CDS - seq=contig_10, start=29533, stop=30654, strand=+, nt=[ATGGCAGAAT..AAGAAAATAA]
11:40:02.831 - INFO - CDS - seq=contig_10, start=30703, stop=31971, strand=+, nt=[ATGACTGCAG..TTTAAAATAA]
11:40:02.831 - INFO - CDS - seq=contig_10, start=32361, stop=33065, strand=+, nt=[ATGTCGCAAA..AGAACAATGA]
11:40:02.832 - INFO - CDS - seq=contig_10, start=33062, stop=34726, strand=+, nt=[ATGATGAAGT..TAAAGAATAA]
11:40:02.832 - INFO - CDS - seq=contig_10, start=35225, stop=36712, strand=+, nt=[GTGAAAACAA..CGATTCATAA]
11:40:02.832 - INFO - CDS - seq=contig_10, start=37006, stop=39636, strand=+, nt=[GTGAATAAAT..TGCAAAATAA]
11:40:02.832 - INFO - CDS - seq=contig_10, start=39652, stop=40524, strand=+, nt=[ATGCCCGAAT..TCAAAAATAA]
11:40:02.832 - INFO - CDS - seq=contig_10, start=40540, stop=41163, strand=+, nt=[ATGCCGAAAG..AGAAGATTAA]
11:40:02.832 - INFO - CDS - seq=contig_10, start=41333, stop=42358, strand=+, nt=[ATGTCAACGA..TGCAAGTTAA]
11:40:02.832 - INFO - CDS - seq=contig_10, start=42569, stop=43039, strand=+, nt=[ATGAAATGCC..TGATGCTTAA]
11:40:02.833 - INFO - CDS - seq=contig_10, start=43040, stop=44440, strand=+, nt=[ATGGGACGAC..CAGTCGATAA]
11:40:02.833 - INFO - CDS - seq=contig_10, start=44440, stop=45360, strand=+, nt=[ATGAAGCAAT..AAACAATTGA]
11:40:02.833 - INFO - CDS - seq=contig_10, start=45773, stop=47710, strand=+, nt=[ATGGAACAAA..ACATAGATAG]
11:40:02.833 - INFO - CDS - seq=contig_10, start=48136, stop=49629, strand=+, nt=[ATGTCAAAAG..AAAAGGTTAA]
11:40:02.833 - INFO - CDS - seq=contig_10, start=49825, stop=50385, strand=+, nt=[TTGCTTGGTG..TGAAAAATAA]
11:40:02.833 - INFO - CDS - seq=contig_10, start=50414, stop=50614, strand=+, nt=[ATGCCAAAAA..CAAAAAATAA]
11:40:02.833 - INFO - CDS - seq=contig_10, start=50661, stop=51017, strand=+, nt=[ATGCCACGAG..TTTAAAATAA]
11:40:02.833 - INFO - CDS - seq=contig_10, start=51159, stop=51767, strand=+, nt=[ATGTCTAAAT..AGATTTATAA]
11:40:02.833 - INFO - CDS - seq=contig_10, start=51786, stop=52715, strand=+, nt=[ATGTCAGATA..TAATAGTTAA]
11:40:02.833 - INFO - CDS - seq=contig_10, start=52878, stop=54179, strand=+, nt=[ATGACAGCAA..AGAAGATTAA]
11:40:02.833 - INFO - CDS - seq=contig_10, start=54330, stop=55592, strand=+, nt=[ATGTTTAAAT..ATCAGCTTAA]
11:40:02.833 - INFO - CDS - seq=contig_10, start=55746, stop=56336, strand=+, nt=[ATGAAAGTTA..TATTTCATAG]
11:40:02.833 - INFO - CDS - seq=contig_10, start=56553, stop=57899, strand=+, nt=[ATGCATTTTA..TTTTGAATAA]
11:40:02.834 - INFO - CDS - seq=contig_10, start=57921, stop=58736, strand=+, nt=[ATGCAAGAAA..TGTGAATTGA]
11:40:02.834 - INFO - CDS - seq=contig_10, start=58778, stop=59704, strand=+, nt=[ATGCGTAAAT..ACAACATTAA]
11:40:02.834 - INFO - CDS - seq=contig_10, start=59726, stop=60394, strand=+, nt=[ATGAAGCCAG..TAGGGGCTAA]
11:40:02.834 - INFO - CDS - seq=contig_10, start=60397, stop=61371, strand=+, nt=[ATGAAATTTG..AGATAAATAA]
11:40:02.834 - INFO - CDS - seq=contig_10, start=61419, stop=62705, strand=+, nt=[ATGAGATATA..TGTAAAATAA]
11:40:02.834 - INFO - CDS - seq=contig_10, start=62907, stop=63974, strand=+, nt=[ATGATATATA..TGAAGATTAG]
11:40:02.834 - INFO - CDS - seq=contig_10, start=64197, stop=64757, strand=-, nt=[ATGAATGAAT..ACACAATTAA]
11:40:02.834 - INFO - CDS - seq=contig_10, start=65160, stop=67790, strand=+, nt=[ATGGAAATGA..AAAAGCATAG]
11:40:02.834 - INFO - CDS - seq=contig_10, start=67803, stop=69074, strand=+, nt=[ATGAATTACC..AGCATTATAA]
11:40:02.834 - INFO - CDS - seq=contig_10, start=69344, stop=70051, strand=+, nt=[TTGGTAGTAT..ATATTTTTGA]
11:40:02.837 - INFO - CDS - seq=contig_10, start=70048, stop=70602, strand=+, nt=[TTGAAAATTA..CATAGTATAA]
11:40:02.837 - INFO - CDS - seq=contig_12, start=1415, stop=1711, strand=+, frame=2, truncated=no, start-type=ATG, RBS-motif=AGGAG
11:40:02.841 - INFO - CDS - seq=contig_12, start=1919, stop=2521, strand=+, frame=2, truncated=no, start-type=ATG, RBS-motif=AGxAGG/AGGxGG
11:40:02.841 - INFO - CDS - seq=contig_12, start=2788, stop=5940, strand=+, frame=1, truncated=no, start-type=ATG, RBS-motif=AGxAGG/AGGxGG
11:40:02.841 - INFO - CDS - seq=contig_12, start=5997, stop=6479, strand=+, frame=3, truncated=no, start-type=ATG, RBS-motif=AGGAG/GGAGG
11:40:02.841 - INFO - CDS - seq=contig_12, start=6685, stop=7671, strand=+, frame=1, truncated=no, start-type=ATG, RBS-motif=AGxAG
11:40:02.841 - INFO - CDS - seq=contig_12, start=7892, stop=8662, strand=+, frame=2, truncated=no, start-type=ATG, RBS-motif=GGA/GAG/AGG
11:40:02.841 - INFO - CDS - seq=contig_12, start=8730, stop=9497, strand=+, frame=3, truncated=no, start-type=ATG, RBS-motif=GGA/GAG/AGG
11:40:02.841 - INFO - CDS - seq=contig_12, start=9564, stop=10331, strand=+, frame=3, truncated=no, start-type=ATG, RBS-motif=AGGA
11:40:02.841 - INFO - CDS - seq=contig_12, start=10428, stop=12665, strand=+, frame=3, truncated=no, start-type=ATG, RBS-motif=GGAG/GAGG
11:40:02.841 - INFO - CDS - seq=contig_12, start=12816, stop=13994, strand=+, frame=3, truncated=no, start-type=ATG, RBS-motif=AGGAG
11:40:02.841 - INFO - CDS - seq=contig_12, start=13996, stop=15384, strand=+, frame=1, truncated=no, start-type=ATG, RBS-motif=AGGAG
11:40:02.842 - INFO - CDS - seq=contig_12, start=15868, stop=17535, strand=-, frame=3, truncated=no, start-type=ATG, RBS-motif=GGAG/GAGG
11:40:02.842 - INFO - CDS - seq=contig_12, start=17854, stop=19629, strand=-, frame=3, truncated=no, start-type=ATG, RBS-motif=AGGA
11:40:02.842 - INFO - CDS - seq=contig_12, start=19803, stop=20675, strand=-, frame=1, truncated=no, start-type=ATG, RBS-motif=AGGAG/GGAGG
11:40:02.842 - INFO - CDS - seq=contig_12, start=20857, stop=22185, strand=+, frame=1, truncated=no, start-type=ATG, RBS-motif=3Base/5BMM
11:40:02.842 - INFO - CDS - seq=contig_12, start=22375, stop=22848, strand=+, frame=1, truncated=no, start-type=ATG, RBS-motif=GGAG/GAGG
11:40:02.842 - INFO - CDS - seq=contig_12, start=23110, stop=24702, strand=+, frame=1, truncated=no, start-type=ATG, RBS-motif=GGAG/GAGG
11:40:02.842 - INFO - CDS - seq=contig_12, start=25031, stop=26383, strand=-, frame=2, truncated=no, start-type=TTG, RBS-motif=AGxAGG/AGGxGG
11:40:02.842 - INFO - CDS - seq=contig_12, start=26804, stop=27556, strand=-, frame=2, truncated=no, start-type=ATG, RBS-motif=AGGAG
11:40:02.842 - INFO - CDS - seq=contig_12, start=27925, stop=28923, strand=-, frame=3, truncated=no, start-type=ATG, RBS-motif=AGGA/GGAG/GAGG
11:40:02.842 - INFO - CDS - seq=contig_12, start=28920, stop=29915, strand=-, frame=1, truncated=no, start-type=ATG, RBS-motif=AGGAG
11:40:02.842 - INFO - CDS - seq=contig_12, start=29931, stop=30923, strand=-, frame=1, truncated=no, start-type=ATG, RBS-motif=AGGAGG
11:40:02.843 - INFO - CDS - seq=contig_12, start=31154, stop=32134, strand=+, frame=2, truncated=no, start-type=TTG, RBS-motif=AGGAGG
11:40:02.843 - INFO - CDS - seq=contig_12, start=32131, stop=33141, strand=+, frame=1, truncated=no, start-type=ATG, RBS-motif=AGGAG
11:40:02.843 - INFO - CDS - seq=contig_12, start=33162, stop=34916, strand=+, frame=3, truncated=no, start-type=TTG, RBS-motif=GGAG/GAGG
11:40:02.843 - INFO - CDS - seq=contig_12, start=34993, stop=36165, strand=+, frame=1, truncated=no, start-type=GTG, RBS-motif=GGA/GAG/AGG
11:40:02.843 - INFO - CDS - seq=contig_12, start=36155, stop=37891, strand=+, frame=2, truncated=no, start-type=GTG, RBS-motif=4Base/6BMM
11:40:02.843 - INFO - CDS - seq=contig_12, start=37872, stop=39650, strand=+, frame=3, truncated=no, start-type=GTG, RBS-motif=AGGAGG
11:40:02.843 - INFO - CDS - seq=contig_12, start=39622, stop=40401, strand=+, frame=1, truncated=no, start-type=ATG, RBS-motif=AGGAGG
11:40:02.843 - INFO - CDS - seq=contig_12, start=40401, stop=41603, strand=+, frame=3, truncated=no, start-type=ATG, RBS-motif=GGA/GAG/AGG
11:40:02.843 - INFO - CDS - seq=contig_12, start=41607, stop=42371, strand=+, frame=3, truncated=no, start-type=TTG, RBS-motif=AGGAGG
11:40:02.843 - INFO - CDS - seq=contig_12, start=42567, stop=43193, strand=+, frame=3, truncated=no, start-type=ATG, RBS-motif=GGA/GAG/AGG
11:40:02.843 - INFO - CDS - seq=contig_12, start=43405, stop=44181, strand=+, frame=1, truncated=no, start-type=ATG, RBS-motif=AGGAG
11:40:02.853 - INFO - CDS - seq=contig_12, start=44526, stop=45497, strand=+, frame=3, truncated=no, start-type=TTG, RBS-motif=GGAG/GAGG
11:40:02.853 - INFO - CDS - seq=contig_12, start=45460, stop=46152, strand=+, frame=1, truncated=no, start-type=TTG, RBS-motif=GGAG/GAGG
11:40:02.853 - INFO - CDS - seq=contig_12, start=46362, stop=47528, strand=+, frame=3, truncated=no, start-type=TTG, RBS-motif=GGA/GAG/AGG
11:40:02.853 - INFO - CDS - seq=contig_12, start=47509, stop=48747, strand=+, frame=1, truncated=no, start-type=ATG, RBS-motif=GGA/GAG/AGG
11:40:02.853 - INFO - CDS - seq=contig_12, start=48737, stop=50167, strand=+, frame=2, truncated=no, start-type=ATG, RBS-motif=GGA/GAG/AGG
11:40:02.853 - INFO - CDS - seq=contig_12, start=50435, stop=51034, strand=+, frame=2, truncated=no, start-type=ATG, RBS-motif=AGGAGG
11:40:02.853 - INFO - CDS - seq=contig_12, start=51401, stop=52126, strand=+, frame=2, truncated=no, start-type=ATG, RBS-motif=GGA/GAG/AGG
11:40:02.853 - INFO - CDS - seq=contig_12, start=52317, stop=53057, strand=-, frame=1, truncated=no, start-type=GTG, RBS-motif=GGAGG
11:40:02.853 - INFO - CDS - seq=contig_12, start=53308, stop=54015, strand=+, frame=1, truncated=no, start-type=ATG, RBS-motif=GGAGG
11:40:02.853 - INFO - CDS - seq=contig_12, start=54016, stop=55374, strand=+, frame=1, truncated=no, start-type=ATG, RBS-motif=None
11:40:02.854 - INFO - CDS - seq=contig_12, start=1415, stop=1711, strand=+, nt=[ATGGCGACTA..GAAAAACTAA]
11:40:02.854 - INFO - CDS - seq=contig_12, start=1919, stop=2521, strand=+, nt=[ATGTTAATTA..GGAAAGATAA]
11:40:02.854 - INFO - CDS - seq=contig_12, start=2788, stop=5940, strand=+, nt=[ATGAGTCAAT..TGTAAAATAA]
11:40:02.854 - INFO - CDS - seq=contig_12, start=5997, stop=6479, strand=+, nt=[ATGGAGAAAT..TAAAAAATAA]
11:40:02.854 - INFO - CDS - seq=contig_12, start=6685, stop=7671, strand=+, nt=[ATGAAAAAGT..TAATAAATAA]
11:40:02.854 - INFO - CDS - seq=contig_12, start=7892, stop=8662, strand=+, nt=[ATGATGAAAC..TGATGAATAA]
11:40:02.854 - INFO - CDS - seq=contig_12, start=8730, stop=9497, strand=+, nt=[ATGAAACGTT..GGATAAATAA]
11:40:02.854 - INFO - CDS - seq=contig_12, start=9564, stop=10331, strand=+, nt=[ATGAAACGAT..GGATAAATAA]
11:40:02.854 - INFO - CDS - seq=contig_12, start=10428, stop=12665, strand=+, nt=[ATGCAACGTG..AAGTTCATAA]
11:40:02.854 - INFO - CDS - seq=contig_12, start=12816, stop=13994, strand=+, nt=[ATGAATCAAC..AGATAACTAA]
11:40:02.854 - INFO - CDS - seq=contig_12, start=13996, stop=15384, strand=+, nt=[ATGAATGAAA..TGCGAAATAA]
11:40:02.854 - INFO - CDS - seq=contig_12, start=15868, stop=17535, strand=-, nt=[ATGGAAATGT..TGAAATTTAA]
11:40:02.854 - INFO - CDS - seq=contig_12, start=17854, stop=19629, strand=-, nt=[ATGTATTACA..ATTGTTATAA]
11:40:02.854 - INFO - CDS - seq=contig_12, start=19803, stop=20675, strand=-, nt=[ATGAATAAAC..AAATACATAA]
11:40:02.855 - INFO - CDS - seq=contig_12, start=20857, stop=22185, strand=+, nt=[ATGAAGATAC..AAAGGTTTAA]
11:40:02.855 - INFO - CDS - seq=contig_12, start=22375, stop=22848, strand=+, nt=[ATGTCTAAAA..TTCTCAATAA]
11:40:02.855 - INFO - CDS - seq=contig_12, start=23110, stop=24702, strand=+, nt=[ATGACACTAC..AATATTCTAA]
11:40:02.855 - INFO - CDS - seq=contig_12, start=25031, stop=26383, strand=-, nt=[TTGAAAAAGA..CGAACTATAA]
11:40:02.855 - INFO - CDS - seq=contig_12, start=26804, stop=27556, strand=-, nt=[ATGAAATATA..TTTTGAATAA]
11:40:02.855 - INFO - CDS - seq=contig_12, start=27925, stop=28923, strand=-, nt=[ATGACCGAAA..AAAGTTATAA]
11:40:02.855 - INFO - CDS - seq=contig_12, start=28920, stop=29915, strand=-, nt=[ATGCTACTTA..ACGCTTATGA]
11:40:02.855 - INFO - CDS - seq=contig_12, start=29931, stop=30923, strand=-, nt=[ATGAATAAAG..ATCAAAATAA]
11:40:02.855 - INFO - CDS - seq=contig_12, start=31154, stop=32134, strand=+, nt=[TTGATTGAAA..ATCAGAATGA]
11:40:02.855 - INFO - CDS - seq=contig_12, start=32131, stop=33141, strand=+, nt=[ATGAATAGAG..CCTATATTAA]
11:40:02.855 - INFO - CDS - seq=contig_12, start=33162, stop=34916, strand=+, nt=[TTGCAGAATC..ATATGATTAA]
11:40:02.855 - INFO - CDS - seq=contig_12, start=34993, stop=36165, strand=+, nt=[GTGCCATTAT..TGCAAAATAA]
11:40:02.855 - INFO - CDS - seq=contig_12, start=36155, stop=37891, strand=+, nt=[GTGCAAAATA..CAATTCTTAA]
11:40:02.855 - INFO - CDS - seq=contig_12, start=37872, stop=39650, strand=+, nt=[GTGAATCAAA..TGAAACATAG]
11:40:02.855 - INFO - CDS - seq=contig_12, start=39622, stop=40401, strand=+, nt=[ATGATGCAAC..TGATGGCTAA]
11:40:02.856 - INFO - CDS - seq=contig_12, start=40401, stop=41603, strand=+, nt=[ATGCGTATAG..GGATGAATAA]
11:40:02.856 - INFO - CDS - seq=contig_12, start=41607, stop=42371, strand=+, nt=[TTGAATCATA..GGAGCAATAG]
11:40:02.856 - INFO - CDS - seq=contig_12, start=42567, stop=43193, strand=+, nt=[ATGGAAAAAA..AAAAGATTGA]
11:40:02.856 - INFO - CDS - seq=contig_12, start=43405, stop=44181, strand=+, nt=[ATGACAAACA..ATTCCGTTAA]
11:40:02.856 - INFO - CDS - seq=contig_12, start=44526, stop=45497, strand=+, nt=[TTGGAAAGAG..AATGTCGTGA]
11:40:02.856 - INFO - CDS - seq=contig_12, start=45460, stop=46152, strand=+, nt=[TTGAAGAAGT..CTCAAGGTAG]
11:40:02.856 - INFO - CDS - seq=contig_12, start=46362, stop=47528, strand=+, nt=[TTGAAAATTA..AACACAATAG]
11:40:02.856 - INFO - CDS - seq=contig_12, start=47509, stop=48747, strand=+, nt=[ATGGAAAATC..TGAAGAGTGA]
11:40:02.856 - INFO - CDS - seq=contig_12, start=48737, stop=50167, strand=+, nt=[ATGAAGAGTG..AACAATTTAA]
11:40:02.856 - INFO - CDS - seq=contig_12, start=50435, stop=51034, strand=+, nt=[ATGGCATTTA..AGCAAAATAA]
11:40:02.856 - INFO - CDS - seq=contig_12, start=51401, stop=52126, strand=+, nt=[ATGAAAAAAT..AAATAAATAA]
11:40:02.856 - INFO - CDS - seq=contig_12, start=52317, stop=53057, strand=-, nt=[GTGACGCAAA..GGATTATTAA]
11:40:02.856 - INFO - CDS - seq=contig_12, start=53308, stop=54015, strand=+, nt=[ATGAAATCAA..ATTGGTGTAG]
11:40:02.857 - INFO - CDS - seq=contig_12, start=54016, stop=55374, strand=+, nt=[ATGATTATGA..TGAAAAATAA]
11:40:02.857 - INFO - CDS - seq=contig_13, start=231, stop=437, strand=-, frame=2, truncated=no, start-type=ATG, RBS-motif=GGxGG
11:40:02.857 - INFO - CDS - seq=contig_13, start=451, stop=693, strand=-, frame=1, truncated=no, start-type=ATG, RBS-motif=GGAG/GAGG
11:40:02.858 - INFO - CDS - seq=contig_13, start=699, stop=953, strand=-, frame=2, truncated=no, start-type=ATG, RBS-motif=GGAG/GAGG
11:40:02.858 - INFO - CDS - seq=contig_13, start=953, stop=1354, strand=-, frame=3, truncated=no, start-type=ATG, RBS-motif=GGAG/GAGG
11:40:02.858 - INFO - CDS - seq=contig_13, start=1354, stop=1539, strand=-, frame=1, truncated=no, start-type=ATG, RBS-motif=AGGAG
11:40:02.858 - INFO - CDS - seq=contig_13, start=1552, stop=3513, strand=-, frame=1, truncated=no, start-type=TTG, RBS-motif=GGAG/GAGG
11:40:02.858 - INFO - CDS - seq=contig_13, start=3572, stop=4129, strand=-, frame=3, truncated=no, start-type=ATG, RBS-motif=AGGA/GGAG/GAGG
11:40:02.858 - INFO - CDS - seq=contig_13, start=4155, stop=5321, strand=-, frame=2, truncated=no, start-type=ATG, RBS-motif=GGA/GAG/AGG
11:40:02.858 - INFO - CDS - seq=contig_13, start=5318, stop=5680, strand=-, frame=3, truncated=no, start-type=ATG, RBS-motif=AGGAGG
11:40:02.859 - INFO - CDS - seq=contig_13, start=5695, stop=6018, strand=-, frame=1, truncated=no, start-type=ATG, RBS-motif=AGGAG
11:40:02.859 - INFO - CDS - seq=contig_13, start=6097, stop=6258, strand=-, frame=1, truncated=no, start-type=ATG, RBS-motif=AGGAGG
11:40:02.859 - INFO - CDS - seq=contig_13, start=6271, stop=6534, strand=-, frame=1, truncated=no, start-type=ATG, RBS-motif=AGGA
11:40:02.859 - INFO - CDS - seq=contig_13, start=6561, stop=6776, strand=-, frame=2, truncated=no, start-type=ATG, RBS-motif=AGGAG
11:40:02.859 - INFO - CDS - seq=contig_13, start=6831, stop=7196, strand=+, frame=3, truncated=no, start-type=ATG, RBS-motif=AGGAGG
11:40:02.859 - INFO - CDS - seq=contig_13, start=7165, stop=7410, strand=-, frame=1, truncated=no, start-type=ATG, RBS-motif=AGGAGG
11:40:02.859 - INFO - CDS - seq=contig_13, start=7439, stop=8215, strand=-, frame=3, truncated=no, start-type=ATG, RBS-motif=AGGAGG
11:40:02.859 - INFO - CDS - seq=contig_13, start=8229, stop=8465, strand=-, frame=2, truncated=no, start-type=ATG, RBS-motif=AGxAGG/AGGxGG
11:40:02.859 - INFO - CDS - seq=contig_13, start=8617, stop=8931, strand=+, frame=1, truncated=no, start-type=ATG, RBS-motif=AGGAG
11:40:02.859 - INFO - CDS - seq=contig_13, start=8944, stop=9405, strand=+, frame=1, truncated=no, start-type=ATG, RBS-motif=AGGA
11:40:02.859 - INFO - CDS - seq=contig_13, start=9423, stop=10007, strand=+, frame=3, truncated=no, start-type=ATG, RBS-motif=AGGAG
11:40:02.860 - INFO - CDS - seq=contig_13, start=10258, stop=10383, strand=+, frame=1, truncated=no, start-type=ATG, RBS-motif=GGxGG
11:40:02.860 - INFO - CDS - seq=contig_13, start=10380, stop=10994, strand=-, frame=2, truncated=no, start-type=ATG, RBS-motif=AGxAGG/AGGxGG
11:40:02.860 - INFO - CDS - seq=contig_13, start=11120, stop=12325, strand=+, frame=2, truncated=no, start-type=ATG, RBS-motif=AGGAGG
11:40:02.860 - INFO - CDS - seq=contig_13, start=12368, stop=14395, strand=-, frame=3, truncated=no, start-type=ATG, RBS-motif=GGAG/GAGG
11:40:02.860 - INFO - CDS - seq=contig_13, start=14388, stop=15014, strand=-, frame=2, truncated=no, start-type=GTG, RBS-motif=AGxAG
11:40:02.860 - INFO - CDS - seq=contig_13, start=231, stop=437, strand=-, nt=[ATGAAAATCA..GGAGATATAA]
11:40:02.860 - INFO - CDS - seq=contig_13, start=451, stop=693, strand=-, nt=[ATGACAGATA..TTTATTTTAA]
11:40:02.860 - INFO - CDS - seq=contig_13, start=699, stop=953, strand=-, nt=[ATGAGCATAA..GTGGGAGTGA]
11:40:02.860 - INFO - CDS - seq=contig_13, start=953, stop=1354, strand=-, nt=[ATGGCTAGAA..TGAAGCATAA]
11:40:02.860 - INFO - CDS - seq=contig_13, start=1354, stop=1539, strand=-, nt=[ATGCAACATC..GGTGGAATGA]
11:40:02.860 - INFO - CDS - seq=contig_13, start=1552, stop=3513, strand=-, nt=[TTGAGATTTA..GAAGGATTAG]
11:40:02.860 - INFO - CDS - seq=contig_13, start=3572, stop=4129, strand=-, nt=[ATGAAAGCAA..TTTCTTATAA]
11:40:02.860 - INFO - CDS - seq=contig_13, start=4155, stop=5321, strand=-, nt=[ATGAAGCTAG..CAAACTATAA]
11:40:02.861 - INFO - CDS - seq=contig_13, start=5318, stop=5680, strand=-, nt=[ATGGCAATAT..CAATGCATGA]
11:40:02.861 - INFO - CDS - seq=contig_13, start=5695, stop=6018, strand=-, nt=[ATGACCTTAC..CCAATTTTAA]
11:40:02.861 - INFO - CDS - seq=contig_13, start=6097, stop=6258, strand=-, nt=[ATGAGCGACA..TGAAGAATAA]
11:40:02.861 - INFO - CDS - seq=contig_13, start=6271, stop=6534, strand=-, nt=[ATGCCAAAAA..ATGGTATTAG]
11:40:02.861 - INFO - CDS - seq=contig_13, start=6561, stop=6776, strand=-, nt=[ATGAACACAA..CAAACTTTAA]
11:40:02.861 - INFO - CDS - seq=contig_13, start=6831, stop=7196, strand=+, nt=[ATGCCCTTGA..TGGTCTCTAG]
11:40:02.861 - INFO - CDS - seq=contig_13, start=7165, stop=7410, strand=-, nt=[ATGAACATTC..GCAATTTTAG]
11:40:02.861 - INFO - CDS - seq=contig_13, start=7439, stop=8215, strand=-, nt=[ATGCAAGCAT..TGAAATTTAA]
11:40:02.861 - INFO - CDS - seq=contig_13, start=8229, stop=8465, strand=-, nt=[ATGCCTATAG..TTTAACTTAA]
11:40:02.861 - INFO - CDS - seq=contig_13, start=8617, stop=8931, strand=+, nt=[ATGTGCTTTT..ACGTAAGTAA]
11:40:02.861 - INFO - CDS - seq=contig_13, start=8944, stop=9405, strand=+, nt=[ATGGGATTAT..AGAAATATAA]
11:40:02.861 - INFO - CDS - seq=contig_13, start=9423, stop=10007, strand=+, nt=[ATGAAAAGAT..ATACGACTAA]
11:40:02.861 - INFO - CDS - seq=contig_13, start=10258, stop=10383, strand=+, nt=[ATGGTAGATA..AAAAGATTAG]
11:40:02.861 - INFO - CDS - seq=contig_13, start=10380, stop=10994, strand=-, nt=[ATGACTCAAT..TGAATACTAA]
11:40:02.861 - INFO - CDS - seq=contig_13, start=11120, stop=12325, strand=+, nt=[ATGTGGATTG..TCCAAGTTAG]
11:40:02.862 - INFO - CDS - seq=contig_13, start=12368, stop=14395, strand=-, nt=[ATGAATAAAA..CGTTTTATAA]
11:40:02.862 - INFO - CDS - seq=contig_13, start=14388, stop=15014, strand=-, nt=[GTGCATTGCG..AGATGAATAA]
11:40:02.862 - INFO - CDS - seq=contig_16, start=354, stop=638, strand=+, frame=3, truncated=no, start-type=GTG, RBS-motif=GGAGG
11:40:02.862 - INFO - CDS - seq=contig_16, start=1112, stop=1585, strand=+, frame=2, truncated=no, start-type=ATG, RBS-motif=GGAGG
11:40:02.862 - INFO - CDS - seq=contig_16, start=1977, stop=2819, strand=+, frame=3, truncated=no, start-type=GTG, RBS-motif=GGAG/GAGG
11:40:02.862 - INFO - CDS - seq=contig_16, start=2819, stop=3349, strand=+, frame=2, truncated=no, start-type=ATG, RBS-motif=AGxAGG/AGGxGG
11:40:02.862 - INFO - CDS - seq=contig_16, start=3585, stop=3893, strand=+, frame=3, truncated=no, start-type=ATG, RBS-motif=AGGAGG
11:40:02.862 - INFO - CDS - seq=contig_16, start=3899, stop=4219, strand=+, frame=2, truncated=no, start-type=ATG, RBS-motif=None
11:40:02.862 - INFO - CDS - seq=contig_16, start=4231, stop=4515, strand=+, frame=1, truncated=no, start-type=ATG, RBS-motif=GGAG/GAGG
11:40:02.862 - INFO - CDS - seq=contig_16, start=4869, stop=6161, strand=+, frame=3, truncated=no, start-type=ATG, RBS-motif=GGAG/GAGG
11:40:02.862 - INFO - CDS - seq=contig_16, start=6171, stop=6629, strand=+, frame=3, truncated=no, start-type=ATG, RBS-motif=AGGAG
11:40:02.862 - INFO - CDS - seq=contig_16, start=6643, stop=7245, strand=+, frame=1, truncated=no, start-type=ATG, RBS-motif=AGGA
11:40:02.863 - INFO - CDS - seq=contig_16, start=7277, stop=8281, strand=+, frame=2, truncated=no, start-type=ATG, RBS-motif=GGA/GAG/AGG
11:40:02.863 - INFO - CDS - seq=contig_16, start=8283, stop=9308, strand=+, frame=3, truncated=no, start-type=GTG, RBS-motif=AGGAG
11:40:02.863 - INFO - CDS - seq=contig_16, start=9331, stop=10470, strand=+, frame=1, truncated=no, start-type=ATG, RBS-motif=GGAG/GAGG
11:40:02.863 - INFO - CDS - seq=contig_16, start=10489, stop=10749, strand=+, frame=1, truncated=no, start-type=ATG, RBS-motif=AGGAG
11:40:02.863 - INFO - CDS - seq=contig_16, start=11024, stop=13303, strand=+, frame=2, truncated=no, start-type=GTG, RBS-motif=GGAG/GAGG
11:40:02.863 - INFO - CDS - seq=contig_16, start=13506, stop=15779, strand=+, frame=3, truncated=no, start-type=ATG, RBS-motif=AGGA/GGAG/GAGG
11:40:02.864 - INFO - CDS - seq=contig_16, start=15801, stop=16319, strand=+, frame=3, truncated=no, start-type=ATG, RBS-motif=AGGAGG
11:40:02.864 - INFO - CDS - seq=contig_16, start=16726, stop=18936, strand=+, frame=1, truncated=no, start-type=ATG, RBS-motif=3Base/5BMM
11:40:02.864 - INFO - CDS - seq=contig_16, start=18948, stop=19400, strand=+, frame=3, truncated=no, start-type=ATG, RBS-motif=GGAG/GAGG
11:40:02.864 - INFO - CDS - seq=contig_16, start=19397, stop=20272, strand=+, frame=2, truncated=no, start-type=ATG, RBS-motif=AGGA/GGAG/GAGG
11:40:02.864 - INFO - CDS - seq=contig_16, start=20733, stop=21995, strand=+, frame=3, truncated=no, start-type=ATG, RBS-motif=GGAG/GAGG
11:40:02.864 - INFO - CDS - seq=contig_16, start=22011, stop=23777, strand=+, frame=3, truncated=no, start-type=ATG, RBS-motif=GGAG/GAGG
11:40:02.864 - INFO - CDS - seq=contig_16, start=24238, stop=25011, strand=+, frame=1, truncated=no, start-type=ATG, RBS-motif=GGAG/GAGG
11:40:02.864 - INFO - CDS - seq=contig_16, start=25172, stop=26446, strand=-, frame=3, truncated=no, start-type=GTG, RBS-motif=GGA/GAG/AGG
11:40:02.864 - INFO - CDS - seq=contig_16, start=26531, stop=26953, strand=+, frame=2, truncated=no, start-type=ATG, RBS-motif=GGAG/GAGG
11:40:02.864 - INFO - CDS - seq=contig_16, start=27053, stop=27235, strand=+, frame=2, truncated=no, start-type=ATG, RBS-motif=AGGAGG
11:40:02.864 - INFO - CDS - seq=contig_16, start=27275, stop=27421, strand=+, frame=2, truncated=no, start-type=ATG, RBS-motif=AGGAG
11:40:02.865 - INFO - CDS - seq=contig_16, start=27658, stop=28671, strand=-, frame=1, truncated=no, start-type=ATG, RBS-motif=AGGA
11:40:02.865 - INFO - CDS - seq=contig_16, start=28983, stop=30125, strand=+, frame=3, truncated=no, start-type=ATG, RBS-motif=AGGAG
11:40:02.865 - INFO - CDS - seq=contig_16, start=30126, stop=31244, strand=+, frame=3, truncated=no, start-type=TTG, RBS-motif=AGGAGG
11:40:02.865 - INFO - CDS - seq=contig_16, start=31939, stop=32607, strand=+, frame=1, truncated=no, start-type=ATG, RBS-motif=GGAG/GAGG
11:40:02.865 - INFO - CDS - seq=contig_16, start=32609, stop=35086, strand=+, frame=2, truncated=no, start-type=ATG, RBS-motif=AGGAGG
11:40:02.865 - INFO - CDS - seq=contig_16, start=35429, stop=38059, strand=+, frame=2, truncated=no, start-type=ATG, RBS-motif=AGGA
11:40:02.865 - INFO - CDS - seq=contig_16, start=38122, stop=38382, strand=+, frame=1, truncated=no, start-type=ATG, RBS-motif=AGGAG
11:40:02.865 - INFO - CDS - seq=contig_16, start=38386, stop=38814, strand=+, frame=1, truncated=no, start-type=ATG, RBS-motif=3Base/5BMM
11:40:02.865 - INFO - CDS - seq=contig_16, start=38829, stop=39137, strand=+, frame=3, truncated=no, start-type=ATG, RBS-motif=AGGAG
11:40:02.865 - INFO - CDS - seq=contig_16, start=39422, stop=40060, strand=+, frame=2, truncated=no, start-type=ATG, RBS-motif=AGGA
11:40:02.865 - INFO - CDS - seq=contig_16, start=40063, stop=40986, strand=+, frame=1, truncated=no, start-type=ATG, RBS-motif=AGGAG
11:40:02.865 - INFO - CDS - seq=contig_16, start=40998, stop=42266, strand=+, frame=3, truncated=no, start-type=ATG, RBS-motif=AGGAGG
11:40:02.865 - INFO - CDS - seq=contig_16, start=42266, stop=42889, strand=+, frame=2, truncated=no, start-type=ATG, RBS-motif=AGGA
11:40:02.865 - INFO - CDS - seq=contig_16, start=42917, stop=43393, strand=+, frame=2, truncated=no, start-type=ATG, RBS-motif=AGGA
11:40:02.866 - INFO - CDS - seq=contig_16, start=43719, stop=44453, strand=+, frame=3, truncated=no, start-type=GTG, RBS-motif=AGxAGG/AGGxGG
11:40:02.866 - INFO - CDS - seq=contig_16, start=44443, stop=45453, strand=+, frame=1, truncated=no, start-type=ATG, RBS-motif=GGxGG
11:40:02.869 - INFO - CDS - seq=contig_16, start=45455, stop=45904, strand=+, frame=2, truncated=no, start-type=ATG, RBS-motif=GGA/GAG/AGG
11:40:02.869 - INFO - CDS - seq=contig_16, start=45918, stop=47279, strand=+, frame=3, truncated=no, start-type=ATG, RBS-motif=AGxAGG/AGGxGG
11:40:02.869 - INFO - CDS - seq=contig_16, start=47279, stop=48031, strand=+, frame=2, truncated=no, start-type=ATG, RBS-motif=GGxGG
11:40:02.869 - INFO - CDS - seq=contig_16, start=48044, stop=49273, strand=+, frame=2, truncated=no, start-type=ATG, RBS-motif=AGxAGG/AGGxGG
11:40:02.870 - INFO - CDS - seq=contig_16, start=49562, stop=50782, strand=+, frame=2, truncated=no, start-type=ATG, RBS-motif=AGGAGG
11:40:02.870 - INFO - CDS - seq=contig_16, start=51489, stop=51962, strand=+, frame=3, truncated=no, start-type=ATG, RBS-motif=None
11:40:02.870 - INFO - CDS - seq=contig_16, start=52111, stop=52299, strand=+, frame=1, truncated=no, start-type=TTG, RBS-motif=GGA/GAG/AGG
11:40:02.870 - INFO - CDS - seq=contig_16, start=52501, stop=52770, strand=-, frame=1, truncated=no, start-type=ATG, RBS-motif=GGAG/GAGG
11:40:02.870 - INFO - CDS - seq=contig_16, start=53084, stop=53770, strand=+, frame=2, truncated=no, start-type=ATG, RBS-motif=AGGA/GGAG/GAGG
11:40:02.870 - INFO - CDS - seq=contig_16, start=53790, stop=54317, strand=+, frame=3, truncated=no, start-type=ATG, RBS-motif=GGA/GAG/AGG
11:40:02.870 - INFO - CDS - seq=contig_16, start=54318, stop=55418, strand=+, frame=3, truncated=no, start-type=TTG, RBS-motif=GGAGG
11:40:02.870 - INFO - CDS - seq=contig_16, start=55432, stop=56238, strand=+, frame=1, truncated=no, start-type=ATG, RBS-motif=GGA/GAG/AGG
11:40:02.870 - INFO - CDS - seq=contig_16, start=56242, stop=56532, strand=+, frame=1, truncated=no, start-type=ATG, RBS-motif=AGGAG
11:40:02.870 - INFO - CDS - seq=contig_16, start=56535, stop=57104, strand=+, frame=3, truncated=no, start-type=ATG, RBS-motif=None
11:40:02.871 - INFO - CDS - seq=contig_16, start=57094, stop=57678, strand=+, frame=1, truncated=no, start-type=ATG, RBS-motif=AGxAGG/AGGxGG
11:40:02.871 - INFO - CDS - seq=contig_16, start=57679, stop=58032, strand=+, frame=1, truncated=no, start-type=ATG, RBS-motif=AGGA
11:40:02.871 - INFO - CDS - seq=contig_16, start=58035, stop=58751, strand=+, frame=3, truncated=no, start-type=ATG, RBS-motif=3Base/5BMM
11:40:02.871 - INFO - CDS - seq=contig_16, start=58800, stop=59477, strand=+, frame=3, truncated=no, start-type=TTG, RBS-motif=AGGAG
11:40:02.871 - INFO - CDS - seq=contig_16, start=59599, stop=60030, strand=+, frame=1, truncated=no, start-type=ATG, RBS-motif=GGA/GAG/AGG
11:40:02.871 - INFO - CDS - seq=contig_16, start=60035, stop=62236, strand=+, frame=2, truncated=no, start-type=TTG, RBS-motif=GGA/GAG/AGG
11:40:02.871 - INFO - CDS - seq=contig_16, start=62293, stop=63267, strand=+, frame=1, truncated=no, start-type=ATG, RBS-motif=GGA/GAG/AGG
11:40:02.871 - INFO - CDS - seq=contig_16, start=63312, stop=63563, strand=-, frame=2, truncated=no, start-type=ATG, RBS-motif=AGGAGG
11:40:02.871 - INFO - CDS - seq=contig_16, start=63909, stop=65732, strand=+, frame=3, truncated=no, start-type=ATG, RBS-motif=AGxAGG/AGGxGG
11:40:02.872 - INFO - CDS - seq=contig_16, start=66265, stop=67422, strand=+, frame=1, truncated=no, start-type=TTG, RBS-motif=AGGA
11:40:02.872 - INFO - CDS - seq=contig_16, start=67523, stop=68500, strand=+, frame=2, truncated=no, start-type=ATG, RBS-motif=GGAG/GAGG
11:40:02.872 - INFO - CDS - seq=contig_16, start=68532, stop=69158, strand=+, frame=3, truncated=no, start-type=ATG, RBS-motif=GGAGG
11:40:02.872 - INFO - CDS - seq=contig_16, start=69227, stop=71059, strand=+, frame=2, truncated=no, start-type=ATG, RBS-motif=GGAGG
11:40:02.872 - INFO - CDS - seq=contig_16, start=71195, stop=72334, strand=+, frame=2, truncated=no, start-type=GTG, RBS-motif=AGGAG
11:40:02.872 - INFO - CDS - seq=contig_16, start=72338, stop=73276, strand=+, frame=2, truncated=no, start-type=ATG, RBS-motif=GGAG/GAGG
11:40:02.872 - INFO - CDS - seq=contig_16, start=73278, stop=74030, strand=+, frame=3, truncated=no, start-type=GTG, RBS-motif=GGA/GAG/AGG
11:40:02.872 - INFO - CDS - seq=contig_16, start=74037, stop=75383, strand=+, frame=3, truncated=no, start-type=ATG, RBS-motif=None
11:40:02.872 - INFO - CDS - seq=contig_16, start=75676, stop=75852, strand=+, frame=1, truncated=no, start-type=ATG, RBS-motif=GGAGG
11:40:02.872 - INFO - CDS - seq=contig_16, start=76072, stop=76779, strand=+, frame=1, truncated=no, start-type=GTG, RBS-motif=GGAG/GAGG
11:40:02.873 - INFO - CDS - seq=contig_16, start=76797, stop=77786, strand=+, frame=3, truncated=no, start-type=ATG, RBS-motif=AGGAG
11:40:02.873 - INFO - CDS - seq=contig_16, start=77803, stop=78501, strand=+, frame=1, truncated=no, start-type=ATG, RBS-motif=GGAG/GAGG
11:40:02.873 - INFO - CDS - seq=contig_16, start=78805, stop=79752, strand=+, frame=1, truncated=no, start-type=ATG, RBS-motif=AGGAG
11:40:02.873 - INFO - CDS - seq=contig_16, start=79753, stop=80220, strand=+, frame=1, truncated=no, start-type=ATG, RBS-motif=AGGAG
11:40:02.873 - INFO - CDS - seq=contig_16, start=80223, stop=80567, strand=+, frame=3, truncated=no, start-type=ATG, RBS-motif=GGA/GAG/AGG
11:40:02.873 - INFO - CDS - seq=contig_16, start=80578, stop=80982, strand=+, frame=1, truncated=no, start-type=ATG, RBS-motif=GGAGG
11:40:02.873 - INFO - CDS - seq=contig_16, start=80983, stop=81882, strand=+, frame=1, truncated=no, start-type=ATG, RBS-motif=AGGA
11:40:02.873 - INFO - CDS - seq=contig_16, start=81910, stop=82656, strand=+, frame=1, truncated=no, start-type=ATG, RBS-motif=None
11:40:02.873 - INFO - CDS - seq=contig_16, start=82806, stop=84197, strand=-, frame=2, truncated=no, start-type=ATG, RBS-motif=AGGAG
11:40:02.873 - INFO - CDS - seq=contig_16, start=84616, stop=85155, strand=+, frame=1, truncated=no, start-type=TTG, RBS-motif=AGxAG
11:40:02.873 - INFO - CDS - seq=contig_16, start=85166, stop=85984, strand=+, frame=2, truncated=no, start-type=ATG, RBS-motif=GGA/GAG/AGG
11:40:02.874 - INFO - CDS - seq=contig_16, start=86045, stop=87862, strand=+, frame=2, truncated=no, start-type=TTG, RBS-motif=GGA/GAG/AGG
11:40:02.874 - INFO - CDS - seq=contig_16, start=88086, stop=89192, strand=+, frame=3, truncated=no, start-type=ATG, RBS-motif=GGAGG
11:40:02.874 - INFO - CDS - seq=contig_16, start=89323, stop=90000, strand=+, frame=1, truncated=no, start-type=ATG, RBS-motif=AGGAG
11:40:02.874 - INFO - CDS - seq=contig_16, start=90003, stop=91103, strand=+, frame=3, truncated=no, start-type=ATG, RBS-motif=GGA/GAG/AGG
11:40:02.874 - INFO - CDS - seq=contig_16, start=91217, stop=92563, strand=+, frame=2, truncated=no, start-type=ATG, RBS-motif=AGGAGG
11:40:02.874 - INFO - CDS - seq=contig_16, start=92573, stop=93463, strand=+, frame=2, truncated=no, start-type=ATG, RBS-motif=GGA/GAG/AGG
11:40:02.874 - INFO - CDS - seq=contig_16, start=93589, stop=94374, strand=+, frame=1, truncated=no, start-type=ATG, RBS-motif=AGGAG/GGAGG
11:40:02.874 - INFO - CDS - seq=contig_16, start=94407, stop=95279, strand=+, frame=3, truncated=no, start-type=GTG, RBS-motif=GGA/GAG/AGG
11:40:02.875 - INFO - CDS - seq=contig_16, start=95266, stop=95676, strand=+, frame=1, truncated=no, start-type=ATG, RBS-motif=GGAG/GAGG
11:40:02.875 - INFO - CDS - seq=contig_16, start=95952, stop=96551, strand=+, frame=3, truncated=no, start-type=ATG, RBS-motif=AGGAGG
11:40:02.875 - INFO - CDS - seq=contig_16, start=96672, stop=98747, strand=+, frame=3, truncated=no, start-type=TTG, RBS-motif=GGAG/GAGG
11:40:02.875 - INFO - CDS - seq=contig_16, start=98860, stop=99009, strand=+, frame=1, truncated=no, start-type=ATG, RBS-motif=AGGAGG
11:40:02.875 - INFO - CDS - seq=contig_16, start=99164, stop=99757, strand=+, frame=2, truncated=no, start-type=ATG, RBS-motif=None
11:40:02.875 - INFO - CDS - seq=contig_16, start=99769, stop=101232, strand=+, frame=1, truncated=no, start-type=ATG, RBS-motif=GGAGG
11:40:02.875 - INFO - CDS - seq=contig_16, start=101413, stop=102399, strand=+, frame=1, truncated=no, start-type=ATG, RBS-motif=AGxAGG/AGGxGG
11:40:02.876 - INFO - CDS - seq=contig_16, start=102399, stop=102728, strand=+, frame=3, truncated=no, start-type=ATG, RBS-motif=GGAG/GAGG
11:40:02.877 - INFO - CDS - seq=contig_16, start=102725, stop=103348, strand=+, frame=2, truncated=no, start-type=ATG, RBS-motif=None
11:40:02.877 - INFO - CDS - seq=contig_16, start=103400, stop=104374, strand=+, frame=2, truncated=no, start-type=TTG, RBS-motif=AGGAGG
11:40:02.877 - INFO - CDS - seq=contig_16, start=104346, stop=105416, strand=+, frame=3, truncated=no, start-type=GTG, RBS-motif=AGxAGG/AGGxGG
11:40:02.877 - INFO - CDS - seq=contig_16, start=105430, stop=105741, strand=+, frame=1, truncated=no, start-type=ATG, RBS-motif=GGAGG
11:40:02.877 - INFO - CDS - seq=contig_16, start=105731, stop=106165, strand=+, frame=2, truncated=no, start-type=TTG, RBS-motif=GGAG/GAGG
11:40:02.877 - INFO - CDS - seq=contig_16, start=106152, stop=106451, strand=+, frame=3, truncated=no, start-type=ATG, RBS-motif=AGGA
11:40:02.877 - INFO - CDS - seq=contig_16, start=106492, stop=106866, strand=+, frame=1, truncated=no, start-type=ATG, RBS-motif=AGxAG
11:40:02.878 - INFO - CDS - seq=contig_16, start=107099, stop=107623, strand=+, frame=2, truncated=no, start-type=ATG, RBS-motif=AGxAGG/AGGxGG
11:40:02.878 - INFO - CDS - seq=contig_16, start=107782, stop=108873, strand=+, frame=1, truncated=no, start-type=ATG, RBS-motif=AGxAGG/AGGxGG
11:40:02.878 - INFO - CDS - seq=contig_16, start=108893, stop=110239, strand=+, frame=2, truncated=no, start-type=GTG, RBS-motif=GGA/GAG/AGG
11:40:02.880 - INFO - CDS - seq=contig_16, start=110232, stop=111704, strand=+, frame=3, truncated=no, start-type=ATG, RBS-motif=GGA/GAG/AGG
11:40:02.880 - INFO - CDS - seq=contig_16, start=112069, stop=112455, strand=-, frame=1, truncated=no, start-type=ATG, RBS-motif=GGAGG
11:40:02.880 - INFO - CDS - seq=contig_16, start=112613, stop=113443, strand=+, frame=2, truncated=no, start-type=ATG, RBS-motif=AGGAG
11:40:02.880 - INFO - CDS - seq=contig_16, start=113507, stop=113725, strand=-, frame=3, truncated=no, start-type=ATG, RBS-motif=AGGAG
11:40:02.881 - INFO - CDS - seq=contig_16, start=113739, stop=114320, strand=-, frame=2, truncated=no, start-type=ATG, RBS-motif=GGAG/GAGG
11:40:02.881 - INFO - CDS - seq=contig_16, start=114425, stop=115486, strand=+, frame=2, truncated=no, start-type=ATG, RBS-motif=AGGAGG
11:40:02.881 - INFO - CDS - seq=contig_16, start=115512, stop=116069, strand=+, frame=3, truncated=no, start-type=ATG, RBS-motif=AGGAGG
11:40:02.881 - INFO - CDS - seq=contig_16, start=116543, stop=117007, strand=+, frame=2, truncated=no, start-type=ATG, RBS-motif=AGGAG
11:40:02.881 - INFO - CDS - seq=contig_16, start=117007, stop=118362, strand=+, frame=1, truncated=no, start-type=ATG, RBS-motif=GGA/GAG/AGG
11:40:02.881 - INFO - CDS - seq=contig_16, start=118377, stop=118739, strand=+, frame=3, truncated=no, start-type=ATG, RBS-motif=AGGAGG
11:40:02.881 - INFO - CDS - seq=contig_16, start=118799, stop=119188, strand=+, frame=2, truncated=no, start-type=ATG, RBS-motif=AGGAG
11:40:02.881 - INFO - CDS - seq=contig_16, start=119205, stop=120542, strand=+, frame=3, truncated=no, start-type=ATG, RBS-motif=GGA/GAG/AGG
11:40:02.881 - INFO - CDS - seq=contig_16, start=120535, stop=120765, strand=+, frame=1, truncated=no, start-type=ATG, RBS-motif=GGA/GAG/AGG
11:40:02.882 - INFO - CDS - seq=contig_16, start=120743, stop=121624, strand=+, frame=2, truncated=no, start-type=ATG, RBS-motif=GGAG/GAGG
11:40:02.882 - INFO - CDS - seq=contig_16, start=122056, stop=122508, strand=+, frame=1, truncated=no, start-type=GTG, RBS-motif=GGAG/GAGG
11:40:02.882 - INFO - CDS - seq=contig_16, start=122524, stop=124203, strand=+, frame=1, truncated=no, start-type=ATG, RBS-motif=AGGA/GGAG/GAGG
11:40:02.883 - INFO - CDS - seq=contig_16, start=124354, stop=125775, strand=+, frame=1, truncated=no, start-type=ATG, RBS-motif=AGGAG
11:40:02.883 - INFO - CDS - seq=contig_16, start=125791, stop=126783, strand=+, frame=1, truncated=no, start-type=ATG, RBS-motif=AGGAGG
11:40:02.883 - INFO - CDS - seq=contig_16, start=126783, stop=127766, strand=+, frame=3, truncated=no, start-type=ATG, RBS-motif=GGAG/GAGG
11:40:02.883 - INFO - CDS - seq=contig_16, start=127779, stop=129053, strand=+, frame=3, truncated=no, start-type=ATG, RBS-motif=GGAGG
11:40:02.883 - INFO - CDS - seq=contig_16, start=129233, stop=129331, strand=+, frame=2, truncated=no, start-type=ATG, RBS-motif=GGA/GAG/AGG
11:40:02.883 - INFO - CDS - seq=contig_16, start=129404, stop=129841, strand=+, frame=2, truncated=no, start-type=ATG, RBS-motif=GGA/GAG/AGG
11:40:02.883 - INFO - CDS - seq=contig_16, start=129855, stop=130835, strand=+, frame=3, truncated=no, start-type=ATG, RBS-motif=GGAG/GAGG
11:40:02.883 - INFO - CDS - seq=contig_16, start=130962, stop=131054, strand=-, frame=2, truncated=no, start-type=ATG, RBS-motif=GGAGG
11:40:02.884 - INFO - CDS - seq=contig_16, start=131404, stop=132537, strand=+, frame=1, truncated=no, start-type=ATG, RBS-motif=GGA/GAG/AGG
11:40:02.884 - INFO - CDS - seq=contig_16, start=132605, stop=134011, strand=+, frame=2, truncated=no, start-type=ATG, RBS-motif=GGAG/GAGG
11:40:02.884 - INFO - CDS - seq=contig_16, start=134327, stop=135424, strand=+, frame=2, truncated=no, start-type=ATG, RBS-motif=GGAG/GAGG
11:40:02.884 - INFO - CDS - seq=contig_16, start=136010, stop=136381, strand=+, frame=2, truncated=no, start-type=ATG, RBS-motif=GGAG/GAGG
11:40:02.884 - INFO - CDS - seq=contig_16, start=136575, stop=137594, strand=+, frame=3, truncated=no, start-type=ATG, RBS-motif=AGGAGG
11:40:02.884 - INFO - CDS - seq=contig_16, start=137610, stop=139259, strand=+, frame=3, truncated=no, start-type=ATG, RBS-motif=AGGAG
11:40:02.884 - INFO - CDS - seq=contig_16, start=139341, stop=140207, strand=-, frame=2, truncated=no, start-type=TTG, RBS-motif=GGAG/GAGG
11:40:02.884 - INFO - CDS - seq=contig_16, start=140437, stop=141921, strand=-, frame=1, truncated=no, start-type=TTG, RBS-motif=GGAG/GAGG
11:40:02.884 - INFO - CDS - seq=contig_16, start=142234, stop=143154, strand=+, frame=1, truncated=no, start-type=ATG, RBS-motif=AGGAGG
11:40:02.889 - INFO - CDS - seq=contig_16, start=143257, stop=144072, strand=-, frame=1, truncated=no, start-type=ATG, RBS-motif=GGA/GAG/AGG
11:40:02.889 - INFO - CDS - seq=contig_16, start=144214, stop=144969, strand=+, frame=1, truncated=no, start-type=ATG, RBS-motif=AGGA
11:40:02.889 - INFO - CDS - seq=contig_16, start=144985, stop=145233, strand=+, frame=1, truncated=no, start-type=ATG, RBS-motif=AGxAGG/AGGxGG
11:40:02.890 - INFO - CDS - seq=contig_16, start=145449, stop=146357, strand=-, frame=2, truncated=no, start-type=ATG, RBS-motif=AGGAG
11:40:02.890 - INFO - CDS - seq=contig_16, start=146439, stop=146981, strand=+, frame=3, truncated=no, start-type=ATG, RBS-motif=AGGA/GGAG/GAGG
11:40:02.890 - INFO - CDS - seq=contig_16, start=147086, stop=147535, strand=+, frame=2, truncated=no, start-type=TTG, RBS-motif=GGAG/GAGG
11:40:02.890 - INFO - CDS - seq=contig_16, start=147584, stop=148471, strand=+, frame=2, truncated=no, start-type=ATG, RBS-motif=GGAG/GAGG
11:40:02.890 - INFO - CDS - seq=contig_16, start=148549, stop=149055, strand=-, frame=1, truncated=no, start-type=ATG, RBS-motif=None
11:40:02.890 - INFO - CDS - seq=contig_16, start=149123, stop=149878, strand=+, frame=2, truncated=no, start-type=ATG, RBS-motif=GGA/GAG/AGG
11:40:02.891 - INFO - CDS - seq=contig_16, start=149871, stop=150413, strand=+, frame=3, truncated=no, start-type=TTG, RBS-motif=AGGAG/GGAGG
11:40:02.891 - INFO - CDS - seq=contig_16, start=150406, stop=151143, strand=+, frame=1, truncated=no, start-type=ATG, RBS-motif=AGGAG
11:40:02.891 - INFO - CDS - seq=contig_16, start=151276, stop=152001, strand=+, frame=1, truncated=no, start-type=ATG, RBS-motif=GGAGG
11:40:02.891 - INFO - CDS - seq=contig_16, start=151982, stop=153733, strand=+, frame=2, truncated=no, start-type=ATG, RBS-motif=GGAG/GAGG
11:40:02.891 - INFO - CDS - seq=contig_16, start=354, stop=638, strand=+, nt=[GTGACTCTAT..GCGTAAGTAA]
11:40:02.891 - INFO - CDS - seq=contig_16, start=1112, stop=1585, strand=+, nt=[ATGAGATTGA..TTATCAATAG]
11:40:02.891 - INFO - CDS - seq=contig_16, start=1977, stop=2819, strand=+, nt=[GTGCTTAAGT..GGATAAATAA]
11:40:02.891 - INFO - CDS - seq=contig_16, start=2819, stop=3349, strand=+, nt=[ATGCGTACAC..TCAATGGTAA]
11:40:02.891 - INFO - CDS - seq=contig_16, start=3585, stop=3893, strand=+, nt=[ATGTTTGCTA..CAACGCGTAA]
11:40:02.892 - INFO - CDS - seq=contig_16, start=3899, stop=4219, strand=+, nt=[ATGATTACTG..TTATAAGTGA]
11:40:02.892 - INFO - CDS - seq=contig_16, start=4231, stop=4515, strand=+, nt=[ATGTTAAAAT..AGCTGAATAA]
11:40:02.892 - INFO - CDS - seq=contig_16, start=4869, stop=6161, strand=+, nt=[ATGTTTGTCG..CGTTGAATAG]
11:40:02.892 - INFO - CDS - seq=contig_16, start=6171, stop=6629, strand=+, nt=[ATGATGGACA..GAGTATGTAA]
11:40:02.892 - INFO - CDS - seq=contig_16, start=6643, stop=7245, strand=+, nt=[ATGTACGCGT..TGTATCTTAA]
11:40:02.892 - INFO - CDS - seq=contig_16, start=7277, stop=8281, strand=+, nt=[ATGAATGAGC..GAGAGGATAA]
11:40:02.892 - INFO - CDS - seq=contig_16, start=8283, stop=9308, strand=+, nt=[GTGAATATTG..AATTATATAA]
11:40:02.892 - INFO - CDS - seq=contig_16, start=9331, stop=10470, strand=+, nt=[ATGCCTGCAG..AAACTTTTAA]
11:40:02.892 - INFO - CDS - seq=contig_16, start=10489, stop=10749, strand=+, nt=[ATGCAATTTT..CCCTTCATAA]
11:40:02.893 - INFO - CDS - seq=contig_16, start=11024, stop=13303, strand=+, nt=[GTGAAGAAAA..TTTAGTTTAA]
11:40:02.893 - INFO - CDS - seq=contig_16, start=13506, stop=15779, strand=+, nt=[ATGATTAAAC..ATTGTCGTGA]
11:40:02.893 - INFO - CDS - seq=contig_16, start=15801, stop=16319, strand=+, nt=[ATGGATTTAA..CGACGAATAA]
11:40:02.893 - INFO - CDS - seq=contig_16, start=16726, stop=18936, strand=+, nt=[ATGAATGGGG..TTGGAACTAG]
11:40:02.893 - INFO - CDS - seq=contig_16, start=18948, stop=19400, strand=+, nt=[ATGAAAGTAG..AATTCAATGA]
11:40:02.893 - INFO - CDS - seq=contig_16, start=19397, stop=20272, strand=+, nt=[ATGAAAAAAA..TTCTGCGTAG]
11:40:02.893 - INFO - CDS - seq=contig_16, start=20733, stop=21995, strand=+, nt=[ATGATTAAAA..TAAGAAGTAG]
11:40:02.893 - INFO - CDS - seq=contig_16, start=22011, stop=23777, strand=+, nt=[ATGAGTAAGA..TCGTCACTAA]
11:40:02.893 - INFO - CDS - seq=contig_16, start=24238, stop=25011, strand=+, nt=[ATGAAACATC..AGGGCAATAA]
11:40:02.893 - INFO - CDS - seq=contig_16, start=25172, stop=26446, strand=-, nt=[GTGAGTACAG..AAGGCCGTAA]
11:40:02.894 - INFO - CDS - seq=contig_16, start=26531, stop=26953, strand=+, nt=[ATGAAAATTT..TTATATTTAA]
11:40:02.894 - INFO - CDS - seq=contig_16, start=27053, stop=27235, strand=+, nt=[ATGGCAGACG..TAAAAAATAA]
11:40:02.894 - INFO - CDS - seq=contig_16, start=27275, stop=27421, strand=+, nt=[ATGAGTTTTA..AGAGAAATAA]
11:40:02.894 - INFO - CDS - seq=contig_16, start=27658, stop=28671, strand=-, nt=[ATGGCGATTA..CACTTTATAA]
11:40:02.894 - INFO - CDS - seq=contig_16, start=28983, stop=30125, strand=+, nt=[ATGGAAATTT..GGAGTCATAA]
11:40:02.894 - INFO - CDS - seq=contig_16, start=30126, stop=31244, strand=+, nt=[TTGTCAAATA..TGTTGTATAA]
11:40:02.894 - INFO - CDS - seq=contig_16, start=31939, stop=32607, strand=+, nt=[ATGATAGATC..GGAGGAGTAA]
11:40:02.894 - INFO - CDS - seq=contig_16, start=32609, stop=35086, strand=+, nt=[ATGTCAGACC..AGAACGTTGA]
11:40:02.894 - INFO - CDS - seq=contig_16, start=35429, stop=38059, strand=+, nt=[ATGAAAAAGT..AAATCTATAA]
11:40:02.894 - INFO - CDS - seq=contig_16, start=38122, stop=38382, strand=+, nt=[ATGGAAAACT..AAATAAATAA]
11:40:02.895 - INFO - CDS - seq=contig_16, start=38386, stop=38814, strand=+, nt=[ATGTTACAAC..ACTACATTAA]
11:40:02.895 - INFO - CDS - seq=contig_16, start=38829, stop=39137, strand=+, nt=[ATGACTGAAC..GGAAGAATAA]
11:40:02.895 - INFO - CDS - seq=contig_16, start=39422, stop=40060, strand=+, nt=[ATGGATGACC..AGGAGAATGA]
11:40:02.895 - INFO - CDS - seq=contig_16, start=40063, stop=40986, strand=+, nt=[ATGACAGAAT..AGTATATTAA]
11:40:02.895 - INFO - CDS - seq=contig_16, start=40998, stop=42266, strand=+, nt=[ATGAAGACAA..AATTGGCTAA]
11:40:02.896 - INFO - CDS - seq=contig_16, start=42266, stop=42889, strand=+, nt=[ATGAAAGCTA..CAAGCAATAG]
11:40:02.896 - INFO - CDS - seq=contig_16, start=42917, stop=43393, strand=+, nt=[ATGGAAAATC..TATCCAATAA]
11:40:02.896 - INFO - CDS - seq=contig_16, start=43719, stop=44453, strand=+, nt=[GTGGATGTAA..TGTCAATTAA]
11:40:02.896 - INFO - CDS - seq=contig_16, start=44443, stop=45453, strand=+, nt=[ATGTCAATTA..GGATTTGTAA]
11:40:02.896 - INFO - CDS - seq=contig_16, start=45455, stop=45904, strand=+, nt=[ATGAATATTG..TATTAAGTAA]
11:40:02.896 - INFO - CDS - seq=contig_16, start=45918, stop=47279, strand=+, nt=[ATGCTTCGTT..GGAATTATAA]
11:40:02.896 - INFO - CDS - seq=contig_16, start=47279, stop=48031, strand=+, nt=[ATGCGAGTTG..ATCCTTATAG]
11:40:02.897 - INFO - CDS - seq=contig_16, start=48044, stop=49273, strand=+, nt=[ATGGGGAGAA..GTTATTTTAA]
11:40:02.897 - INFO - CDS - seq=contig_16, start=49562, stop=50782, strand=+, nt=[ATGGGTTACA..TATAAAATAA]
11:40:02.897 - INFO - CDS - seq=contig_16, start=51489, stop=51962, strand=+, nt=[ATGTCCCAGC..TAATAAATAA]
11:40:02.897 - INFO - CDS - seq=contig_16, start=52111, stop=52299, strand=+, nt=[TTGTACGAAC..CAAATCATAA]
11:40:02.897 - INFO - CDS - seq=contig_16, start=52501, stop=52770, strand=-, nt=[ATGGCTGAAA..TTTACTATAG]
11:40:02.897 - INFO - CDS - seq=contig_16, start=53084, stop=53770, strand=+, nt=[ATGATTGGTA..TCAATTATAA]
11:40:02.897 - INFO - CDS - seq=contig_16, start=53790, stop=54317, strand=+, nt=[ATGGGTTTAG..GGAAAATTGA]
11:40:02.897 - INFO - CDS - seq=contig_16, start=54318, stop=55418, strand=+, nt=[TTGTCTGACA..TATTTTATAA]
11:40:02.897 - INFO - CDS - seq=contig_16, start=55432, stop=56238, strand=+, nt=[ATGAAATTTG..AGGAGAATAA]
11:40:02.898 - INFO - CDS - seq=contig_16, start=56242, stop=56532, strand=+, nt=[ATGCTTACTG..ATTGCCATAA]
11:40:02.898 - INFO - CDS - seq=contig_16, start=56535, stop=57104, strand=+, nt=[ATGAAAAAGA..TGAACATTGA]
11:40:02.898 - INFO - CDS - seq=contig_16, start=57094, stop=57678, strand=+, nt=[ATGAACATTG..GGATGATTAA]
11:40:02.898 - INFO - CDS - seq=contig_16, start=57679, stop=58032, strand=+, nt=[ATGAATTCAC..TGCGTATTAA]
11:40:02.898 - INFO - CDS - seq=contig_16, start=58035, stop=58751, strand=+, nt=[ATGTCGCAAT..GAAAAAATAA]
11:40:02.898 - INFO - CDS - seq=contig_16, start=58800, stop=59477, strand=+, nt=[TTGTATCAAT..CACGATATAA]
11:40:02.898 - INFO - CDS - seq=contig_16, start=59599, stop=60030, strand=+, nt=[ATGGCACAAA..TAAAGGTTAA]
11:40:02.898 - INFO - CDS - seq=contig_16, start=60035, stop=62236, strand=+, nt=[TTGCTGTATG..TGGTTTATAG]
11:40:02.898 - INFO - CDS - seq=contig_16, start=62293, stop=63267, strand=+, nt=[ATGAGCGACA..ATCTTTATAA]
11:40:02.898 - INFO - CDS - seq=contig_16, start=63312, stop=63563, strand=-, nt=[ATGGCAAATA..AAATAAATAA]
11:40:02.898 - INFO - CDS - seq=contig_16, start=63909, stop=65732, strand=+, nt=[ATGGATAATG..TGACGAATAA]
11:40:02.899 - INFO - CDS - seq=contig_16, start=66265, stop=67422, strand=+, nt=[TTGGATAAAC..AAATGATTAA]
11:40:02.899 - INFO - CDS - seq=contig_16, start=67523, stop=68500, strand=+, nt=[ATGATTACAG..AATTTGGTAA]
11:40:02.899 - INFO - CDS - seq=contig_16, start=68532, stop=69158, strand=+, nt=[ATGACAAATA..AAACCAATAA]
11:40:02.899 - INFO - CDS - seq=contig_16, start=69227, stop=71059, strand=+, nt=[ATGAGTAAAA..CAAAAAATAA]
11:40:02.899 - INFO - CDS - seq=contig_16, start=71195, stop=72334, strand=+, nt=[GTGGCCAAAA..GGGAGAATAA]
11:40:02.901 - INFO - CDS - seq=contig_16, start=72338, stop=73276, strand=+, nt=[ATGAACTGGA..GAGTGAATAA]
11:40:02.901 - INFO - CDS - seq=contig_16, start=73278, stop=74030, strand=+, nt=[GTGCAACGTT..AATGGGGTGA]
11:40:02.901 - INFO - CDS - seq=contig_16, start=74037, stop=75383, strand=+, nt=[ATGTCAACAG..TTTAGTTTAA]
11:40:02.901 - INFO - CDS - seq=contig_16, start=75676, stop=75852, strand=+, nt=[ATGTCTAAAA..ATTCAAATAA]
11:40:02.901 - INFO - CDS - seq=contig_16, start=76072, stop=76779, strand=+, nt=[GTGAGTTATA..AGTAGATTAA]
11:40:02.902 - INFO - CDS - seq=contig_16, start=76797, stop=77786, strand=+, nt=[ATGTTTAGTT..TGAACATTAA]
11:40:02.902 - INFO - CDS - seq=contig_16, start=77803, stop=78501, strand=+, nt=[ATGAGTGTCG..ACAATTATAA]
11:40:02.902 - INFO - CDS - seq=contig_16, start=78805, stop=79752, strand=+, nt=[ATGCCTGGAA..AGAGAATTAA]
11:40:02.902 - INFO - CDS - seq=contig_16, start=79753, stop=80220, strand=+, nt=[ATGTTTACGA..ACGAGACTAA]
11:40:02.902 - INFO - CDS - seq=contig_16, start=80223, stop=80567, strand=+, nt=[ATGAAAAGGT..GTTATTTTAG]
11:40:02.903 - INFO - CDS - seq=contig_16, start=80578, stop=80982, strand=+, nt=[ATGAGTTATC..TTTAGAATAA]
11:40:02.903 - INFO - CDS - seq=contig_16, start=80983, stop=81882, strand=+, nt=[ATGACAGAAC..CCAAGATTAA]
11:40:02.903 - INFO - CDS - seq=contig_16, start=81910, stop=82656, strand=+, nt=[ATGCGCCAAA..GGAACAATAA]
11:40:02.903 - INFO - CDS - seq=contig_16, start=82806, stop=84197, strand=-, nt=[ATGGCAAAAG..AAAATTCTAA]
11:40:02.903 - INFO - CDS - seq=contig_16, start=84616, stop=85155, strand=+, nt=[TTGAATTTAA..TAAAGAATAG]
11:40:02.903 - INFO - CDS - seq=contig_16, start=85166, stop=85984, strand=+, nt=[ATGGAAAAAA..ATCGAAATGA]
11:40:02.903 - INFO - CDS - seq=contig_16, start=86045, stop=87862, strand=+, nt=[TTGCGAATAG..ACGCATGTAG]
11:40:02.903 - INFO - CDS - seq=contig_16, start=88086, stop=89192, strand=+, nt=[ATGTCTGATA..TATGGATTAA]
11:40:02.903 - INFO - CDS - seq=contig_16, start=89323, stop=90000, strand=+, nt=[ATGATTTCGT..GGTGTTATAG]
11:40:02.903 - INFO - CDS - seq=contig_16, start=90003, stop=91103, strand=+, nt=[ATGAAAATAG..ATATATTTAA]
11:40:02.904 - INFO - CDS - seq=contig_16, start=91217, stop=92563, strand=+, nt=[ATGGCAAAAC..AAAAGGTTAG]
11:40:02.904 - INFO - CDS - seq=contig_16, start=92573, stop=93463, strand=+, nt=[ATGTTATTAG..GCAACAATAA]
11:40:02.904 - INFO - CDS - seq=contig_16, start=93589, stop=94374, strand=+, nt=[ATGCGAGGTG..TTGTAATTAA]
11:40:02.904 - INFO - CDS - seq=contig_16, start=94407, stop=95279, strand=+, nt=[GTGTCACAAT..ATACAAATGA]
11:40:02.904 - INFO - CDS - seq=contig_16, start=95266, stop=95676, strand=+, nt=[ATGAATACAA..CCAAGATTAA]
11:40:02.904 - INFO - CDS - seq=contig_16, start=95952, stop=96551, strand=+, nt=[ATGGCTTTTG..AACAAAATAA]
11:40:02.904 - INFO - CDS - seq=contig_16, start=96672, stop=98747, strand=+, nt=[TTGTTAAAAA..AGACAAATAA]
11:40:02.904 - INFO - CDS - seq=contig_16, start=98860, stop=99009, strand=+, nt=[ATGCGCGTAA..AACAAAATAA]
11:40:02.904 - INFO - CDS - seq=contig_16, start=99164, stop=99757, strand=+, nt=[ATGACATGTA..ATCAGCATAG]
11:40:02.904 - INFO - CDS - seq=contig_16, start=99769, stop=101232, strand=+, nt=[ATGAACATAG..AAATAAATAA]
11:40:02.904 - INFO - CDS - seq=contig_16, start=101413, stop=102399, strand=+, nt=[ATGACAAAAA..GGTAAAATAA]
11:40:02.905 - INFO - CDS - seq=contig_16, start=102399, stop=102728, strand=+, nt=[ATGGCTATTG..AAACCTATGA]
11:40:02.905 - INFO - CDS - seq=contig_16, start=102725, stop=103348, strand=+, nt=[ATGAGGATTT..ACACGGTTAA]
11:40:02.905 - INFO - CDS - seq=contig_16, start=103400, stop=104374, strand=+, nt=[TTGAAGATTC..ATACATTTAA]
11:40:02.905 - INFO - CDS - seq=contig_16, start=104346, stop=105416, strand=+, nt=[GTGAAACTAC..TATAAAATAA]
11:40:02.905 - INFO - CDS - seq=contig_16, start=105430, stop=105741, strand=+, nt=[ATGTTTAAAT..TGCAAATTAG]
11:40:02.905 - INFO - CDS - seq=contig_16, start=105731, stop=106165, strand=+, nt=[TTGCAAATTA..AAAGCTATAA]
11:40:02.905 - INFO - CDS - seq=contig_16, start=106152, stop=106451, strand=+, nt=[ATGAAAAGCT..ACAGTATTAA]
11:40:02.905 - INFO - CDS - seq=contig_16, start=106492, stop=106866, strand=+, nt=[ATGGTTATAA..TTATGTATAA]
11:40:02.905 - INFO - CDS - seq=contig_16, start=107099, stop=107623, strand=+, nt=[ATGAATCATG..TCAGTATTAG]
11:40:02.913 - INFO - CDS - seq=contig_16, start=107782, stop=108873, strand=+, nt=[ATGTCAAGTG..TGATAAATAA]
11:40:02.913 - INFO - CDS - seq=contig_16, start=108893, stop=110239, strand=+, nt=[GTGAGTCATC..AAATGACTAG]
11:40:02.913 - INFO - CDS - seq=contig_16, start=110232, stop=111704, strand=+, nt=[ATGACTAGTA..GGAAAAATAA]
11:40:02.913 - INFO - CDS - seq=contig_16, start=112069, stop=112455, strand=-, nt=[ATGAGTGCTA..TAAAAAATAG]
11:40:02.913 - INFO - CDS - seq=contig_16, start=112613, stop=113443, strand=+, nt=[ATGACTGAAA..TAGAAAGTAG]
11:40:02.913 - INFO - CDS - seq=contig_16, start=113507, stop=113725, strand=-, nt=[ATGCGTAATA..AAGAAAATAG]
11:40:02.913 - INFO - CDS - seq=contig_16, start=113739, stop=114320, strand=-, nt=[ATGAAAAAAT..AAAATCATGA]
11:40:02.913 - INFO - CDS - seq=contig_16, start=114425, stop=115486, strand=+, nt=[ATGAGCAGAA..TTTAACATAA]
11:40:02.914 - INFO - CDS - seq=contig_16, start=115512, stop=116069, strand=+, nt=[ATGATTTCGG..AAGAGGATAA]
11:40:02.914 - INFO - CDS - seq=contig_16, start=116543, stop=117007, strand=+, nt=[ATGAACTTTA..GGTGAAATAA]
11:40:02.914 - INFO - CDS - seq=contig_16, start=117007, stop=118362, strand=+, nt=[ATGAAAAAGG..TGAAGGTTAA]
11:40:02.915 - INFO - CDS - seq=contig_16, start=118377, stop=118739, strand=+, nt=[ATGGTCAAAG..TGAAAAGTAA]
11:40:02.915 - INFO - CDS - seq=contig_16, start=118799, stop=119188, strand=+, nt=[ATGAGTCGTA..AAAAAAATAA]
11:40:02.915 - INFO - CDS - seq=contig_16, start=119205, stop=120542, strand=+, nt=[ATGTCAGATT..TAATGACTAA]
11:40:02.915 - INFO - CDS - seq=contig_16, start=120535, stop=120765, strand=+, nt=[ATGACTAAAG..CGATGAATAA]
11:40:02.915 - INFO - CDS - seq=contig_16, start=120743, stop=121624, strand=+, nt=[ATGACGAATC..GGATCACTAA]
11:40:02.915 - INFO - CDS - seq=contig_16, start=122056, stop=122508, strand=+, nt=[GTGCCCAAAA..TTTGTTATAA]
11:40:02.915 - INFO - CDS - seq=contig_16, start=122524, stop=124203, strand=+, nt=[ATGTTACAAA..ACGTAGATAA]
11:40:02.915 - INFO - CDS - seq=contig_16, start=124354, stop=125775, strand=+, nt=[ATGTCAGAGA..TCACGTATAA]
11:40:02.915 - INFO - CDS - seq=contig_16, start=125791, stop=126783, strand=+, nt=[ATGATTGATT..TCTTAACTAA]
11:40:02.916 - INFO - CDS - seq=contig_16, start=126783, stop=127766, strand=+, nt=[ATGGCTAAAT..AGAATTCTAG]
11:40:02.916 - INFO - CDS - seq=contig_16, start=127779, stop=129053, strand=+, nt=[ATGGAAATAA..TATATATTAG]
11:40:02.916 - INFO - CDS - seq=contig_16, start=129233, stop=129331, strand=+, nt=[ATGAAAACAG..TTCAGATTAG]
11:40:02.916 - INFO - CDS - seq=contig_16, start=129404, stop=129841, strand=+, nt=[ATGGACATGA..AGAAAGATAA]
11:40:02.916 - INFO - CDS - seq=contig_16, start=129855, stop=130835, strand=+, nt=[ATGTTAAAGT..AGTAGCTTAA]
11:40:02.916 - INFO - CDS - seq=contig_16, start=130962, stop=131054, strand=-, nt=[ATGCAAAATA..AATTTTATAA]
11:40:02.916 - INFO - CDS - seq=contig_16, start=131404, stop=132537, strand=+, nt=[ATGATTAATG..ATCGAAATGA]
11:40:02.916 - INFO - CDS - seq=contig_16, start=132605, stop=134011, strand=+, nt=[ATGACACAAC..TGAAGAATAA]
11:40:02.916 - INFO - CDS - seq=contig_16, start=134327, stop=135424, strand=+, nt=[ATGTCATATA..CCTTTTTTAG]
11:40:02.916 - INFO - CDS - seq=contig_16, start=136010, stop=136381, strand=+, nt=[ATGGAAAAGT..TAGTGACTAA]
11:40:02.916 - INFO - CDS - seq=contig_16, start=136575, stop=137594, strand=+, nt=[ATGGTTACGA..ACAGCGATAG]
11:40:02.917 - INFO - CDS - seq=contig_16, start=137610, stop=139259, strand=+, nt=[ATGAATAAGC..ACTAAATTAA]
11:40:02.917 - INFO - CDS - seq=contig_16, start=139341, stop=140207, strand=-, nt=[TTGGACGTTA..CGAAGATTAA]
11:40:02.917 - INFO - CDS - seq=contig_16, start=140437, stop=141921, strand=-, nt=[TTGAGTACTA..TATTCAATAA]
11:40:02.917 - INFO - CDS - seq=contig_16, start=142234, stop=143154, strand=+, nt=[ATGGAAGTTA..TAAAGTCTAA]
11:40:02.917 - INFO - CDS - seq=contig_16, start=143257, stop=144072, strand=-, nt=[ATGAAACTCG..AGACCAATAA]
11:40:02.917 - INFO - CDS - seq=contig_16, start=144214, stop=144969, strand=+, nt=[ATGAAAGGAC..TAAAGCATAA]
11:40:02.917 - INFO - CDS - seq=contig_16, start=144985, stop=145233, strand=+, nt=[ATGAACTGTC..GATGTTTTAA]
11:40:02.917 - INFO - CDS - seq=contig_16, start=145449, stop=146357, strand=-, nt=[ATGCAAAAAA..TTTAGTGTAG]
11:40:02.917 - INFO - CDS - seq=contig_16, start=146439, stop=146981, strand=+, nt=[ATGGATTTAA..TTCTAAATAA]
11:40:02.917 - INFO - CDS - seq=contig_16, start=147086, stop=147535, strand=+, nt=[TTGGAAGAAC..TAAAGGATAG]
11:40:02.918 - INFO - CDS - seq=contig_16, start=147584, stop=148471, strand=+, nt=[ATGGAAACAA..TAGAGCATAA]
11:40:02.918 - INFO - CDS - seq=contig_16, start=148549, stop=149055, strand=-, nt=[ATGCAACAGG..ACGTAATTAA]
11:40:02.918 - INFO - CDS - seq=contig_16, start=149123, stop=149878, strand=+, nt=[ATGACGCAAT..TTTTGGATAA]
11:40:02.918 - INFO - CDS - seq=contig_16, start=149871, stop=150413, strand=+, nt=[TTGGATAATC..TAATGACTAA]
11:40:02.918 - INFO - CDS - seq=contig_16, start=150406, stop=151143, strand=+, nt=[ATGACTAAAG..TGGGAAATAA]
11:40:02.918 - INFO - CDS - seq=contig_16, start=151276, stop=152001, strand=+, nt=[ATGTCGAACG..GGCTAAATAG]
11:40:02.918 - INFO - CDS - seq=contig_16, start=151982, stop=153733, strand=+, nt=[ATGATGAGCC..ACCAGAATAA]
11:40:02.918 - INFO - CDS - seq=contig_17, start=39, stop=725, strand=+, frame=3, truncated=no, start-type=ATG, RBS-motif=None
11:40:02.918 - INFO - CDS - seq=contig_17, start=39, stop=725, strand=+, nt=[ATGGATAACT..GGTCGAATGA]
11:40:02.919 - INFO - CDS - seq=contig_18, start=1, stop=348, strand=+, frame=1, truncated=no, start-type=ATG, RBS-motif=None
11:40:02.919 - INFO - CDS - seq=contig_18, start=345, stop=653, strand=+, frame=3, truncated=no, start-type=ATG, RBS-motif=GGAGG
11:40:02.919 - INFO - CDS - seq=contig_18, start=646, stop=894, strand=+, frame=1, truncated=no, start-type=ATG, RBS-motif=GGAGG
11:40:02.919 - INFO - CDS - seq=contig_18, start=887, stop=1417, strand=+, frame=2, truncated=no, start-type=ATG, RBS-motif=AGGAGG
11:40:02.919 - INFO - CDS - seq=contig_18, start=1454, stop=1660, strand=+, frame=2, truncated=no, start-type=GTG, RBS-motif=AGGAGG
11:40:02.919 - INFO - CDS - seq=contig_18, start=1657, stop=2043, strand=+, frame=1, truncated=no, start-type=ATG, RBS-motif=GGAG/GAGG
11:40:02.919 - INFO - CDS - seq=contig_18, start=2040, stop=2192, strand=+, frame=3, truncated=no, start-type=ATG, RBS-motif=AGxAGG/AGGxGG
11:40:02.919 - INFO - CDS - seq=contig_18, start=2260, stop=2460, strand=+, frame=1, truncated=no, start-type=ATG, RBS-motif=GGAGG
11:40:02.919 - INFO - CDS - seq=contig_18, start=2487, stop=2693, strand=-, frame=1, truncated=no, start-type=TTG, RBS-motif=GGAG/GAGG
11:40:02.920 - INFO - CDS - seq=contig_18, start=2748, stop=5195, strand=+, frame=3, truncated=no, start-type=ATG, RBS-motif=AGGAG
11:40:02.920 - INFO - CDS - seq=contig_18, start=5536, stop=5826, strand=+, frame=1, truncated=no, start-type=ATG, RBS-motif=GGA/GAG/AGG
11:40:02.920 - INFO - CDS - seq=contig_18, start=5816, stop=7174, strand=+, frame=2, truncated=no, start-type=TTG, RBS-motif=AGxAGG/AGGxGG
11:40:02.920 - INFO - CDS - seq=contig_18, start=7187, stop=7624, strand=+, frame=2, truncated=no, start-type=ATG, RBS-motif=GGAGG
11:40:02.920 - INFO - CDS - seq=contig_18, start=7781, stop=8095, strand=+, frame=2, truncated=no, start-type=ATG, RBS-motif=GGAG/GAGG
11:40:02.921 - INFO - CDS - seq=contig_18, start=8224, stop=8529, strand=+, frame=1, truncated=no, start-type=ATG, RBS-motif=AGxAGG/AGGxGG
11:40:02.921 - INFO - CDS - seq=contig_18, start=8519, stop=10210, strand=+, frame=2, truncated=no, start-type=GTG, RBS-motif=AGxAGG/AGGxGG
11:40:02.921 - INFO - CDS - seq=contig_18, start=10215, stop=11453, strand=+, frame=3, truncated=no, start-type=GTG, RBS-motif=None
11:40:02.921 - INFO - CDS - seq=contig_18, start=11437, stop=12210, strand=+, frame=1, truncated=no, start-type=ATG, RBS-motif=AGxAGG/AGGxGG
11:40:02.922 - INFO - CDS - seq=contig_18, start=12222, stop=13385, strand=+, frame=3, truncated=no, start-type=ATG, RBS-motif=AGGAGG
11:40:02.922 - INFO - CDS - seq=contig_18, start=13454, stop=13732, strand=+, frame=2, truncated=no, start-type=ATG, RBS-motif=GGA/GAG/AGG
11:40:02.922 - INFO - CDS - seq=contig_18, start=13744, stop=14076, strand=+, frame=1, truncated=no, start-type=ATG, RBS-motif=GGA/GAG/AGG
11:40:02.922 - INFO - CDS - seq=contig_18, start=14073, stop=14474, strand=+, frame=3, truncated=no, start-type=ATG, RBS-motif=None
11:40:02.922 - INFO - CDS - seq=contig_18, start=14475, stop=14870, strand=+, frame=3, truncated=no, start-type=ATG, RBS-motif=AGGAG/GGAGG
11:40:02.922 - INFO - CDS - seq=contig_18, start=14905, stop=15546, strand=+, frame=1, truncated=no, start-type=ATG, RBS-motif=AGGAGG
11:40:02.922 - INFO - CDS - seq=contig_18, start=15638, stop=16093, strand=+, frame=2, truncated=no, start-type=ATG, RBS-motif=AGGAG
11:40:02.922 - INFO - CDS - seq=contig_18, start=16151, stop=16501, strand=+, frame=2, truncated=no, start-type=ATG, RBS-motif=AGGAG
11:40:02.923 - INFO - CDS - seq=contig_18, start=16543, stop=16701, strand=+, frame=1, truncated=no, start-type=ATG, RBS-motif=None
11:40:02.925 - INFO - CDS - seq=contig_18, start=16715, stop=22915, strand=+, frame=2, truncated=no, start-type=ATG, RBS-motif=AGGAGG
11:40:02.925 - INFO - CDS - seq=contig_18, start=22915, stop=23739, strand=+, frame=1, truncated=no, start-type=ATG, RBS-motif=AGGAG/GGAGG
11:40:02.925 - INFO - CDS - seq=contig_18, start=23748, stop=25331, strand=+, frame=3, truncated=no, start-type=ATG, RBS-motif=GGA/GAG/AGG
11:40:02.925 - INFO - CDS - seq=contig_18, start=25331, stop=25621, strand=+, frame=2, truncated=no, start-type=ATG, RBS-motif=AGGA/GGAG/GAGG
11:40:02.925 - INFO - CDS - seq=contig_18, start=25637, stop=27547, strand=+, frame=2, truncated=no, start-type=ATG, RBS-motif=AGGA
11:40:02.925 - INFO - CDS - seq=contig_18, start=27547, stop=29013, strand=+, frame=1, truncated=no, start-type=ATG, RBS-motif=AGGA/GGAG/GAGG
11:40:02.925 - INFO - CDS - seq=contig_18, start=29013, stop=29402, strand=+, frame=3, truncated=no, start-type=ATG, RBS-motif=AGGAG
11:40:02.926 - INFO - CDS - seq=contig_18, start=29395, stop=29559, strand=+, frame=1, truncated=no, start-type=ATG, RBS-motif=AGGAG
11:40:02.926 - INFO - CDS - seq=contig_18, start=29605, stop=29904, strand=+, frame=1, truncated=no, start-type=ATG, RBS-motif=None
11:40:02.926 - INFO - CDS - seq=contig_18, start=30040, stop=30342, strand=+, frame=1, truncated=no, start-type=ATG, RBS-motif=AGGAG
11:40:02.926 - INFO - CDS - seq=contig_18, start=30353, stop=31807, strand=+, frame=2, truncated=no, start-type=ATG, RBS-motif=GGA/GAG/AGG
11:40:02.926 - INFO - CDS - seq=contig_18, start=32529, stop=32744, strand=+, frame=3, truncated=no, start-type=ATG, RBS-motif=None
11:40:02.926 - INFO - CDS - seq=contig_18, start=32834, stop=33766, strand=+, frame=2, truncated=no, start-type=ATG, RBS-motif=None
11:40:02.926 - INFO - CDS - seq=contig_18, start=34168, stop=34713, strand=+, frame=1, truncated=no, start-type=ATG, RBS-motif=AGGAG
11:40:02.927 - INFO - CDS - seq=contig_18, start=34819, stop=35067, strand=-, frame=3, truncated=no, start-type=TTG, RBS-motif=AGGAGG
11:40:02.927 - INFO - CDS - seq=contig_18, start=35175, stop=36128, strand=+, frame=3, truncated=no, start-type=TTG, RBS-motif=GGAG/GAGG
11:40:02.927 - INFO - CDS - seq=contig_18, start=36118, stop=37497, strand=+, frame=1, truncated=no, start-type=ATG, RBS-motif=GGAG/GAGG
11:40:02.928 - INFO - CDS - seq=contig_18, start=37650, stop=39110, strand=+, frame=3, truncated=no, start-type=ATG, RBS-motif=AGGA
11:40:02.928 - INFO - CDS - seq=contig_18, start=39512, stop=40498, strand=+, frame=2, truncated=no, start-type=ATG, RBS-motif=AGGAGG
11:40:02.928 - INFO - CDS - seq=contig_18, start=40613, stop=41581, strand=-, frame=2, truncated=no, start-type=ATG, RBS-motif=AGGAGG
11:40:02.928 - INFO - CDS - seq=contig_18, start=41658, stop=42317, strand=+, frame=3, truncated=no, start-type=ATG, RBS-motif=GGA/GAG/AGG
11:40:02.928 - INFO - CDS - seq=contig_18, start=43029, stop=44204, strand=+, frame=3, truncated=no, start-type=ATG, RBS-motif=AGGAGG
11:40:02.928 - INFO - CDS - seq=contig_18, start=44426, stop=45736, strand=+, frame=2, truncated=no, start-type=ATG, RBS-motif=GGAG/GAGG
11:40:02.928 - INFO - CDS - seq=contig_18, start=45753, stop=46751, strand=+, frame=3, truncated=no, start-type=ATG, RBS-motif=GGxGG
11:40:02.928 - INFO - CDS - seq=contig_18, start=46922, stop=47194, strand=+, frame=2, truncated=no, start-type=ATG, RBS-motif=AGGAGG
11:40:02.929 - INFO - CDS - seq=contig_18, start=47625, stop=48197, strand=+, frame=3, truncated=no, start-type=ATG, RBS-motif=GGAG/GAGG
11:40:02.929 - INFO - CDS - seq=contig_18, start=48200, stop=48925, strand=+, frame=2, truncated=no, start-type=ATG, RBS-motif=GGAG/GAGG
11:40:02.929 - INFO - CDS - seq=contig_18, start=48927, stop=49886, strand=+, frame=3, truncated=no, start-type=GTG, RBS-motif=GGA/GAG/AGG
11:40:02.929 - INFO - CDS - seq=contig_18, start=49978, stop=50427, strand=+, frame=1, truncated=no, start-type=GTG, RBS-motif=AGxAGG/AGGxGG
11:40:02.930 - INFO - CDS - seq=contig_18, start=50636, stop=50836, strand=+, frame=2, truncated=no, start-type=ATG, RBS-motif=AGxAGG/AGGxGG
11:40:02.930 - INFO - CDS - seq=contig_18, start=51222, stop=52388, strand=+, frame=3, truncated=no, start-type=ATG, RBS-motif=AGGAG
11:40:02.930 - INFO - CDS - seq=contig_18, start=52414, stop=53478, strand=+, frame=1, truncated=no, start-type=ATG, RBS-motif=GGAG/GAGG
11:40:02.930 - INFO - CDS - seq=contig_18, start=53488, stop=54786, strand=+, frame=1, truncated=no, start-type=ATG, RBS-motif=AGxAGG/AGGxGG
11:40:02.930 - INFO - CDS - seq=contig_18, start=54793, stop=56037, strand=+, frame=1, truncated=no, start-type=ATG, RBS-motif=GGA/GAG/AGG
11:40:02.930 - INFO - CDS - seq=contig_18, start=56039, stop=56626, strand=+, frame=2, truncated=no, start-type=ATG, RBS-motif=None
11:40:02.930 - INFO - CDS - seq=contig_18, start=56616, stop=57203, strand=+, frame=3, truncated=no, start-type=ATG, RBS-motif=GGAG/GAGG
11:40:02.931 - INFO - CDS - seq=contig_18, start=57257, stop=57955, strand=+, frame=2, truncated=no, start-type=TTG, RBS-motif=AGGAG
11:40:02.931 - INFO - CDS - seq=contig_18, start=58291, stop=58608, strand=+, frame=1, truncated=no, start-type=ATG, RBS-motif=AGGAG
11:40:02.931 - INFO - CDS - seq=contig_18, start=58852, stop=59994, strand=+, frame=1, truncated=no, start-type=ATG, RBS-motif=AGGA/GGAG/GAGG
11:40:02.931 - INFO - CDS - seq=contig_18, start=59999, stop=61201, strand=+, frame=2, truncated=no, start-type=ATG, RBS-motif=GGA/GAG/AGG
11:40:02.931 - INFO - CDS - seq=contig_18, start=61188, stop=62159, strand=+, frame=3, truncated=no, start-type=ATG, RBS-motif=GGxGG
11:40:02.931 - INFO - CDS - seq=contig_18, start=62183, stop=64876, strand=+, frame=2, truncated=no, start-type=ATG, RBS-motif=AGGAG
11:40:02.932 - INFO - CDS - seq=contig_18, start=65198, stop=66490, strand=+, frame=2, truncated=no, start-type=ATG, RBS-motif=AGGAG
11:40:02.932 - INFO - CDS - seq=contig_18, start=66818, stop=67504, strand=+, frame=2, truncated=no, start-type=ATG, RBS-motif=AGxAGG/AGGxGG
11:40:02.932 - INFO - CDS - seq=contig_18, start=67494, stop=68153, strand=+, frame=3, truncated=no, start-type=ATG, RBS-motif=GGAG/GAGG
11:40:02.932 - INFO - CDS - seq=contig_18, start=68158, stop=68499, strand=+, frame=1, truncated=no, start-type=ATG, RBS-motif=AGxAG
11:40:02.932 - INFO - CDS - seq=contig_18, start=69065, stop=71248, strand=-, frame=2, truncated=no, start-type=ATG, RBS-motif=GGAG/GAGG
11:40:02.932 - INFO - CDS - seq=contig_18, start=71245, stop=71871, strand=-, frame=3, truncated=no, start-type=ATG, RBS-motif=None
11:40:02.933 - INFO - CDS - seq=contig_18, start=72360, stop=72761, strand=+, frame=3, truncated=no, start-type=ATG, RBS-motif=GGA/GAG/AGG
11:40:02.933 - INFO - CDS - seq=contig_18, start=72754, stop=73317, strand=+, frame=1, truncated=no, start-type=ATG, RBS-motif=GGAG/GAGG
11:40:02.933 - INFO - CDS - seq=contig_18, start=73331, stop=73675, strand=+, frame=2, truncated=no, start-type=ATG, RBS-motif=GGAG/GAGG
11:40:02.934 - INFO - CDS - seq=contig_18, start=73776, stop=73892, strand=+, frame=3, truncated=no, start-type=ATG, RBS-motif=GGAG/GAGG
11:40:02.934 - INFO - CDS - seq=contig_18, start=74326, stop=75471, strand=+, frame=1, truncated=no, start-type=ATG, RBS-motif=AGGAG
11:40:02.934 - INFO - CDS - seq=contig_18, start=75555, stop=75887, strand=+, frame=3, truncated=no, start-type=ATG, RBS-motif=GGAGG
11:40:02.934 - INFO - CDS - seq=contig_18, start=76093, stop=77433, strand=-, frame=3, truncated=no, start-type=ATG, RBS-motif=GGAGG
11:40:02.934 - INFO - CDS - seq=contig_18, start=77737, stop=81177, strand=+, frame=1, truncated=no, start-type=ATG, RBS-motif=GGA/GAG/AGG
11:40:02.934 - INFO - CDS - seq=contig_18, start=81197, stop=82075, strand=+, frame=2, truncated=no, start-type=ATG, RBS-motif=AGxAGG/AGGxGG
11:40:02.934 - INFO - CDS - seq=contig_18, start=82551, stop=83669, strand=+, frame=3, truncated=no, start-type=ATG, RBS-motif=AGGAG
11:40:02.935 - INFO - CDS - seq=contig_18, start=83764, stop=84804, strand=+, frame=1, truncated=no, start-type=ATG, RBS-motif=AGGA
11:40:02.935 - INFO - CDS - seq=contig_18, start=84835, stop=86157, strand=+, frame=1, truncated=no, start-type=ATG, RBS-motif=GGAG/GAGG
11:40:02.935 - INFO - CDS - seq=contig_18, start=86313, stop=87704, strand=+, frame=3, truncated=no, start-type=ATG, RBS-motif=GGAGG
11:40:02.935 - INFO - CDS - seq=contig_18, start=88102, stop=119745, strand=+, frame=1, truncated=no, start-type=GTG, RBS-motif=AGGAG/GGAGG
11:40:02.935 - INFO - CDS - seq=contig_18, start=119804, stop=120205, strand=-, frame=2, truncated=no, start-type=ATG, RBS-motif=AGxAGG/AGGxGG
11:40:02.935 - INFO - CDS - seq=contig_18, start=120688, stop=121392, strand=-, frame=3, truncated=no, start-type=ATG, RBS-motif=AGGAGG
11:40:02.935 - INFO - CDS - seq=contig_18, start=121843, stop=122094, strand=+, frame=1, truncated=no, start-type=ATG, RBS-motif=AGGAGG
11:40:02.935 - INFO - CDS - seq=contig_18, start=122132, stop=123256, strand=+, frame=2, truncated=no, start-type=ATG, RBS-motif=GGxGG
11:40:02.936 - INFO - CDS - seq=contig_18, start=123272, stop=123709, strand=+, frame=2, truncated=no, start-type=ATG, RBS-motif=GGAGG
11:40:02.936 - INFO - CDS - seq=contig_18, start=124133, stop=125089, strand=+, frame=2, truncated=no, start-type=ATG, RBS-motif=AGGA/GGAG/GAGG
11:40:02.936 - INFO - CDS - seq=contig_18, start=125289, stop=125768, strand=+, frame=3, truncated=no, start-type=ATG, RBS-motif=AGGAGG
11:40:02.936 - INFO - CDS - seq=contig_18, start=125783, stop=126622, strand=+, frame=2, truncated=no, start-type=ATG, RBS-motif=AGxAGG/AGGxGG
11:40:02.936 - INFO - CDS - seq=contig_18, start=126708, stop=127241, strand=+, frame=3, truncated=no, start-type=ATG, RBS-motif=AGGAGG
11:40:02.936 - INFO - CDS - seq=contig_18, start=127234, stop=127662, strand=+, frame=1, truncated=no, start-type=ATG, RBS-motif=GGxGG
11:40:02.936 - INFO - CDS - seq=contig_18, start=127674, stop=128174, strand=+, frame=3, truncated=no, start-type=ATG, RBS-motif=AGGAG
11:40:02.936 - INFO - CDS - seq=contig_18, start=128174, stop=128395, strand=+, frame=2, truncated=no, start-type=ATG, RBS-motif=None
11:40:02.936 - INFO - CDS - seq=contig_18, start=128587, stop=130077, strand=+, frame=1, truncated=no, start-type=ATG, RBS-motif=AGGA
11:40:02.937 - INFO - CDS - seq=contig_18, start=130477, stop=130986, strand=+, frame=1, truncated=no, start-type=ATG, RBS-motif=AGGAG
11:40:02.937 - INFO - CDS - seq=contig_18, start=130998, stop=132068, strand=+, frame=3, truncated=no, start-type=ATG, RBS-motif=GGAG/GAGG
11:40:02.937 - INFO - CDS - seq=contig_18, start=132085, stop=132699, strand=+, frame=1, truncated=no, start-type=ATG, RBS-motif=GGxGG
11:40:02.937 - INFO - CDS - seq=contig_18, start=132816, stop=133016, strand=+, frame=3, truncated=no, start-type=ATG, RBS-motif=GGA/GAG/AGG
11:40:02.937 - INFO - CDS - seq=contig_18, start=133487, stop=134146, strand=+, frame=2, truncated=no, start-type=ATG, RBS-motif=GGAG/GAGG
11:40:02.937 - INFO - CDS - seq=contig_18, start=134143, stop=135498, strand=+, frame=1, truncated=no, start-type=ATG, RBS-motif=None
11:40:02.937 - INFO - CDS - seq=contig_18, start=135782, stop=138580, strand=+, frame=2, truncated=no, start-type=ATG, RBS-motif=GGAGG
11:40:02.937 - INFO - CDS - seq=contig_18, start=138594, stop=139862, strand=+, frame=3, truncated=no, start-type=ATG, RBS-motif=AGxAGG/AGGxGG
11:40:02.938 - INFO - CDS - seq=contig_18, start=140442, stop=141251, strand=+, frame=3, truncated=no, start-type=ATG, RBS-motif=GGAG/GAGG
11:40:02.938 - INFO - CDS - seq=contig_18, start=141280, stop=141483, strand=+, frame=1, truncated=no, start-type=ATG, RBS-motif=GGAG/GAGG
11:40:02.938 - INFO - CDS - seq=contig_18, start=141664, stop=142455, strand=+, frame=1, truncated=no, start-type=ATG, RBS-motif=AGGAG/GGAGG
11:40:02.938 - INFO - CDS - seq=contig_18, start=142469, stop=144355, strand=+, frame=2, truncated=no, start-type=ATG, RBS-motif=GGAG/GAGG
11:40:02.938 - INFO - CDS - seq=contig_18, start=144581, stop=145921, strand=+, frame=2, truncated=no, start-type=ATG, RBS-motif=AGGAG
11:40:02.938 - INFO - CDS - seq=contig_18, start=145994, stop=147130, strand=-, frame=2, truncated=no, start-type=ATG, RBS-motif=GGAG/GAGG
11:40:02.938 - INFO - CDS - seq=contig_18, start=147162, stop=147785, strand=-, frame=1, truncated=no, start-type=GTG, RBS-motif=AGGA
11:40:02.938 - INFO - CDS - seq=contig_18, start=147810, stop=148079, strand=-, frame=1, truncated=no, start-type=ATG, RBS-motif=GGAG/GAGG
11:40:02.938 - INFO - CDS - seq=contig_18, start=148242, stop=148550, strand=+, frame=3, truncated=no, start-type=ATG, RBS-motif=GGA/GAG/AGG
11:40:02.938 - INFO - CDS - seq=contig_18, start=148721, stop=148921, strand=+, frame=2, truncated=no, start-type=ATG, RBS-motif=GGAGG
11:40:02.939 - INFO - CDS - seq=contig_18, start=149118, stop=149519, strand=+, frame=3, truncated=no, start-type=ATG, RBS-motif=GGAG/GAGG
11:40:02.939 - INFO - CDS - seq=contig_18, start=149759, stop=151024, strand=-, frame=2, truncated=no, start-type=ATG, RBS-motif=AGGAG
11:40:02.939 - INFO - CDS - seq=contig_18, start=151014, stop=152099, strand=-, frame=1, truncated=no, start-type=TTG, RBS-motif=GGAG/GAGG
11:40:02.939 - INFO - CDS - seq=contig_18, start=152104, stop=153255, strand=-, frame=3, truncated=no, start-type=ATG, RBS-motif=AGGA
11:40:02.940 - INFO - CDS - seq=contig_18, start=153398, stop=154117, strand=-, frame=2, truncated=no, start-type=ATG, RBS-motif=AGGAG/GGAGG
11:40:02.940 - INFO - CDS - seq=contig_18, start=154144, stop=154866, strand=-, frame=3, truncated=no, start-type=GTG, RBS-motif=None
11:40:02.940 - INFO - CDS - seq=contig_18, start=154863, stop=155750, strand=-, frame=1, truncated=no, start-type=ATG, RBS-motif=AGGAG
11:40:02.940 - INFO - CDS - seq=contig_18, start=155752, stop=156741, strand=-, frame=3, truncated=no, start-type=ATG, RBS-motif=GGAG/GAGG
11:40:02.940 - INFO - CDS - seq=contig_18, start=156805, stop=158010, strand=-, frame=3, truncated=no, start-type=ATG, RBS-motif=AGGAGG
11:40:02.940 - INFO - CDS - seq=contig_18, start=1, stop=348, strand=+, nt=[ATGATGTTGA..TATGAGATGA]
11:40:02.940 - INFO - CDS - seq=contig_18, start=345, stop=653, strand=+, nt=[ATGACGTTCA..TAATGAATAA]
11:40:02.940 - INFO - CDS - seq=contig_18, start=646, stop=894, strand=+, nt=[ATGAATAACC..AAATGACTAA]
11:40:02.941 - INFO - CDS - seq=contig_18, start=887, stop=1417, strand=+, nt=[ATGACTAACA..CGGAGTTTAA]
11:40:02.941 - INFO - CDS - seq=contig_18, start=1454, stop=1660, strand=+, nt=[GTGACACAAT..TGGGAAATGA]
11:40:02.941 - INFO - CDS - seq=contig_18, start=1657, stop=2043, strand=+, nt=[ATGATTAAAA..TAAACAATGA]
11:40:02.941 - INFO - CDS - seq=contig_18, start=2040, stop=2192, strand=+, nt=[ATGATTAAAC..TTCATGGTAA]
11:40:02.941 - INFO - CDS - seq=contig_18, start=2260, stop=2460, strand=+, nt=[ATGTGGATTG..CAAAAGCTAA]
11:40:02.941 - INFO - CDS - seq=contig_18, start=2487, stop=2693, strand=-, nt=[TTGAAAACTT..CTTCTTTTAA]
11:40:02.941 - INFO - CDS - seq=contig_18, start=2748, stop=5195, strand=+, nt=[ATGTTAGACA..TTTAATATAA]
11:40:02.941 - INFO - CDS - seq=contig_18, start=5536, stop=5826, strand=+, nt=[ATGAAAGAAT..TGGCGATTGA]
11:40:02.941 - INFO - CDS - seq=contig_18, start=5816, stop=7174, strand=+, nt=[TTGGCGATTG..GCATAAGTAA]
11:40:02.941 - INFO - CDS - seq=contig_18, start=7187, stop=7624, strand=+, nt=[ATGGGAAAGG..TATCAAATAA]
11:40:02.941 - INFO - CDS - seq=contig_18, start=7781, stop=8095, strand=+, nt=[ATGACCAAGC..AAAAATTTAA]
11:40:02.942 - INFO - CDS - seq=contig_18, start=8224, stop=8529, strand=+, nt=[ATGAAGTTAA..TGACTATTAA]
11:40:02.942 - INFO - CDS - seq=contig_18, start=8519, stop=10210, strand=+, nt=[GTGACTATTA..AATGCGTTAA]
11:40:02.942 - INFO - CDS - seq=contig_18, start=10215, stop=11453, strand=+, nt=[GTGAATGTTA..TGAAAGCTAA]
11:40:02.942 - INFO - CDS - seq=contig_18, start=11437, stop=12210, strand=+, nt=[ATGTCAATGA..GAGTTATTAG]
11:40:02.942 - INFO - CDS - seq=contig_18, start=12222, stop=13385, strand=+, nt=[ATGCCGACAT..ACCCAGCTAA]
11:40:02.942 - INFO - CDS - seq=contig_18, start=13454, stop=13732, strand=+, nt=[ATGAGTTTGG..AAAGTGGTAG]
11:40:02.942 - INFO - CDS - seq=contig_18, start=13744, stop=14076, strand=+, nt=[ATGGAATTTA..AGAAAAATGA]
11:40:02.942 - INFO - CDS - seq=contig_18, start=14073, stop=14474, strand=+, nt=[ATGAGTGTAG..GGCCAGATAA]
11:40:02.942 - INFO - CDS - seq=contig_18, start=14475, stop=14870, strand=+, nt=[ATGAATATAT..CATCGAATAG]
11:40:02.942 - INFO - CDS - seq=contig_18, start=14905, stop=15546, strand=+, nt=[ATGGCAGAAG..ACCCAGCTAA]
11:40:02.942 - INFO - CDS - seq=contig_18, start=15638, stop=16093, strand=+, nt=[ATGACTAAAA..AAACGGATAG]
11:40:02.943 - INFO - CDS - seq=contig_18, start=16151, stop=16501, strand=+, nt=[ATGATTAAAT..ATCTCAATAA]
11:40:02.943 - INFO - CDS - seq=contig_18, start=16543, stop=16701, strand=+, nt=[ATGGAGCAGT..TGGAAGCTAG]
11:40:02.943 - INFO - CDS - seq=contig_18, start=16715, stop=22915, strand=+, nt=[ATGAATGAAA..GACTAATTAA]
11:40:02.943 - INFO - CDS - seq=contig_18, start=22915, stop=23739, strand=+, nt=[ATGCAATCTT..TTATAGGTAG]
11:40:02.943 - INFO - CDS - seq=contig_18, start=23748, stop=25331, strand=+, nt=[ATGGATTATC..ATTAATATAA]
11:40:02.943 - INFO - CDS - seq=contig_18, start=25331, stop=25621, strand=+, nt=[ATGGCAACAG..ATTTTATTAG]
11:40:02.943 - INFO - CDS - seq=contig_18, start=25637, stop=27547, strand=+, nt=[ATGGAAAATT..TATAAGTTAA]
11:40:02.943 - INFO - CDS - seq=contig_18, start=27547, stop=29013, strand=+, nt=[ATGAGTAATT..GAGAAAATAA]
11:40:02.943 - INFO - CDS - seq=contig_18, start=29013, stop=29402, strand=+, nt=[ATGCAAATAT..AAATGCTTAA]
11:40:02.943 - INFO - CDS - seq=contig_18, start=29395, stop=29559, strand=+, nt=[ATGCTTAAAT..AGAGTCATAG]
11:40:02.943 - INFO - CDS - seq=contig_18, start=29605, stop=29904, strand=+, nt=[ATGTTTGGAT..TGGCATTTAA]
11:40:02.943 - INFO - CDS - seq=contig_18, start=30040, stop=30342, strand=+, nt=[ATGGATGCAA..TTTAGGGTAG]
11:40:02.944 - INFO - CDS - seq=contig_18, start=30353, stop=31807, strand=+, nt=[ATGTTGATAA..CACGATTTAG]
11:40:02.944 - INFO - CDS - seq=contig_18, start=32529, stop=32744, strand=+, nt=[ATGACCGCTT..TGTATACTAA]
11:40:02.944 - INFO - CDS - seq=contig_18, start=32834, stop=33766, strand=+, nt=[ATGTTTAAAA..GAATGATTAA]
11:40:02.944 - INFO - CDS - seq=contig_18, start=34168, stop=34713, strand=+, nt=[ATGCAACAAA..AAGAATTTAA]
11:40:02.944 - INFO - CDS - seq=contig_18, start=34819, stop=35067, strand=-, nt=[TTGGCAAAAT..ATTTGAATAA]
11:40:02.944 - INFO - CDS - seq=contig_18, start=35175, stop=36128, strand=+, nt=[TTGCAACACA..TGTTGCATGA]
11:40:02.944 - INFO - CDS - seq=contig_18, start=36118, stop=37497, strand=+, nt=[ATGTTGCATG..TCTCAGATAG]
11:40:02.944 - INFO - CDS - seq=contig_18, start=37650, stop=39110, strand=+, nt=[ATGTCTAATA..TATTCCATAA]
11:40:02.944 - INFO - CDS - seq=contig_18, start=39512, stop=40498, strand=+, nt=[ATGCAAAAAG..AGAATCATAA]
11:40:02.944 - INFO - CDS - seq=contig_18, start=40613, stop=41581, strand=-, nt=[ATGAAACATC..TGAATTATAA]
11:40:02.944 - INFO - CDS - seq=contig_18, start=41658, stop=42317, strand=+, nt=[ATGAAAGCCA..AATTAAATAA]
11:40:02.945 - INFO - CDS - seq=contig_18, start=43029, stop=44204, strand=+, nt=[ATGACTGAAG..TAAACTATAA]
11:40:02.945 - INFO - CDS - seq=contig_18, start=44426, stop=45736, strand=+, nt=[ATGACTAAAC..GAGAAATTAA]
11:40:02.945 - INFO - CDS - seq=contig_18, start=45753, stop=46751, strand=+, nt=[ATGACTAAAA..ATCTGAATAA]
11:40:02.945 - INFO - CDS - seq=contig_18, start=46922, stop=47194, strand=+, nt=[ATGAACAAAA..TGTAAAATAA]
11:40:02.945 - INFO - CDS - seq=contig_18, start=47625, stop=48197, strand=+, nt=[ATGGAAACAA..AGGTAATTAA]
11:40:02.945 - INFO - CDS - seq=contig_18, start=48200, stop=48925, strand=+, nt=[ATGGCTGACA..AGGTGATTAA]
11:40:02.945 - INFO - CDS - seq=contig_18, start=48927, stop=49886, strand=+, nt=[GTGGCAAAGT..AAACACATAG]
11:40:02.946 - INFO - CDS - seq=contig_18, start=49978, stop=50427, strand=+, nt=[GTGGAACGTA..ATATGAATAA]
11:40:02.946 - INFO - CDS - seq=contig_18, start=50636, stop=50836, strand=+, nt=[ATGAAGAATA..AAGCGCTTAA]
11:40:02.946 - INFO - CDS - seq=contig_18, start=51222, stop=52388, strand=+, nt=[ATGAGATATC..TGAGTTTTAA]
11:40:02.946 - INFO - CDS - seq=contig_18, start=52414, stop=53478, strand=+, nt=[ATGAAATTAC..TTTTAAGTAG]
11:40:02.946 - INFO - CDS - seq=contig_18, start=53488, stop=54786, strand=+, nt=[ATGGTAAGTG..TGAGGGATAA]
11:40:02.946 - INFO - CDS - seq=contig_18, start=54793, stop=56037, strand=+, nt=[ATGGAAGATA..GCAATCTTAA]
11:40:02.946 - INFO - CDS - seq=contig_18, start=56039, stop=56626, strand=+, nt=[ATGGGGTATT..TGACGATTAA]
11:40:02.947 - INFO - CDS - seq=contig_18, start=56616, stop=57203, strand=+, nt=[ATGACGATTA..GTGTAAATGA]
11:40:02.947 - INFO - CDS - seq=contig_18, start=57257, stop=57955, strand=+, nt=[TTGTCTTCAA..AAGTGATTAA]
11:40:02.947 - INFO - CDS - seq=contig_18, start=58291, stop=58608, strand=+, nt=[ATGAAATCAA..AAGAAAGTGA]
11:40:02.947 - INFO - CDS - seq=contig_18, start=58852, stop=59994, strand=+, nt=[ATGAAGATAG..AGGCGAGTAA]
11:40:02.947 - INFO - CDS - seq=contig_18, start=59999, stop=61201, strand=+, nt=[ATGGATAAAT..CAAAATATAG]
11:40:02.947 - INFO - CDS - seq=contig_18, start=61188, stop=62159, strand=+, nt=[ATGTCAAAAT..AGATTTTTAA]
11:40:02.947 - INFO - CDS - seq=contig_18, start=62183, stop=64876, strand=+, nt=[ATGGGTATGG..GAAAAAGTGA]
11:40:02.947 - INFO - CDS - seq=contig_18, start=65198, stop=66490, strand=+, nt=[ATGAAAACAA..ATATCCATAA]
11:40:02.947 - INFO - CDS - seq=contig_18, start=66818, stop=67504, strand=+, nt=[ATGGATAAAT..TGGTAAGTAA]
11:40:02.947 - INFO - CDS - seq=contig_18, start=67494, stop=68153, strand=+, nt=[ATGGTAAGTA..AGAAGCGTGA]
11:40:02.947 - INFO - CDS - seq=contig_18, start=68158, stop=68499, strand=+, nt=[ATGACAAATA..GCAGGTATAG]
11:40:02.948 - INFO - CDS - seq=contig_18, start=69065, stop=71248, strand=-, nt=[ATGACGGAAA..ATTCAACTAA]
11:40:02.948 - INFO - CDS - seq=contig_18, start=71245, stop=71871, strand=-, nt=[ATGAATTATC..CCGCGTATGA]
11:40:02.948 - INFO - CDS - seq=contig_18, start=72360, stop=72761, strand=+, nt=[ATGACGAATA..TTATGGTTAA]
11:40:02.948 - INFO - CDS - seq=contig_18, start=72754, stop=73317, strand=+, nt=[ATGGTTAAAA..AAGTTTCTAA]
11:40:02.948 - INFO - CDS - seq=contig_18, start=73331, stop=73675, strand=+, nt=[ATGTCAGATG..TGGTAAATAA]
11:40:02.948 - INFO - CDS - seq=contig_18, start=73776, stop=73892, strand=+, nt=[ATGCTCACAC..AGTAATTTGA]
11:40:02.948 - INFO - CDS - seq=contig_18, start=74326, stop=75471, strand=+, nt=[ATGTTTCAAT..TGAAAACTAA]
11:40:02.948 - INFO - CDS - seq=contig_18, start=75555, stop=75887, strand=+, nt=[ATGGGTAAAA..TATGAATTAA]
11:40:02.948 - INFO - CDS - seq=contig_18, start=76093, stop=77433, strand=-, nt=[ATGAAAAATA..TAAACAATAA]
11:40:02.948 - INFO - CDS - seq=contig_18, start=77737, stop=81177, strand=+, nt=[ATGATTAATA..TTTATATTAA]
11:40:02.948 - INFO - CDS - seq=contig_18, start=81197, stop=82075, strand=+, nt=[ATGCCTAATA..CCATTTTTAA]
11:40:02.949 - INFO - CDS - seq=contig_18, start=82551, stop=83669, strand=+, nt=[ATGTTAGTTG..TATCGAATAG]
11:40:02.949 - INFO - CDS - seq=contig_18, start=83764, stop=84804, strand=+, nt=[ATGACAACCA..GGTAGGTTAA]
11:40:02.949 - INFO - CDS - seq=contig_18, start=84835, stop=86157, strand=+, nt=[ATGTCAAATG..AGCAGCATAA]
11:40:02.949 - INFO - CDS - seq=contig_18, start=86313, stop=87704, strand=+, nt=[ATGGAAAAGC..TCAATTATGA]
11:40:02.949 - INFO - CDS - seq=contig_18, start=88102, stop=119745, strand=+, nt=[GTGAATTATC..TAAAAAATAA]
11:40:02.949 - INFO - CDS - seq=contig_18, start=119804, stop=120205, strand=-, nt=[ATGGCGAAAA..GAATAAATAA]
11:40:02.949 - INFO - CDS - seq=contig_18, start=120688, stop=121392, strand=-, nt=[ATGTATAATG..AGGCTATTAA]
11:40:02.949 - INFO - CDS - seq=contig_18, start=121843, stop=122094, strand=+, nt=[ATGAAAATTA..ATTCGAATAA]
11:40:02.949 - INFO - CDS - seq=contig_18, start=122132, stop=123256, strand=+, nt=[ATGGAAATTT..AACAATTTAA]
11:40:02.949 - INFO - CDS - seq=contig_18, start=123272, stop=123709, strand=+, nt=[ATGAATGCAT..TTGTAAATAG]
11:40:02.950 - INFO - CDS - seq=contig_18, start=124133, stop=125089, strand=+, nt=[ATGTTGAATT..AGCAGTGTAG]
11:40:02.950 - INFO - CDS - seq=contig_18, start=125289, stop=125768, strand=+, nt=[ATGACTTTAT..TAAAAAATAA]
11:40:02.950 - INFO - CDS - seq=contig_18, start=125783, stop=126622, strand=+, nt=[ATGACAAAAC..TAAGAAGTAA]
11:40:02.950 - INFO - CDS - seq=contig_18, start=126708, stop=127241, strand=+, nt=[ATGACAAAAG..AAATGCTTAA]
11:40:02.950 - INFO - CDS - seq=contig_18, start=127234, stop=127662, strand=+, nt=[ATGCTTAAAA..TGATAAGTAG]
11:40:02.950 - INFO - CDS - seq=contig_18, start=127674, stop=128174, strand=+, nt=[ATGTTTAAAA..AATGAACTAA]
11:40:02.950 - INFO - CDS - seq=contig_18, start=128174, stop=128395, strand=+, nt=[ATGAAAAACT..AAAATTTTAA]
11:40:02.950 - INFO - CDS - seq=contig_18, start=128587, stop=130077, strand=+, nt=[ATGGATGATA..TTTAAAATAA]
11:40:02.950 - INFO - CDS - seq=contig_18, start=130477, stop=130986, strand=+, nt=[ATGATCCGTC..AAAAGAATAG]
11:40:02.950 - INFO - CDS - seq=contig_18, start=130998, stop=132068, strand=+, nt=[ATGACGAAAA..ATTGAATTAA]
11:40:02.950 - INFO - CDS - seq=contig_18, start=132085, stop=132699, strand=+, nt=[ATGAGTCAAT..AATAAATTAA]
11:40:02.951 - INFO - CDS - seq=contig_18, start=132816, stop=133016, strand=+, nt=[ATGACCAATC..TTCTCATTAG]
11:40:02.951 - INFO - CDS - seq=contig_18, start=133487, stop=134146, strand=+, nt=[ATGACGCAAA..GATACGATGA]
11:40:02.951 - INFO - CDS - seq=contig_18, start=134143, stop=135498, strand=+, nt=[ATGACAAAAC..CATATTTTAA]
11:40:02.951 - INFO - CDS - seq=contig_18, start=135782, stop=138580, strand=+, nt=[ATGACTAACG..AAATAACTAG]
11:40:02.951 - INFO - CDS - seq=contig_18, start=138594, stop=139862, strand=+, nt=[ATGCCAGAGG..AGAATCTTAA]
11:40:02.951 - INFO - CDS - seq=contig_18, start=140442, stop=141251, strand=+, nt=[ATGTGTGGAC..ACAAAAATAA]
11:40:02.951 - INFO - CDS - seq=contig_18, start=141280, stop=141483, strand=+, nt=[ATGTTACATG..AGAAGTTTAA]
11:40:02.951 - INFO - CDS - seq=contig_18, start=141664, stop=142455, strand=+, nt=[ATGGCACTAA..AAACTTTTAA]
11:40:02.951 - INFO - CDS - seq=contig_18, start=142469, stop=144355, strand=+, nt=[ATGAGTGATC..ATCTTTATAA]
11:40:02.951 - INFO - CDS - seq=contig_18, start=144581, stop=145921, strand=+, nt=[ATGAATAAAA..ACAGGAATAA]
11:40:02.952 - INFO - CDS - seq=contig_18, start=145994, stop=147130, strand=-, nt=[ATGACTGAAA..ACAATCATAA]
11:40:02.952 - INFO - CDS - seq=contig_18, start=147162, stop=147785, strand=-, nt=[GTGAGATATA..TCAAGATTGA]
11:40:02.953 - INFO - CDS - seq=contig_18, start=147810, stop=148079, strand=-, nt=[ATGAGACATA..ATCAATATAA]
11:40:02.953 - INFO - CDS - seq=contig_18, start=148242, stop=148550, strand=+, nt=[ATGTGGACAG..AATTGATTAA]
11:40:02.953 - INFO - CDS - seq=contig_18, start=148721, stop=148921, strand=+, nt=[ATGAAACAAG..TAAACTATAA]
11:40:02.953 - INFO - CDS - seq=contig_18, start=149118, stop=149519, strand=+, nt=[ATGAAATATC..TAAAATCTAA]
11:40:02.953 - INFO - CDS - seq=contig_18, start=149759, stop=151024, strand=-, nt=[ATGACTGTTA..TACAAAATAA]
11:40:02.953 - INFO - CDS - seq=contig_18, start=151014, stop=152099, strand=-, nt=[TTGACAGCAA..TGACTGTTAA]
11:40:02.953 - INFO - CDS - seq=contig_18, start=152104, stop=153255, strand=-, nt=[ATGAATGAAT..AGAGGTGTAA]
11:40:02.953 - INFO - CDS - seq=contig_18, start=153398, stop=154117, strand=-, nt=[ATGGTACAAC..GAATGACTAG]
11:40:02.954 - INFO - CDS - seq=contig_18, start=154144, stop=154866, strand=-, nt=[GTGAAAATAT..CAACTTATAA]
11:40:02.954 - INFO - CDS - seq=contig_18, start=154863, stop=155750, strand=-, nt=[ATGACACATT..AAATGAGTGA]
11:40:02.954 - INFO - CDS - seq=contig_18, start=155752, stop=156741, strand=-, nt=[ATGACAAAGT..AGCGAATTAA]
11:40:02.954 - INFO - CDS - seq=contig_18, start=156805, stop=158010, strand=-, nt=[ATGGTAACAA..TAACATTTAA]
11:40:02.954 - INFO - CDS - seq=contig_19, start=244, stop=873, strand=-, frame=1, truncated=no, start-type=ATG, RBS-motif=GGA/GAG/AGG
11:40:02.954 - INFO - CDS - seq=contig_19, start=888, stop=1148, strand=-, frame=2, truncated=no, start-type=ATG, RBS-motif=GGAGG
11:40:02.954 - INFO - CDS - seq=contig_19, start=1284, stop=2348, strand=+, frame=3, truncated=no, start-type=ATG, RBS-motif=AGGAGG
11:40:02.954 - INFO - CDS - seq=contig_19, start=2381, stop=3319, strand=+, frame=2, truncated=no, start-type=TTG, RBS-motif=AGGAG
11:40:02.954 - INFO - CDS - seq=contig_19, start=3410, stop=3715, strand=+, frame=2, truncated=no, start-type=TTG, RBS-motif=None
11:40:02.955 - INFO - CDS - seq=contig_19, start=3829, stop=4938, strand=-, frame=1, truncated=no, start-type=GTG, RBS-motif=None
11:40:02.955 - INFO - CDS - seq=contig_19, start=5446, stop=5817, strand=-, frame=1, truncated=no, start-type=ATG, RBS-motif=GGAG/GAGG
11:40:02.955 - INFO - CDS - seq=contig_19, start=5817, stop=7574, strand=-, frame=2, truncated=no, start-type=GTG, RBS-motif=GGAGG
11:40:02.955 - INFO - CDS - seq=contig_19, start=7674, stop=9680, strand=+, frame=3, truncated=no, start-type=ATG, RBS-motif=AGGAGG
11:40:02.955 - INFO - CDS - seq=contig_19, start=9726, stop=10154, strand=-, frame=2, truncated=no, start-type=ATG, RBS-motif=GGA/GAG/AGG
11:40:02.955 - INFO - CDS - seq=contig_19, start=10251, stop=10994, strand=-, frame=2, truncated=no, start-type=ATG, RBS-motif=AGGAG
11:40:02.955 - INFO - CDS - seq=contig_19, start=11671, stop=11838, strand=-, frame=1, truncated=no, start-type=ATG, RBS-motif=GGA/GAG/AGG
11:40:02.955 - INFO - CDS - seq=contig_19, start=244, stop=873, strand=-, nt=[ATGACTATTA..AATTGAATGA]
11:40:02.955 - INFO - CDS - seq=contig_19, start=888, stop=1148, strand=-, nt=[ATGACTTATG..AAGTAAATAA]
11:40:02.955 - INFO - CDS - seq=contig_19, start=1284, stop=2348, strand=+, nt=[ATGGAACAAT..ATTTATCTAA]
11:40:02.955 - INFO - CDS - seq=contig_19, start=2381, stop=3319, strand=+, nt=[TTGTTTTTCA..TTATGACTAA]
11:40:02.956 - INFO - CDS - seq=contig_19, start=3410, stop=3715, strand=+, nt=[TTGCCACAAA..TTTAAAATAG]
11:40:02.956 - INFO - CDS - seq=contig_19, start=3829, stop=4938, strand=-, nt=[GTGCTAAGGG..AAAAGCATAA]
11:40:02.956 - INFO - CDS - seq=contig_19, start=5446, stop=5817, strand=-, nt=[ATGGATAATA..TAAAAAATAA]
11:40:02.956 - INFO - CDS - seq=contig_19, start=5817, stop=7574, strand=-, nt=[GTGTTATCAT..GTTAATATAA]
11:40:02.956 - INFO - CDS - seq=contig_19, start=7674, stop=9680, strand=+, nt=[ATGAAAAAGA..AGATGAATAA]
11:40:02.956 - INFO - CDS - seq=contig_19, start=9726, stop=10154, strand=-, nt=[ATGAAATACG..TAATTCATAA]
11:40:02.956 - INFO - CDS - seq=contig_19, start=10251, stop=10994, strand=-, nt=[ATGCTAACTG..GTCTCAATAG]
11:40:02.956 - INFO - CDS - seq=contig_19, start=11671, stop=11838, strand=-, nt=[ATGCTAGAAT..AGAGAAATAA]
11:40:02.956 - INFO - CDS - seq=contig_20, start=3, stop=962, strand=-, frame=2, truncated=no, start-type=ATG, RBS-motif=AGGAG
11:40:02.956 - INFO - CDS - seq=contig_20, start=1609, stop=3096, strand=-, frame=1, truncated=no, start-type=ATG, RBS-motif=AGGAG
11:40:02.956 - INFO - CDS - seq=contig_20, start=3523, stop=3906, strand=+, frame=1, truncated=no, start-type=ATG, RBS-motif=GGAG/GAGG
11:40:02.957 - INFO - CDS - seq=contig_20, start=3913, stop=4239, strand=+, frame=1, truncated=no, start-type=ATG, RBS-motif=AGGAG
11:40:02.957 - INFO - CDS - seq=contig_20, start=4304, stop=5449, strand=-, frame=3, truncated=no, start-type=ATG, RBS-motif=GGAG/GAGG
11:40:02.957 - INFO - CDS - seq=contig_20, start=5526, stop=6788, strand=-, frame=2, truncated=no, start-type=ATG, RBS-motif=GGAGG
11:40:02.957 - INFO - CDS - seq=contig_20, start=6842, stop=7729, strand=-, frame=3, truncated=no, start-type=ATG, RBS-motif=AGxAGG/AGGxGG
11:40:02.957 - INFO - CDS - seq=contig_20, start=7729, stop=8286, strand=-, frame=1, truncated=no, start-type=ATG, RBS-motif=AGGAG
11:40:02.957 - INFO - CDS - seq=contig_20, start=8297, stop=9502, strand=-, frame=3, truncated=no, start-type=ATG, RBS-motif=AGGA
11:40:02.957 - INFO - CDS - seq=contig_20, start=9503, stop=10708, strand=-, frame=3, truncated=no, start-type=ATG, RBS-motif=AGGA
11:40:02.957 - INFO - CDS - seq=contig_20, start=10701, stop=11867, strand=-, frame=2, truncated=no, start-type=ATG, RBS-motif=GGAG/GAGG
11:40:02.957 - INFO - CDS - seq=contig_20, start=11881, stop=12990, strand=-, frame=1, truncated=no, start-type=ATG, RBS-motif=AGGA/GGAG/GAGG
11:40:02.958 - INFO - CDS - seq=contig_20, start=12995, stop=13621, strand=-, frame=3, truncated=no, start-type=ATG, RBS-motif=GGAGG
11:40:02.958 - INFO - CDS - seq=contig_20, start=13624, stop=14748, strand=-, frame=1, truncated=no, start-type=ATG, RBS-motif=GGAGG
11:40:02.958 - INFO - CDS - seq=contig_20, start=14752, stop=15861, strand=-, frame=1, truncated=no, start-type=TTG, RBS-motif=AGGAG
11:40:02.958 - INFO - CDS - seq=contig_20, start=15874, stop=16902, strand=-, frame=1, truncated=no, start-type=ATG, RBS-motif=GGAG/GAGG
11:40:02.959 - INFO - CDS - seq=contig_20, start=16892, stop=18715, strand=-, frame=3, truncated=no, start-type=ATG, RBS-motif=GGAG/GAGG
11:40:02.959 - INFO - CDS - seq=contig_20, start=18735, stop=19499, strand=-, frame=2, truncated=no, start-type=ATG, RBS-motif=GGAG/GAGG
11:40:02.959 - INFO - CDS - seq=contig_20, start=19502, stop=20188, strand=-, frame=3, truncated=no, start-type=ATG, RBS-motif=AGGA/GGAG/GAGG
11:40:02.959 - INFO - CDS - seq=contig_20, start=20204, stop=20872, strand=-, frame=3, truncated=no, start-type=ATG, RBS-motif=GGAGG
11:40:02.959 - INFO - CDS - seq=contig_20, start=21215, stop=23824, strand=-, frame=3, truncated=no, start-type=ATG, RBS-motif=AGGAG
11:40:02.959 - INFO - CDS - seq=contig_20, start=24209, stop=25384, strand=-, frame=3, truncated=no, start-type=ATG, RBS-motif=GGA/GAG/AGG
11:40:02.959 - INFO - CDS - seq=contig_20, start=25390, stop=26166, strand=-, frame=1, truncated=no, start-type=GTG, RBS-motif=None
11:40:02.959 - INFO - CDS - seq=contig_20, start=26314, stop=27849, strand=-, frame=1, truncated=no, start-type=ATG, RBS-motif=AGGAG
11:40:02.959 - INFO - CDS - seq=contig_20, start=27900, stop=29444, strand=-, frame=2, truncated=no, start-type=ATG, RBS-motif=AGGAG
11:40:02.960 - INFO - CDS - seq=contig_20, start=29673, stop=30629, strand=+, frame=3, truncated=no, start-type=ATG, RBS-motif=GGA/GAG/AGG
11:40:02.960 - INFO - CDS - seq=contig_20, start=30824, stop=31597, strand=+, frame=2, truncated=no, start-type=ATG, RBS-motif=GGA/GAG/AGG
11:40:02.960 - INFO - CDS - seq=contig_20, start=31599, stop=32399, strand=+, frame=3, truncated=no, start-type=ATG, RBS-motif=AGGAG
11:40:02.960 - INFO - CDS - seq=contig_20, start=32396, stop=33211, strand=+, frame=2, truncated=no, start-type=ATG, RBS-motif=AGGA/GGAG/GAGG
11:40:02.960 - INFO - CDS - seq=contig_20, start=33340, stop=34518, strand=-, frame=1, truncated=no, start-type=ATG, RBS-motif=GGAG/GAGG
11:40:02.960 - INFO - CDS - seq=contig_20, start=34546, stop=34704, strand=-, frame=1, truncated=no, start-type=ATG, RBS-motif=AGxAG
11:40:02.960 - INFO - CDS - seq=contig_20, start=3, stop=962, strand=-, nt=[ATGAATGGGA..ATTAACATAA]
11:40:02.960 - INFO - CDS - seq=contig_20, start=1609, stop=3096, strand=-, nt=[ATGGCAGTAA..TTTGTACTAG]
11:40:02.960 - INFO - CDS - seq=contig_20, start=3523, stop=3906, strand=+, nt=[ATGCGACTTA..AGAGGAGTGA]
11:40:02.960 - INFO - CDS - seq=contig_20, start=3913, stop=4239, strand=+, nt=[ATGTTTATGG..TCAAAAATAA]
11:40:02.961 - INFO - CDS - seq=contig_20, start=4304, stop=5449, strand=-, nt=[ATGAAAAAAA..TCACAAATAA]
11:40:02.961 - INFO - CDS - seq=contig_20, start=5526, stop=6788, strand=-, nt=[ATGAAGTTAA..CGACAAATAA]
11:40:02.961 - INFO - CDS - seq=contig_20, start=6842, stop=7729, strand=-, nt=[ATGAGAAAAA..TAAGGCATAA]
11:40:02.961 - INFO - CDS - seq=contig_20, start=7729, stop=8286, strand=-, nt=[ATGAAGCGAT..GCATCACTAA]
11:40:02.961 - INFO - CDS - seq=contig_20, start=8297, stop=9502, strand=-, nt=[ATGAGTGAAA..GTTGAAGTGA]
11:40:02.961 - INFO - CDS - seq=contig_20, start=9503, stop=10708, strand=-, nt=[ATGGTTAAGA..CGTCGATTAG]
11:40:02.961 - INFO - CDS - seq=contig_20, start=10701, stop=11867, strand=-, nt=[ATGAAATTTT..TCATGGTTAA]
11:40:02.961 - INFO - CDS - seq=contig_20, start=11881, stop=12990, strand=-, nt=[ATGAGAATTT..TAAATTTTAA]
11:40:02.961 - INFO - CDS - seq=contig_20, start=12995, stop=13621, strand=-, nt=[ATGAGGATAG..GGATACTTAA]
11:40:02.961 - INFO - CDS - seq=contig_20, start=13624, stop=14748, strand=-, nt=[ATGGAAAAAC..GAGGAAATGA]
11:40:02.961 - INFO - CDS - seq=contig_20, start=14752, stop=15861, strand=-, nt=[TTGAATATTG..GGAGGTATAG]
11:40:02.962 - INFO - CDS - seq=contig_20, start=15874, stop=16902, strand=-, nt=[ATGTTCGATG..AATGAGATAG]
11:40:02.962 - INFO - CDS - seq=contig_20, start=16892, stop=18715, strand=-, nt=[ATGGCACATT..TGTTCGATGA]
11:40:02.962 - INFO - CDS - seq=contig_20, start=18735, stop=19499, strand=-, nt=[ATGATTGATA..TGGGTTATAA]
11:40:02.962 - INFO - CDS - seq=contig_20, start=19502, stop=20188, strand=-, nt=[ATGTCAAAAA..AGATGAATAA]
11:40:02.962 - INFO - CDS - seq=contig_20, start=20204, stop=20872, strand=-, nt=[ATGGAAAGTA..ATTTAATTAA]
11:40:02.962 - INFO - CDS - seq=contig_20, start=21215, stop=23824, strand=-, nt=[ATGTTAACTA..TAAGCAATAA]
11:40:02.962 - INFO - CDS - seq=contig_20, start=24209, stop=25384, strand=-, nt=[ATGTTTATTG..ATATAAATAA]
11:40:02.962 - INFO - CDS - seq=contig_20, start=25390, stop=26166, strand=-, nt=[GTGATTAATT..TGAAAGGTGA]
11:40:02.962 - INFO - CDS - seq=contig_20, start=26314, stop=27849, strand=-, nt=[ATGTCAAACA..TGAAAAGTGA]
11:40:02.962 - INFO - CDS - seq=contig_20, start=27900, stop=29444, strand=-, nt=[ATGAAAAAAA..CTTCAAATAA]
11:40:02.962 - INFO - CDS - seq=contig_20, start=29673, stop=30629, strand=+, nt=[ATGAAAAATT..TATGAAATAA]
11:40:02.962 - INFO - CDS - seq=contig_20, start=30824, stop=31597, strand=+, nt=[ATGAGTCAAA..AGTGAACTAA]
11:40:02.963 - INFO - CDS - seq=contig_20, start=31599, stop=32399, strand=+, nt=[ATGCCTTTAG..TCTCGCATGA]
11:40:02.963 - INFO - CDS - seq=contig_20, start=32396, stop=33211, strand=+, nt=[ATGACACAGG..TATTGTTTAA]
11:40:02.963 - INFO - CDS - seq=contig_20, start=33340, stop=34518, strand=-, nt=[ATGACAAGAC..ATTGAAATAG]
11:40:02.963 - INFO - CDS - seq=contig_20, start=34546, stop=34704, strand=-, nt=[ATGAAAGATA..AGATTACTAA]
11:40:02.963 - INFO - CDS - seq=contig_21, start=270, stop=425, strand=+, frame=3, truncated=no, start-type=ATG, RBS-motif=None
11:40:02.963 - INFO - CDS - seq=contig_21, start=270, stop=425, strand=+, nt=[ATGAGTACGG..AAATAAATAA]
11:40:02.963 - INFO - CDS - seq=contig_22, start=127, stop=444, strand=-, frame=2, truncated=no, start-type=ATG, RBS-motif=GGAGG
11:40:02.963 - INFO - CDS - seq=contig_22, start=465, stop=971, strand=-, frame=3, truncated=no, start-type=ATG, RBS-motif=4Base/6BMM
11:40:02.963 - INFO - CDS - seq=contig_22, start=989, stop=1300, strand=-, frame=1, truncated=no, start-type=ATG, RBS-motif=GGAG/GAGG
11:40:02.963 - INFO - CDS - seq=contig_22, start=1302, stop=1394, strand=-, frame=3, truncated=no, start-type=ATG, RBS-motif=AGGAGG
11:40:02.964 - INFO - CDS - seq=contig_22, start=1387, stop=1737, strand=-, frame=2, truncated=no, start-type=ATG, RBS-motif=AGGAGG
11:40:02.964 - INFO - CDS - seq=contig_22, start=2255, stop=3883, strand=-, frame=1, truncated=no, start-type=ATG, RBS-motif=AGGA
11:40:02.964 - INFO - CDS - seq=contig_22, start=3905, stop=5254, strand=-, frame=1, truncated=no, start-type=ATG, RBS-motif=AGGAGG
11:40:02.964 - INFO - CDS - seq=contig_22, start=5488, stop=7281, strand=-, frame=2, truncated=no, start-type=ATG, RBS-motif=AGGAGG
11:40:02.964 - INFO - CDS - seq=contig_22, start=7281, stop=7577, strand=-, frame=3, truncated=no, start-type=ATG, RBS-motif=AGGAGG
11:40:02.964 - INFO - CDS - seq=contig_22, start=7770, stop=8816, strand=-, frame=3, truncated=no, start-type=ATG, RBS-motif=GGA/GAG/AGG
11:40:02.965 - INFO - CDS - seq=contig_22, start=9067, stop=9444, strand=-, frame=2, truncated=no, start-type=GTG, RBS-motif=GGAG/GAGG
11:40:02.965 - INFO - CDS - seq=contig_22, start=9556, stop=9909, strand=-, frame=2, truncated=no, start-type=GTG, RBS-motif=GGA/GAG/AGG
11:40:02.965 - INFO - CDS - seq=contig_22, start=9894, stop=10208, strand=-, frame=3, truncated=no, start-type=ATG, RBS-motif=GGAGG
11:40:02.965 - INFO - CDS - seq=contig_22, start=10719, stop=11621, strand=-, frame=3, truncated=no, start-type=GTG, RBS-motif=None
11:40:02.965 - INFO - CDS - seq=contig_22, start=12367, stop=13062, strand=-, frame=2, truncated=no, start-type=ATG, RBS-motif=GGAGG
11:40:02.965 - INFO - CDS - seq=contig_22, start=13037, stop=15706, strand=-, frame=1, truncated=no, start-type=ATG, RBS-motif=GGAG/GAGG
11:40:02.965 - INFO - CDS - seq=contig_22, start=15974, stop=17650, strand=+, frame=2, truncated=no, start-type=ATG, RBS-motif=GGAG/GAGG
11:40:02.965 - INFO - CDS - seq=contig_22, start=17669, stop=19690, strand=+, frame=2, truncated=no, start-type=ATG, RBS-motif=AGGAGG
11:40:02.966 - INFO - CDS - seq=contig_22, start=19706, stop=20263, strand=+, frame=2, truncated=no, start-type=ATG, RBS-motif=AGGAGG
11:40:02.966 - INFO - CDS - seq=contig_22, start=20808, stop=21677, strand=-, frame=3, truncated=no, start-type=GTG, RBS-motif=AGGA
11:40:02.966 - INFO - CDS - seq=contig_22, start=21687, stop=22583, strand=-, frame=3, truncated=no, start-type=ATG, RBS-motif=AGxAGG/AGGxGG
11:40:02.966 - INFO - CDS - seq=contig_22, start=23021, stop=23170, strand=+, frame=2, truncated=no, start-type=ATG, RBS-motif=AGGAG/GGAGG
11:40:02.966 - INFO - CDS - seq=contig_22, start=23702, stop=24328, strand=-, frame=1, truncated=no, start-type=ATG, RBS-motif=None
11:40:02.966 - INFO - CDS - seq=contig_22, start=24443, stop=25951, strand=+, frame=2, truncated=no, start-type=TTG, RBS-motif=GGAG/GAGG
11:40:02.966 - INFO - CDS - seq=contig_22, start=26538, stop=28283, strand=+, frame=3, truncated=no, start-type=ATG, RBS-motif=GGA/GAG/AGG
11:40:02.966 - INFO - CDS - seq=contig_22, start=29227, stop=29982, strand=-, frame=2, truncated=no, start-type=ATG, RBS-motif=None
11:40:02.966 - INFO - CDS - seq=contig_22, start=29982, stop=30242, strand=-, frame=3, truncated=no, start-type=ATG, RBS-motif=GGAGG
11:40:02.966 - INFO - CDS - seq=contig_22, start=30379, stop=31443, strand=+, frame=1, truncated=no, start-type=ATG, RBS-motif=GGAGG
11:40:02.966 - INFO - CDS - seq=contig_22, start=31474, stop=32808, strand=+, frame=1, truncated=no, start-type=ATG, RBS-motif=AGGAG
11:40:02.967 - INFO - CDS - seq=contig_22, start=32827, stop=34020, strand=+, frame=1, truncated=no, start-type=ATG, RBS-motif=AGGA
11:40:02.967 - INFO - CDS - seq=contig_22, start=127, stop=444, strand=-, nt=[ATGAAGGAAA..CATAGTATAA]
11:40:02.967 - INFO - CDS - seq=contig_22, start=465, stop=971, strand=-, nt=[ATGAATACAA..GAAAGCATAA]
11:40:02.967 - INFO - CDS - seq=contig_22, start=989, stop=1300, strand=-, nt=[ATGAAAATCA..AGAATACTAA]
11:40:02.967 - INFO - CDS - seq=contig_22, start=1302, stop=1394, strand=-, nt=[ATGAATAACT..GGTAAAATAA]
11:40:02.967 - INFO - CDS - seq=contig_22, start=1387, stop=1737, strand=-, nt=[ATGAAAACGA..CCATGAATAA]
11:40:02.967 - INFO - CDS - seq=contig_22, start=2255, stop=3883, strand=-, nt=[ATGCAACAAC..TACTATTTAG]
11:40:02.967 - INFO - CDS - seq=contig_22, start=3905, stop=5254, strand=-, nt=[ATGAAACAAG..GATTGCATAA]
11:40:02.968 - INFO - CDS - seq=contig_22, start=5488, stop=7281, strand=-, nt=[ATGACTCAAA..AGATTTCTGA]
11:40:02.968 - INFO - CDS - seq=contig_22, start=7281, stop=7577, strand=-, nt=[ATGTATTTCA..TGTTCGCTAA]
11:40:02.968 - INFO - CDS - seq=contig_22, start=7770, stop=8816, strand=-, nt=[ATGAATAATA..TTCAGATTAA]
11:40:02.968 - INFO - CDS - seq=contig_22, start=9067, stop=9444, strand=-, nt=[GTGGCGTATA..AATAGCCTAG]
11:40:02.968 - INFO - CDS - seq=contig_22, start=9556, stop=9909, strand=-, nt=[GTGGTACCAA..ACAAAGATAA]
11:40:02.968 - INFO - CDS - seq=contig_22, start=9894, stop=10208, strand=-, nt=[ATGAAAAGAG..CCAACAGTAG]
11:40:02.968 - INFO - CDS - seq=contig_22, start=10719, stop=11621, strand=-, nt=[GTGGGTAGTA..ATATTCTTAA]
11:40:02.968 - INFO - CDS - seq=contig_22, start=12367, stop=13062, strand=-, nt=[ATGAAAACAA..CTTAGAATAA]
11:40:02.968 - INFO - CDS - seq=contig_22, start=13037, stop=15706, strand=-, nt=[ATGGAAAGTA..TGGTCGTTGA]
11:40:02.968 - INFO - CDS - seq=contig_22, start=15974, stop=17650, strand=+, nt=[ATGAGTATTG..GCACGCATAG]
11:40:02.969 - INFO - CDS - seq=contig_22, start=17669, stop=19690, strand=+, nt=[ATGGCTGAAA..CTTTGTCTAA]
11:40:02.969 - INFO - CDS - seq=contig_22, start=19706, stop=20263, strand=+, nt=[ATGCAGACAA..TAAACTCTAA]
11:40:02.969 - INFO - CDS - seq=contig_22, start=20808, stop=21677, strand=-, nt=[GTGATTTCAA..TGTGTTTTAG]
11:40:02.969 - INFO - CDS - seq=contig_22, start=21687, stop=22583, strand=-, nt=[ATGGAAAAAA..TAAAAACTAG]
11:40:02.969 - INFO - CDS - seq=contig_22, start=23021, stop=23170, strand=+, nt=[ATGCAATCCA..ATTTAGATAA]
11:40:02.969 - INFO - CDS - seq=contig_22, start=23702, stop=24328, strand=-, nt=[ATGCAATTAC..GACATCTTAG]
11:40:02.969 - INFO - CDS - seq=contig_22, start=24443, stop=25951, strand=+, nt=[TTGAATGAAG..GGACAATTAA]
11:40:02.969 - INFO - CDS - seq=contig_22, start=26538, stop=28283, strand=+, nt=[ATGAAGATTA..TAGAAATTAA]
11:40:02.969 - INFO - CDS - seq=contig_22, start=29227, stop=29982, strand=-, nt=[ATGGATATTG..CATTTTATAA]
11:40:02.969 - INFO - CDS - seq=contig_22, start=29982, stop=30242, strand=-, nt=[ATGAATTATG..AAGTAAGTAA]
11:40:02.969 - INFO - CDS - seq=contig_22, start=30379, stop=31443, strand=+, nt=[ATGAAACAAT..ATTTATCTAA]
11:40:02.969 - INFO - CDS - seq=contig_22, start=31474, stop=32808, strand=+, nt=[ATGTTTTTTA..ATTAAAATAA]
11:40:02.970 - INFO - CDS - seq=contig_22, start=32827, stop=34020, strand=+, nt=[ATGAATAAGC..ATTAATATAA]
11:40:02.970 - INFO - CDS - seq=contig_23, start=365, stop=994, strand=-, frame=3, truncated=no, start-type=ATG, RBS-motif=GGAG/GAGG
11:40:02.970 - INFO - CDS - seq=contig_23, start=1730, stop=2599, strand=+, frame=2, truncated=no, start-type=ATG, RBS-motif=GGxGG
11:40:02.970 - INFO - CDS - seq=contig_23, start=2842, stop=3429, strand=-, frame=1, truncated=no, start-type=ATG, RBS-motif=AGGAGG
11:40:02.970 - INFO - CDS - seq=contig_23, start=3993, stop=4937, strand=-, frame=2, truncated=no, start-type=ATG, RBS-motif=AGGA/GGAG/GAGG
11:40:02.970 - INFO - CDS - seq=contig_23, start=5048, stop=6043, strand=-, frame=3, truncated=no, start-type=ATG, RBS-motif=GGA/GAG/AGG
11:40:02.970 - INFO - CDS - seq=contig_23, start=6040, stop=6951, strand=-, frame=1, truncated=no, start-type=ATG, RBS-motif=GGxGG
11:40:02.970 - INFO - CDS - seq=contig_23, start=7661, stop=8596, strand=-, frame=3, truncated=no, start-type=ATG, RBS-motif=AGGAGG
11:40:02.971 - INFO - CDS - seq=contig_23, start=8663, stop=10102, strand=-, frame=3, truncated=no, start-type=ATG, RBS-motif=AGGAGG
11:40:02.971 - INFO - CDS - seq=contig_23, start=10110, stop=10595, strand=-, frame=2, truncated=no, start-type=TTG, RBS-motif=AGxAG
11:40:02.971 - INFO - CDS - seq=contig_23, start=10603, stop=11442, strand=-, frame=1, truncated=no, start-type=ATG, RBS-motif=AGGAG
11:40:02.971 - INFO - CDS - seq=contig_23, start=11448, stop=12380, strand=-, frame=2, truncated=no, start-type=ATG, RBS-motif=GGAG/GAGG
11:40:02.971 - INFO - CDS - seq=contig_23, start=13044, stop=15890, strand=-, frame=2, truncated=no, start-type=ATG, RBS-motif=AGxAGG/AGGxGG
11:40:02.972 - INFO - CDS - seq=contig_23, start=15898, stop=17883, strand=-, frame=1, truncated=no, start-type=ATG, RBS-motif=AGGAGG
11:40:02.972 - INFO - CDS - seq=contig_23, start=18152, stop=18388, strand=-, frame=3, truncated=no, start-type=ATG, RBS-motif=GGAG/GAGG
11:40:02.972 - INFO - CDS - seq=contig_23, start=18385, stop=19035, strand=-, frame=1, truncated=no, start-type=ATG, RBS-motif=AGGAGG
11:40:02.972 - INFO - CDS - seq=contig_23, start=19209, stop=20048, strand=-, frame=2, truncated=no, start-type=ATG, RBS-motif=AGGA/GGAG/GAGG
11:40:02.972 - INFO - CDS - seq=contig_23, start=20457, stop=21449, strand=-, frame=2, truncated=no, start-type=ATG, RBS-motif=None
11:40:02.972 - INFO - CDS - seq=contig_23, start=21882, stop=24413, strand=-, frame=2, truncated=no, start-type=ATG, RBS-motif=AGGAG
11:40:02.972 - INFO - CDS - seq=contig_23, start=24827, stop=25399, strand=-, frame=3, truncated=no, start-type=ATG, RBS-motif=AGGAG
11:40:02.972 - INFO - CDS - seq=contig_23, start=25460, stop=26134, strand=-, frame=3, truncated=no, start-type=ATG, RBS-motif=GGAG/GAGG
11:40:02.972 - INFO - CDS - seq=contig_23, start=26127, stop=27209, strand=-, frame=2, truncated=no, start-type=ATG, RBS-motif=None
11:40:02.973 - INFO - CDS - seq=contig_23, start=27573, stop=28439, strand=-, frame=2, truncated=no, start-type=ATG, RBS-motif=AGGAGG
11:40:02.973 - INFO - CDS - seq=contig_23, start=28583, stop=29224, strand=+, frame=2, truncated=no, start-type=ATG, RBS-motif=AGGAG
11:40:02.973 - INFO - CDS - seq=contig_23, start=29389, stop=30444, strand=-, frame=1, truncated=no, start-type=ATG, RBS-motif=GGA/GAG/AGG
11:40:02.973 - INFO - CDS - seq=contig_23, start=30762, stop=31832, strand=+, frame=3, truncated=no, start-type=ATG, RBS-motif=AGGAG/GGAGG
11:40:02.973 - INFO - CDS - seq=contig_23, start=32028, stop=32789, strand=+, frame=3, truncated=no, start-type=ATG, RBS-motif=GGAGG
11:40:02.973 - INFO - CDS - seq=contig_23, start=32807, stop=33301, strand=+, frame=2, truncated=no, start-type=ATG, RBS-motif=AGGA
11:40:02.973 - INFO - CDS - seq=contig_23, start=33315, stop=34541, strand=+, frame=3, truncated=no, start-type=ATG, RBS-motif=GGA/GAG/AGG
11:40:02.973 - INFO - CDS - seq=contig_23, start=34728, stop=35852, strand=-, frame=2, truncated=no, start-type=ATG, RBS-motif=AGxAGG/AGGxGG
11:40:02.973 - INFO - CDS - seq=contig_23, start=36276, stop=36596, strand=-, frame=2, truncated=no, start-type=GTG, RBS-motif=GGAG/GAGG
11:40:02.973 - INFO - CDS - seq=contig_23, start=36750, stop=37628, strand=-, frame=2, truncated=no, start-type=ATG, RBS-motif=AGGAG
11:40:02.974 - INFO - CDS - seq=contig_23, start=37748, stop=38266, strand=+, frame=2, truncated=no, start-type=ATG, RBS-motif=AGGAG
11:40:02.974 - INFO - CDS - seq=contig_23, start=38393, stop=39316, strand=+, frame=2, truncated=no, start-type=GTG, RBS-motif=AGGA/GGAG/GAGG
11:40:02.974 - INFO - CDS - seq=contig_23, start=39334, stop=39648, strand=+, frame=1, truncated=no, start-type=ATG, RBS-motif=AGGAG
11:40:02.974 - INFO - CDS - seq=contig_23, start=39965, stop=40993, strand=-, frame=3, truncated=no, start-type=ATG, RBS-motif=AGGAG/GGAGG
11:40:02.974 - INFO - CDS - seq=contig_23, start=41112, stop=41873, strand=-, frame=2, truncated=no, start-type=ATG, RBS-motif=AGGAG
11:40:02.974 - INFO - CDS - seq=contig_23, start=41870, stop=42826, strand=-, frame=3, truncated=no, start-type=ATG, RBS-motif=AGGA
11:40:02.974 - INFO - CDS - seq=contig_23, start=42813, stop=43826, strand=-, frame=2, truncated=no, start-type=ATG, RBS-motif=GGA/GAG/AGG
11:40:02.974 - INFO - CDS - seq=contig_23, start=44159, stop=45130, strand=-, frame=3, truncated=no, start-type=ATG, RBS-motif=AGGAGG
11:40:02.974 - INFO - CDS - seq=contig_23, start=45248, stop=47353, strand=-, frame=3, truncated=no, start-type=ATG, RBS-motif=AGxAGG/AGGxGG
11:40:02.974 - INFO - CDS - seq=contig_23, start=47316, stop=47714, strand=-, frame=2, truncated=no, start-type=ATG, RBS-motif=AGxAGG/AGGxGG
11:40:02.974 - INFO - CDS - seq=contig_23, start=48515, stop=49381, strand=+, frame=2, truncated=no, start-type=TTG, RBS-motif=GGAG/GAGG
11:40:02.975 - INFO - CDS - seq=contig_23, start=49401, stop=49901, strand=+, frame=3, truncated=no, start-type=ATG, RBS-motif=AGGAG
11:40:02.975 - INFO - CDS - seq=contig_23, start=50242, stop=51747, strand=+, frame=1, truncated=no, start-type=ATG, RBS-motif=GGA/GAG/AGG
11:40:02.975 - INFO - CDS - seq=contig_23, start=52017, stop=52934, strand=+, frame=3, truncated=no, start-type=ATG, RBS-motif=AGxAGG/AGGxGG
11:40:02.975 - INFO - CDS - seq=contig_23, start=53813, stop=54355, strand=-, frame=3, truncated=no, start-type=ATG, RBS-motif=AGGAG
11:40:02.975 - INFO - CDS - seq=contig_23, start=54694, stop=55752, strand=-, frame=1, truncated=no, start-type=ATG, RBS-motif=AGGAGG
11:40:02.975 - INFO - CDS - seq=contig_23, start=55992, stop=57506, strand=-, frame=2, truncated=no, start-type=ATG, RBS-motif=AGGAGG
11:40:02.975 - INFO - CDS - seq=contig_23, start=57499, stop=58476, strand=-, frame=1, truncated=no, start-type=GTG, RBS-motif=GGAG/GAGG
11:40:02.975 - INFO - CDS - seq=contig_23, start=58698, stop=60479, strand=-, frame=2, truncated=no, start-type=ATG, RBS-motif=GGA/GAG/AGG
11:40:02.975 - INFO - CDS - seq=contig_23, start=60491, stop=62368, strand=-, frame=3, truncated=no, start-type=ATG, RBS-motif=AGxAGG/AGGxGG
11:40:02.976 - INFO - CDS - seq=contig_23, start=62644, stop=64584, strand=-, frame=1, truncated=no, start-type=ATG, RBS-motif=GGxGG
11:40:02.976 - INFO - CDS - seq=contig_23, start=65058, stop=66062, strand=-, frame=2, truncated=no, start-type=ATG, RBS-motif=AGGAG
11:40:02.976 - INFO - CDS - seq=contig_23, start=66046, stop=66756, strand=-, frame=1, truncated=no, start-type=ATG, RBS-motif=GGAG/GAGG
11:40:02.976 - INFO - CDS - seq=contig_23, start=67116, stop=67724, strand=-, frame=2, truncated=no, start-type=ATG, RBS-motif=GGAG/GAGG
11:40:02.976 - INFO - CDS - seq=contig_23, start=67724, stop=68875, strand=-, frame=3, truncated=no, start-type=GTG, RBS-motif=GGA/GAG/AGG
11:40:02.976 - INFO - CDS - seq=contig_23, start=68859, stop=69452, strand=-, frame=2, truncated=no, start-type=ATG, RBS-motif=GGAG/GAGG
11:40:02.976 - INFO - CDS - seq=contig_23, start=69803, stop=70471, strand=+, frame=2, truncated=no, start-type=ATG, RBS-motif=AGGAG
11:40:02.976 - INFO - CDS - seq=contig_23, start=70473, stop=70892, strand=+, frame=3, truncated=no, start-type=ATG, RBS-motif=AGGAG
11:40:02.976 - INFO - CDS - seq=contig_23, start=70896, stop=71609, strand=+, frame=3, truncated=no, start-type=ATG, RBS-motif=GGA/GAG/AGG
11:40:02.976 - INFO - CDS - seq=contig_23, start=71708, stop=72292, strand=+, frame=2, truncated=no, start-type=ATG, RBS-motif=AGGAG
11:40:02.977 - INFO - CDS - seq=contig_23, start=72572, stop=73012, strand=+, frame=2, truncated=no, start-type=ATG, RBS-motif=AGGAG
11:40:02.977 - INFO - CDS - seq=contig_23, start=73355, stop=73828, strand=+, frame=2, truncated=no, start-type=ATG, RBS-motif=None
11:40:02.977 - INFO - CDS - seq=contig_23, start=73803, stop=74489, strand=+, frame=3, truncated=no, start-type=ATG, RBS-motif=AGGA/GGAG/GAGG
11:40:02.977 - INFO - CDS - seq=contig_23, start=74489, stop=75544, strand=+, frame=2, truncated=no, start-type=ATG, RBS-motif=AGGAG
11:40:02.977 - INFO - CDS - seq=contig_23, start=75616, stop=76599, strand=-, frame=1, truncated=no, start-type=ATG, RBS-motif=AGGA
11:40:02.977 - INFO - CDS - seq=contig_23, start=76731, stop=77570, strand=-, frame=2, truncated=no, start-type=ATG, RBS-motif=GGAG/GAGG
11:40:02.977 - INFO - CDS - seq=contig_23, start=77792, stop=79141, strand=-, frame=3, truncated=no, start-type=TTG, RBS-motif=GGA/GAG/AGG
11:40:02.977 - INFO - CDS - seq=contig_23, start=79362, stop=80543, strand=-, frame=2, truncated=no, start-type=GTG, RBS-motif=AGxAGG/AGGxGG
11:40:02.977 - INFO - CDS - seq=contig_23, start=80851, stop=82809, strand=-, frame=1, truncated=no, start-type=ATG, RBS-motif=GGAG/GAGG
11:40:02.978 - INFO - CDS - seq=contig_23, start=82815, stop=83735, strand=-, frame=2, truncated=no, start-type=ATG, RBS-motif=AGGAGG
11:40:02.978 - INFO - CDS - seq=contig_23, start=83732, stop=84496, strand=-, frame=3, truncated=no, start-type=ATG, RBS-motif=GGA/GAG/AGG
11:40:02.978 - INFO - CDS - seq=contig_23, start=84746, stop=85228, strand=-, frame=3, truncated=no, start-type=ATG, RBS-motif=GGAG/GAGG
11:40:02.978 - INFO - CDS - seq=contig_23, start=85402, stop=85854, strand=-, frame=1, truncated=no, start-type=ATG, RBS-motif=4Base/6BMM
11:40:02.979 - INFO - CDS - seq=contig_23, start=86147, stop=87313, strand=-, frame=3, truncated=no, start-type=ATG, RBS-motif=GGAG/GAGG
11:40:02.979 - INFO - CDS - seq=contig_23, start=87522, stop=87944, strand=+, frame=3, truncated=no, start-type=ATG, RBS-motif=GGA/GAG/AGG
11:40:02.979 - INFO - CDS - seq=contig_23, start=88130, stop=88747, strand=+, frame=2, truncated=no, start-type=ATG, RBS-motif=AGxAG
11:40:02.979 - INFO - CDS - seq=contig_23, start=88744, stop=89028, strand=+, frame=1, truncated=no, start-type=GTG, RBS-motif=AGGAG(G)/GGAGG
11:40:02.979 - INFO - CDS - seq=contig_23, start=89183, stop=90556, strand=-, frame=3, truncated=no, start-type=ATG, RBS-motif=GGA/GAG/AGG
11:40:02.979 - INFO - CDS - seq=contig_23, start=90642, stop=92195, strand=-, frame=2, truncated=no, start-type=ATG, RBS-motif=GGA/GAG/AGG
11:40:02.979 - INFO - CDS - seq=contig_23, start=92478, stop=92765, strand=-, frame=2, truncated=no, start-type=ATG, RBS-motif=AGGAG
11:40:02.979 - INFO - CDS - seq=contig_23, start=92800, stop=93708, strand=-, frame=1, truncated=no, start-type=ATG, RBS-motif=GGAG/GAGG
11:40:02.979 - INFO - CDS - seq=contig_23, start=93811, stop=94737, strand=-, frame=1, truncated=no, start-type=ATG, RBS-motif=GGA/GAG/AGG
11:40:02.980 - INFO - CDS - seq=contig_23, start=94964, stop=95407, strand=+, frame=2, truncated=no, start-type=ATG, RBS-motif=GGAGG
11:40:02.980 - INFO - CDS - seq=contig_23, start=95534, stop=97207, strand=-, frame=3, truncated=no, start-type=ATG, RBS-motif=None
11:40:02.980 - INFO - CDS - seq=contig_23, start=97204, stop=98835, strand=-, frame=1, truncated=no, start-type=GTG, RBS-motif=GGA/GAG/AGG
11:40:02.980 - INFO - CDS - seq=contig_23, start=99054, stop=99929, strand=+, frame=3, truncated=no, start-type=ATG, RBS-motif=None
11:40:02.980 - INFO - CDS - seq=contig_23, start=100101, stop=100784, strand=+, frame=3, truncated=no, start-type=ATG, RBS-motif=GGAGG
11:40:02.980 - INFO - CDS - seq=contig_23, start=100787, stop=101245, strand=+, frame=2, truncated=no, start-type=GTG, RBS-motif=GGAG/GAGG
11:40:02.980 - INFO - CDS - seq=contig_23, start=101247, stop=101813, strand=+, frame=3, truncated=no, start-type=ATG, RBS-motif=AGGAG
11:40:02.980 - INFO - CDS - seq=contig_23, start=101909, stop=102451, strand=-, frame=3, truncated=no, start-type=ATG, RBS-motif=AGGAG
11:40:02.980 - INFO - CDS - seq=contig_23, start=102531, stop=102830, strand=-, frame=2, truncated=no, start-type=ATG, RBS-motif=AGGAG
11:40:02.980 - INFO - CDS - seq=contig_23, start=102968, stop=103363, strand=-, frame=3, truncated=no, start-type=ATG, RBS-motif=AGGAG
11:40:02.980 - INFO - CDS - seq=contig_23, start=103430, stop=103873, strand=-, frame=3, truncated=no, start-type=ATG, RBS-motif=GGAG/GAGG
11:40:02.981 - INFO - CDS - seq=contig_23, start=104000, stop=104689, strand=+, frame=2, truncated=no, start-type=ATG, RBS-motif=AGGAG(G)/GGAGG
11:40:02.981 - INFO - CDS - seq=contig_23, start=104788, stop=105276, strand=-, frame=1, truncated=no, start-type=ATG, RBS-motif=AGGA/GGAG/GAGG
11:40:02.981 - INFO - CDS - seq=contig_23, start=105273, stop=106565, strand=-, frame=2, truncated=no, start-type=TTG, RBS-motif=None
11:40:02.981 - INFO - CDS - seq=contig_23, start=106625, stop=107491, strand=-, frame=3, truncated=no, start-type=ATG, RBS-motif=GGxGG
11:40:02.981 - INFO - CDS - seq=contig_23, start=107607, stop=108251, strand=-, frame=2, truncated=no, start-type=GTG, RBS-motif=AGGAG
11:40:02.981 - INFO - CDS - seq=contig_23, start=108604, stop=109077, strand=-, frame=1, truncated=no, start-type=ATG, RBS-motif=GGA/GAG/AGG
11:40:02.981 - INFO - CDS - seq=contig_23, start=109077, stop=109793, strand=-, frame=2, truncated=no, start-type=ATG, RBS-motif=GGA/GAG/AGG
11:40:02.981 - INFO - CDS - seq=contig_23, start=109983, stop=110408, strand=-, frame=2, truncated=no, start-type=ATG, RBS-motif=GGA/GAG/AGG
11:40:02.981 - INFO - CDS - seq=contig_23, start=110488, stop=112638, strand=-, frame=1, truncated=no, start-type=ATG, RBS-motif=GGAG/GAGG
11:40:02.981 - INFO - CDS - seq=contig_23, start=113335, stop=113979, strand=-, frame=1, truncated=no, start-type=TTG, RBS-motif=AGGAGG
11:40:02.981 - INFO - CDS - seq=contig_23, start=114340, stop=115137, strand=+, frame=1, truncated=no, start-type=TTG, RBS-motif=AGGAGG
11:40:02.982 - INFO - CDS - seq=contig_23, start=115725, stop=116732, strand=-, frame=2, truncated=no, start-type=ATG, RBS-motif=GGAG/GAGG
11:40:02.982 - INFO - CDS - seq=contig_23, start=116748, stop=117365, strand=-, frame=2, truncated=no, start-type=ATG, RBS-motif=GGAGG
11:40:02.982 - INFO - CDS - seq=contig_23, start=118088, stop=119977, strand=-, frame=3, truncated=no, start-type=ATG, RBS-motif=AGxAGG/AGGxGG
11:40:02.982 - INFO - CDS - seq=contig_23, start=119967, stop=120728, strand=-, frame=2, truncated=no, start-type=GTG, RBS-motif=AGGAG
11:40:02.982 - INFO - CDS - seq=contig_23, start=120872, stop=121912, strand=-, frame=3, truncated=no, start-type=ATG, RBS-motif=AGGA
11:40:02.982 - INFO - CDS - seq=contig_23, start=121905, stop=122579, strand=-, frame=2, truncated=no, start-type=ATG, RBS-motif=None
11:40:02.982 - INFO - CDS - seq=contig_23, start=122595, stop=123518, strand=-, frame=2, truncated=no, start-type=ATG, RBS-motif=AGGAG
11:40:02.982 - INFO - CDS - seq=contig_23, start=123631, stop=124137, strand=+, frame=1, truncated=no, start-type=ATG, RBS-motif=GGAGG
11:40:02.982 - INFO - CDS - seq=contig_23, start=124346, stop=124774, strand=-, frame=3, truncated=no, start-type=ATG, RBS-motif=GGA/GAG/AGG
11:40:02.983 - INFO - CDS - seq=contig_23, start=125103, stop=126146, strand=-, frame=2, truncated=no, start-type=ATG, RBS-motif=GGAG/GAGG
11:40:02.983 - INFO - CDS - seq=contig_23, start=126297, stop=127364, strand=-, frame=2, truncated=no, start-type=ATG, RBS-motif=AGGAGG
11:40:02.983 - INFO - CDS - seq=contig_23, start=127821, stop=128318, strand=-, frame=2, truncated=no, start-type=ATG, RBS-motif=AGGAGG
11:40:02.983 - INFO - CDS - seq=contig_23, start=128434, stop=128796, strand=-, frame=1, truncated=no, start-type=ATG, RBS-motif=GGAG/GAGG
11:40:02.983 - INFO - CDS - seq=contig_23, start=128789, stop=129373, strand=-, frame=3, truncated=no, start-type=ATG, RBS-motif=GGAG/GAGG
11:40:02.983 - INFO - CDS - seq=contig_23, start=129415, stop=130383, strand=-, frame=1, truncated=no, start-type=ATG, RBS-motif=AGGAGG
11:40:02.983 - INFO - CDS - seq=contig_23, start=130617, stop=131633, strand=-, frame=2, truncated=no, start-type=ATG, RBS-motif=AGGAGG
11:40:02.983 - INFO - CDS - seq=contig_23, start=131630, stop=132634, strand=-, frame=3, truncated=no, start-type=ATG, RBS-motif=AGGA
11:40:02.983 - INFO - CDS - seq=contig_23, start=132670, stop=133467, strand=-, frame=1, truncated=no, start-type=ATG, RBS-motif=AGxAGG/AGGxGG
11:40:02.983 - INFO - CDS - seq=contig_23, start=133749, stop=134582, strand=-, frame=2, truncated=no, start-type=GTG, RBS-motif=GGA/GAG/AGG
11:40:02.983 - INFO - CDS - seq=contig_23, start=135107, stop=136336, strand=-, frame=3, truncated=no, start-type=ATG, RBS-motif=AGxAGG/AGGxGG
11:40:02.984 - INFO - CDS - seq=contig_23, start=136693, stop=138420, strand=-, frame=1, truncated=no, start-type=ATG, RBS-motif=GGAG/GAGG
11:40:02.984 - INFO - CDS - seq=contig_23, start=138841, stop=140136, strand=+, frame=1, truncated=no, start-type=ATG, RBS-motif=3Base/5BMM
11:40:02.984 - INFO - CDS - seq=contig_23, start=140253, stop=140651, strand=-, frame=2, truncated=no, start-type=ATG, RBS-motif=AGGAGG
11:40:02.984 - INFO - CDS - seq=contig_23, start=140714, stop=141775, strand=-, frame=3, truncated=no, start-type=ATG, RBS-motif=None
11:40:02.984 - INFO - CDS - seq=contig_23, start=141772, stop=142875, strand=-, frame=1, truncated=no, start-type=ATG, RBS-motif=None
11:40:02.985 - INFO - CDS - seq=contig_23, start=142974, stop=143786, strand=-, frame=2, truncated=no, start-type=ATG, RBS-motif=None
11:40:02.985 - INFO - CDS - seq=contig_23, start=144133, stop=144927, strand=+, frame=1, truncated=no, start-type=ATG, RBS-motif=AGGA
11:40:02.985 - INFO - CDS - seq=contig_23, start=144988, stop=145752, strand=-, frame=1, truncated=no, start-type=ATG, RBS-motif=AGGAG
11:40:02.985 - INFO - CDS - seq=contig_23, start=145988, stop=146740, strand=+, frame=2, truncated=no, start-type=ATG, RBS-motif=GGAG/GAGG
11:40:02.985 - INFO - CDS - seq=contig_23, start=146820, stop=147464, strand=-, frame=2, truncated=no, start-type=ATG, RBS-motif=GGAG/GAGG
11:40:02.985 - INFO - CDS - seq=contig_23, start=147586, stop=148329, strand=+, frame=1, truncated=no, start-type=TTG, RBS-motif=AGGAGG
11:40:02.985 - INFO - CDS - seq=contig_23, start=148323, stop=149159, strand=+, frame=3, truncated=no, start-type=ATG, RBS-motif=AGGAG
11:40:02.985 - INFO - CDS - seq=contig_23, start=149156, stop=150085, strand=+, frame=2, truncated=no, start-type=ATG, RBS-motif=GGAG/GAGG
11:40:02.985 - INFO - CDS - seq=contig_23, start=365, stop=994, strand=-, nt=[ATGTCGAATC..TGATAAGTAG]
11:40:02.986 - INFO - CDS - seq=contig_23, start=1730, stop=2599, strand=+, nt=[ATGGTTGGAT..CAAAGAATAA]
11:40:02.986 - INFO - CDS - seq=contig_23, start=2842, stop=3429, strand=-, nt=[ATGAATTTAA..AACAAAATAA]
11:40:02.986 - INFO - CDS - seq=contig_23, start=3993, stop=4937, strand=-, nt=[ATGAGCTTTG..AGAATTATAA]
11:40:02.986 - INFO - CDS - seq=contig_23, start=5048, stop=6043, strand=-, nt=[ATGAGACAAA..ACGTAAATAA]
11:40:02.986 - INFO - CDS - seq=contig_23, start=6040, stop=6951, strand=-, nt=[ATGGATAATA..GAAAAAATGA]
11:40:02.986 - INFO - CDS - seq=contig_23, start=7661, stop=8596, strand=-, nt=[ATGACTGAAA..TCAAGCTTAA]
11:40:02.986 - INFO - CDS - seq=contig_23, start=8663, stop=10102, strand=-, nt=[ATGGCGCAAA..GAGCATATAG]
11:40:02.986 - INFO - CDS - seq=contig_23, start=10110, stop=10595, strand=-, nt=[TTGAGAAAAT..TAGGAGGTGA]
11:40:02.986 - INFO - CDS - seq=contig_23, start=10603, stop=11442, strand=-, nt=[ATGGGTATTG..AGTGAAGTAG]
11:40:02.986 - INFO - CDS - seq=contig_23, start=11448, stop=12380, strand=-, nt=[ATGTTAACGA..TGAGGAGTAG]
11:40:02.986 - INFO - CDS - seq=contig_23, start=13044, stop=15890, strand=-, nt=[ATGAAAGAAC..AGATAAATAA]
11:40:02.986 - INFO - CDS - seq=contig_23, start=15898, stop=17883, strand=-, nt=[ATGGTTGAAC..AGAAGGGTGA]
11:40:02.987 - INFO - CDS - seq=contig_23, start=18152, stop=18388, strand=-, nt=[ATGATATGGT..AGATCGCTAA]
11:40:02.987 - INFO - CDS - seq=contig_23, start=18385, stop=19035, strand=-, nt=[ATGGGTGTAC..AAATGAATGA]
11:40:02.987 - INFO - CDS - seq=contig_23, start=19209, stop=20048, strand=-, nt=[ATGAAAAAAA..CATCCACTAA]
11:40:02.987 - INFO - CDS - seq=contig_23, start=20457, stop=21449, strand=-, nt=[ATGGCAGAAC..GCACGATTAA]
11:40:02.987 - INFO - CDS - seq=contig_23, start=21882, stop=24413, strand=-, nt=[ATGGGATTTT..TGGAAAATAA]
11:40:02.987 - INFO - CDS - seq=contig_23, start=24827, stop=25399, strand=-, nt=[ATGATTAGAT..TGAACAATAA]
11:40:02.987 - INFO - CDS - seq=contig_23, start=25460, stop=26134, strand=-, nt=[ATGAATAATT..TGCACGATAG]
11:40:02.987 - INFO - CDS - seq=contig_23, start=26127, stop=27209, strand=-, nt=[ATGGATAATG..TGATGAATAA]
11:40:02.987 - INFO - CDS - seq=contig_23, start=27573, stop=28439, strand=-, nt=[ATGAAAATTG..ATTAACATAA]
11:40:02.987 - INFO - CDS - seq=contig_23, start=28583, stop=29224, strand=+, nt=[ATGACACAAA..AACTGAATAA]
11:40:02.987 - INFO - CDS - seq=contig_23, start=29389, stop=30444, strand=-, nt=[ATGGTTACAT..AGAAGATTAG]
11:40:02.988 - INFO - CDS - seq=contig_23, start=30762, stop=31832, strand=+, nt=[ATGTTCGAAG..CAATTTATAA]
11:40:02.988 - INFO - CDS - seq=contig_23, start=32028, stop=32789, strand=+, nt=[ATGCCAGATT..AATCATTTAA]
11:40:02.988 - INFO - CDS - seq=contig_23, start=32807, stop=33301, strand=+, nt=[ATGCTATTTT..TAGAGTTTAA]
11:40:02.988 - INFO - CDS - seq=contig_23, start=33315, stop=34541, strand=+, nt=[ATGAAGAACC..AAATCACTAA]
11:40:02.988 - INFO - CDS - seq=contig_23, start=34728, stop=35852, strand=-, nt=[ATGAAAGTAT..TGAGGTTTAG]
11:40:02.988 - INFO - CDS - seq=contig_23, start=36276, stop=36596, strand=-, nt=[GTGGCTATAA..AGAAGAATAA]
11:40:02.988 - INFO - CDS - seq=contig_23, start=36750, stop=37628, strand=-, nt=[ATGAAAAAAA..AGAAAAATAA]
11:40:02.988 - INFO - CDS - seq=contig_23, start=37748, stop=38266, strand=+, nt=[ATGTATTCAA..ATACTTATAA]
11:40:02.988 - INFO - CDS - seq=contig_23, start=38393, stop=39316, strand=+, nt=[GTGATAAATA..GGAATCGTAA]
11:40:02.988 - INFO - CDS - seq=contig_23, start=39334, stop=39648, strand=+, nt=[ATGCCTAAAG..TGAAATTTAA]
11:40:02.988 - INFO - CDS - seq=contig_23, start=39965, stop=40993, strand=-, nt=[ATGAAGAAAA..TGTAAAATAA]
11:40:02.989 - INFO - CDS - seq=contig_23, start=41112, stop=41873, strand=-, nt=[ATGATTCAAG..TAAGGATTGA]
11:40:02.989 - INFO - CDS - seq=contig_23, start=41870, stop=42826, strand=-, nt=[ATGCGCAACA..TGCGCAATGA]
11:40:02.989 - INFO - CDS - seq=contig_23, start=42813, stop=43826, strand=-, nt=[ATGATAATGA..GCAACAATAA]
11:40:02.989 - INFO - CDS - seq=contig_23, start=44159, stop=45130, strand=-, nt=[ATGATAGCTG..CAACAAATAA]
11:40:02.989 - INFO - CDS - seq=contig_23, start=45248, stop=47353, strand=-, nt=[ATGAAAACCA..TTCTATCTAA]
11:40:02.989 - INFO - CDS - seq=contig_23, start=47316, stop=47714, strand=-, nt=[ATGAAAATAA..ATCATATTGA]
11:40:02.989 - INFO - CDS - seq=contig_23, start=48515, stop=49381, strand=+, nt=[TTGAATCCTA..AAAAAAATAA]
11:40:02.989 - INFO - CDS - seq=contig_23, start=49401, stop=49901, strand=+, nt=[ATGGCACATG..TAATCGTTAA]
11:40:02.989 - INFO - CDS - seq=contig_23, start=50242, stop=51747, strand=+, nt=[ATGACACAAC..TATACGTTAA]
11:40:02.989 - INFO - CDS - seq=contig_23, start=52017, stop=52934, strand=+, nt=[ATGGAAAATA..TGATTTGTAA]
11:40:02.989 - INFO - CDS - seq=contig_23, start=53813, stop=54355, strand=-, nt=[ATGACCCGTA..TGAGAAATAA]
11:40:02.990 - INFO - CDS - seq=contig_23, start=54694, stop=55752, strand=-, nt=[ATGAAAGAAC..ATACGAATAG]
11:40:02.990 - INFO - CDS - seq=contig_23, start=55992, stop=57506, strand=-, nt=[ATGACTAACT..AATCAAATAA]
11:40:02.990 - INFO - CDS - seq=contig_23, start=57499, stop=58476, strand=-, nt=[GTGATTAAGT..ACATGACTAA]
11:40:02.990 - INFO - CDS - seq=contig_23, start=58698, stop=60479, strand=-, nt=[ATGATGCAAC..CAAAGTATAG]
11:40:02.990 - INFO - CDS - seq=contig_23, start=60491, stop=62368, strand=-, nt=[ATGGAAGCAT..ACAACAATAA]
11:40:02.990 - INFO - CDS - seq=contig_23, start=62644, stop=64584, strand=-, nt=[ATGAGTTCAC..TAAAAAATAA]
11:40:02.990 - INFO - CDS - seq=contig_23, start=65058, stop=66062, strand=-, nt=[ATGTCAATCA..GATGAAATAA]
11:40:02.991 - INFO - CDS - seq=contig_23, start=66046, stop=66756, strand=-, nt=[ATGAAAATAT..TCATAATTGA]
11:40:02.991 - INFO - CDS - seq=contig_23, start=67116, stop=67724, strand=-, nt=[ATGCAATTAT..TTGCCTTTAA]
11:40:02.991 - INFO - CDS - seq=contig_23, start=67724, stop=68875, strand=-, nt=[GTGAGAATAG..GATGTTATAA]
11:40:02.991 - INFO - CDS - seq=contig_23, start=68859, stop=69452, strand=-, nt=[ATGATTCTAG..TAGAATATAA]
11:40:02.991 - INFO - CDS - seq=contig_23, start=69803, stop=70471, strand=+, nt=[ATGGAAAGTG..AGCGCTTTAA]
11:40:02.991 - INFO - CDS - seq=contig_23, start=70473, stop=70892, strand=+, nt=[ATGTTACAAC..ACAGGTGTAA]
11:40:02.991 - INFO - CDS - seq=contig_23, start=70896, stop=71609, strand=+, nt=[ATGGCTAAAA..AGGTGTATAA]
11:40:02.991 - INFO - CDS - seq=contig_23, start=71708, stop=72292, strand=+, nt=[ATGATTTTAT..TAAATTTTAA]
11:40:02.992 - INFO - CDS - seq=contig_23, start=72572, stop=73012, strand=+, nt=[ATGAATACAA..ATTAAAATAA]
11:40:02.992 - INFO - CDS - seq=contig_23, start=73355, stop=73828, strand=+, nt=[ATGAATAAAT..TCGTGGATGA]
11:40:02.992 - INFO - CDS - seq=contig_23, start=73803, stop=74489, strand=+, nt=[ATGACCCACT..GAGCCGATAA]
11:40:02.992 - INFO - CDS - seq=contig_23, start=74489, stop=75544, strand=+, nt=[ATGGTGTTAT..TACGTCATAA]
11:40:02.992 - INFO - CDS - seq=contig_23, start=75616, stop=76599, strand=-, nt=[ATGAAAATTA..TTCTAAATAA]
11:40:02.992 - INFO - CDS - seq=contig_23, start=76731, stop=77570, strand=-, nt=[ATGTTGAATG..TTTAAAATAA]
11:40:02.992 - INFO - CDS - seq=contig_23, start=77792, stop=79141, strand=-, nt=[TTGGAAACTT..ATCAGAATAG]
11:40:02.992 - INFO - CDS - seq=contig_23, start=79362, stop=80543, strand=-, nt=[GTGTCAGAAT..ATTTAGCTAA]
11:40:02.992 - INFO - CDS - seq=contig_23, start=80851, stop=82809, strand=-, nt=[ATGAGAGTAA..GGACGAGTAG]
11:40:02.992 - INFO - CDS - seq=contig_23, start=82815, stop=83735, strand=-, nt=[ATGATTTATA..TGGGGAGTGA]
11:40:02.993 - INFO - CDS - seq=contig_23, start=83732, stop=84496, strand=-, nt=[ATGATGATAA..GACTTTATGA]
11:40:02.993 - INFO - CDS - seq=contig_23, start=84746, stop=85228, strand=-, nt=[ATGGCTAAAA..CCATGAATGA]
11:40:02.993 - INFO - CDS - seq=contig_23, start=85402, stop=85854, strand=-, nt=[ATGACAGTAA..AACGAAATAA]
11:40:02.993 - INFO - CDS - seq=contig_23, start=86147, stop=87313, strand=-, nt=[ATGAATAAAC..AAATATGTAG]
11:40:02.993 - INFO - CDS - seq=contig_23, start=87522, stop=87944, strand=+, nt=[ATGAAATTGC..TCCTCAATAG]
11:40:02.993 - INFO - CDS - seq=contig_23, start=88130, stop=88747, strand=+, nt=[ATGCAATCTC..GAACAAGTGA]
11:40:02.993 - INFO - CDS - seq=contig_23, start=88744, stop=89028, strand=+, nt=[GTGACAATAA..ACTAAGATAA]
11:40:02.993 - INFO - CDS - seq=contig_23, start=89183, stop=90556, strand=-, nt=[ATGGCAATTG..GCTAGACTAA]
11:40:02.993 - INFO - CDS - seq=contig_23, start=90642, stop=92195, strand=-, nt=[ATGTCAGAAG..TTTGCTTTAA]
11:40:02.993 - INFO - CDS - seq=contig_23, start=92478, stop=92765, strand=-, nt=[ATGACAAACG..TCATTTTTAA]
11:40:02.993 - INFO - CDS - seq=contig_23, start=92800, stop=93708, strand=-, nt=[ATGGAACAAA..TATTCCGTAA]
11:40:02.994 - INFO - CDS - seq=contig_23, start=93811, stop=94737, strand=-, nt=[ATGAAAAATA..ATTTACGTAA]
11:40:02.994 - INFO - CDS - seq=contig_23, start=94964, stop=95407, strand=+, nt=[ATGTCTGATC..GGAAAAATAA]
11:40:02.994 - INFO - CDS - seq=contig_23, start=95534, stop=97207, strand=-, nt=[ATGAAAACAC..TAATGCATAA]
11:40:02.994 - INFO - CDS - seq=contig_23, start=97204, stop=98835, strand=-, nt=[GTGAAAAAAT..TGACTTATGA]
11:40:02.994 - INFO - CDS - seq=contig_23, start=99054, stop=99929, strand=+, nt=[ATGTTTATCA..AGGTATTTAA]
11:40:02.994 - INFO - CDS - seq=contig_23, start=100101, stop=100784, strand=+, nt=[ATGGATAAGA..AGAGGCATAA]
11:40:02.994 - INFO - CDS - seq=contig_23, start=100787, stop=101245, strand=+, nt=[GTGACACATA..GCTGGATTAA]
11:40:02.994 - INFO - CDS - seq=contig_23, start=101247, stop=101813, strand=+, nt=[ATGAAACGAA..ATACGATTAA]
11:40:02.994 - INFO - CDS - seq=contig_23, start=101909, stop=102451, strand=-, nt=[ATGATTTATT..TCGAAAGTGA]
11:40:02.994 - INFO - CDS - seq=contig_23, start=102531, stop=102830, strand=-, nt=[ATGCATGAAC..ATCAAAATAA]
11:40:02.994 - INFO - CDS - seq=contig_23, start=102968, stop=103363, strand=-, nt=[ATGAAGAAAT..CCAATCATAA]
11:40:02.995 - INFO - CDS - seq=contig_23, start=103430, stop=103873, strand=-, nt=[ATGAGGACAC..TATTGATTAG]
11:40:02.995 - INFO - CDS - seq=contig_23, start=104000, stop=104689, strand=+, nt=[ATGAAAAGTA..ATTTTTATAA]
11:40:02.995 - INFO - CDS - seq=contig_23, start=104788, stop=105276, strand=-, nt=[ATGACAATTA..GATTAATTAA]
11:40:02.995 - INFO - CDS - seq=contig_23, start=105273, stop=106565, strand=-, nt=[TTGTTTGCTA..ATCAACATGA]
11:40:02.995 - INFO - CDS - seq=contig_23, start=106625, stop=107491, strand=-, nt=[ATGAAGATTG..AAAGGCGTAG]
11:40:02.995 - INFO - CDS - seq=contig_23, start=107607, stop=108251, strand=-, nt=[GTGAAAGTAA..GAAAAACTAA]
11:40:02.995 - INFO - CDS - seq=contig_23, start=108604, stop=109077, strand=-, nt=[ATGAAATCAG..TTTAAAATAA]
11:40:02.995 - INFO - CDS - seq=contig_23, start=109077, stop=109793, strand=-, nt=[ATGGGACGTA..TTTGAAATAA]
11:40:02.995 - INFO - CDS - seq=contig_23, start=109983, stop=110408, strand=-, nt=[ATGGCAAAAA..AAATATTTAA]
11:40:02.995 - INFO - CDS - seq=contig_23, start=110488, stop=112638, strand=-, nt=[ATGGCAAAAT..AAAAAAATAA]
11:40:02.995 - INFO - CDS - seq=contig_23, start=113335, stop=113979, strand=-, nt=[TTGTCGCAAA..CAGAAGATAA]
11:40:02.995 - INFO - CDS - seq=contig_23, start=114340, stop=115137, strand=+, nt=[TTGAAAAAAT..CATCCATTAA]
11:40:02.996 - INFO - CDS - seq=contig_23, start=115725, stop=116732, strand=-, nt=[ATGTCATATA..ATTTTTCTAA]
11:40:02.996 - INFO - CDS - seq=contig_23, start=116748, stop=117365, strand=-, nt=[ATGTTTAGTA..AAATAGCTAA]
11:40:02.996 - INFO - CDS - seq=contig_23, start=118088, stop=119977, strand=-, nt=[ATGACCTTTA..TTCCATATAA]
11:40:02.996 - INFO - CDS - seq=contig_23, start=119967, stop=120728, strand=-, nt=[GTGGCAATTT..TGACCTTTAA]
11:40:02.996 - INFO - CDS - seq=contig_23, start=120872, stop=121912, strand=-, nt=[ATGAATAATT..GTCATTTTAA]
11:40:02.996 - INFO - CDS - seq=contig_23, start=121905, stop=122579, strand=-, nt=[ATGCAAATAC..TCATGAATAA]
11:40:02.996 - INFO - CDS - seq=contig_23, start=122595, stop=123518, strand=-, nt=[ATGAAACCTA..TACTAAATGA]
11:40:02.996 - INFO - CDS - seq=contig_23, start=123631, stop=124137, strand=+, nt=[ATGGCCCATA..TCTTAATTAA]
11:40:02.996 - INFO - CDS - seq=contig_23, start=124346, stop=124774, strand=-, nt=[ATGACAAGGT..GGAAAACTAA]
11:40:02.997 - INFO - CDS - seq=contig_23, start=125103, stop=126146, strand=-, nt=[ATGAATAAAG..TTTAAACTAA]
11:40:02.997 - INFO - CDS - seq=contig_23, start=126297, stop=127364, strand=-, nt=[ATGATGATGA..TATTGCTTAA]
11:40:02.997 - INFO - CDS - seq=contig_23, start=127821, stop=128318, strand=-, nt=[ATGCAACACC..TGCACGTTAA]
11:40:02.997 - INFO - CDS - seq=contig_23, start=128434, stop=128796, strand=-, nt=[ATGCCTAAAA..ATCATTTTAG]
11:40:02.997 - INFO - CDS - seq=contig_23, start=128789, stop=129373, strand=-, nt=[ATGAAAGTGA..TAATGCCTAA]
11:40:02.998 - INFO - CDS - seq=contig_23, start=129415, stop=130383, strand=-, nt=[ATGATGAAAA..CTTTAAATAA]
11:40:02.998 - INFO - CDS - seq=contig_23, start=130617, stop=131633, strand=-, nt=[ATGATTAGTT..AAATGTATAG]
11:40:02.998 - INFO - CDS - seq=contig_23, start=131630, stop=132634, strand=-, nt=[ATGACAAATA..CTCAATATGA]
11:40:02.998 - INFO - CDS - seq=contig_23, start=132670, stop=133467, strand=-, nt=[ATGAATCGTT..TTATTCTTAA]
11:40:02.998 - INFO - CDS - seq=contig_23, start=133749, stop=134582, strand=-, nt=[GTGAATAAAA..AGATGAATAA]
11:40:02.998 - INFO - CDS - seq=contig_23, start=135107, stop=136336, strand=-, nt=[ATGTTTTTAT..TGCATGGTAA]
11:40:02.998 - INFO - CDS - seq=contig_23, start=136693, stop=138420, strand=-, nt=[ATGAAACGAG..AACAGATTAA]
11:40:02.998 - INFO - CDS - seq=contig_23, start=138841, stop=140136, strand=+, nt=[ATGAAAAATT..AAGAAAATAA]
11:40:02.998 - INFO - CDS - seq=contig_23, start=140253, stop=140651, strand=-, nt=[ATGAAACGTG..TGCTAAATAA]
11:40:02.999 - INFO - CDS - seq=contig_23, start=140714, stop=141775, strand=-, nt=[ATGAGGCTTA..AAAACGATAA]
11:40:02.999 - INFO - CDS - seq=contig_23, start=141772, stop=142875, strand=-, nt=[ATGAACGTTT..GACAAAATGA]
11:40:02.999 - INFO - CDS - seq=contig_23, start=142974, stop=143786, strand=-, nt=[ATGTCAGCAA..CTTCTTGTAA]
11:40:02.999 - INFO - CDS - seq=contig_23, start=144133, stop=144927, strand=+, nt=[ATGAACGTTT..TATTAAATAA]
11:40:02.999 - INFO - CDS - seq=contig_23, start=144988, stop=145752, strand=-, nt=[ATGACTGTTG..AGCGAAATAG]
11:40:02.999 - INFO - CDS - seq=contig_23, start=145988, stop=146740, strand=+, nt=[ATGAATTATT..GATAAATTAA]
11:40:02.999 - INFO - CDS - seq=contig_23, start=146820, stop=147464, strand=-, nt=[ATGTTAACTG..TGAAAAATAA]
11:40:02.999 - INFO - CDS - seq=contig_23, start=147586, stop=148329, strand=+, nt=[TTGTTAGAAA..AACATGTTAG]
11:40:02.999 - INFO - CDS - seq=contig_23, start=148323, stop=149159, strand=+, nt=[ATGTTAGAGT..TTTAACATGA]
11:40:02.999 - INFO - CDS - seq=contig_23, start=149156, stop=150085, strand=+, nt=[ATGAAAAAAT..CATGAAATAA]
11:40:03.000 - INFO - CDS - seq=contig_24, start=664, stop=2046, strand=-, frame=2, truncated=no, start-type=TTG, RBS-motif=AGGAGG
11:40:03.000 - INFO - CDS - seq=contig_24, start=2150, stop=3037, strand=+, frame=2, truncated=no, start-type=ATG, RBS-motif=3Base/5BMM
11:40:03.000 - INFO - CDS - seq=contig_24, start=3041, stop=3601, strand=+, frame=2, truncated=no, start-type=ATG, RBS-motif=3Base/5BMM
11:40:03.000 - INFO - CDS - seq=contig_24, start=3809, stop=5023, strand=-, frame=1, truncated=no, start-type=ATG, RBS-motif=GGA/GAG/AGG
11:40:03.000 - INFO - CDS - seq=contig_24, start=5172, stop=5642, strand=+, frame=3, truncated=no, start-type=GTG, RBS-motif=AGxAGG/AGGxGG
11:40:03.000 - INFO - CDS - seq=contig_24, start=5661, stop=6227, strand=+, frame=3, truncated=no, start-type=GTG, RBS-motif=GGAG/GAGG
11:40:03.000 - INFO - CDS - seq=contig_24, start=6214, stop=7224, strand=+, frame=1, truncated=no, start-type=ATG, RBS-motif=GGAG/GAGG
11:40:03.000 - INFO - CDS - seq=contig_24, start=7238, stop=9694, strand=+, frame=2, truncated=no, start-type=ATG, RBS-motif=AGGAGG
11:40:03.001 - INFO - CDS - seq=contig_24, start=10179, stop=11543, strand=+, frame=3, truncated=no, start-type=TTG, RBS-motif=GGAGG
11:40:03.001 - INFO - CDS - seq=contig_24, start=11568, stop=12641, strand=+, frame=3, truncated=no, start-type=GTG, RBS-motif=AGGAGG
11:40:03.001 - INFO - CDS - seq=contig_24, start=13198, stop=14652, strand=+, frame=1, truncated=no, start-type=ATG, RBS-motif=AGGAG
11:40:03.001 - INFO - CDS - seq=contig_24, start=15042, stop=15722, strand=+, frame=3, truncated=no, start-type=ATG, RBS-motif=GGA/GAG/AGG
11:40:03.001 - INFO - CDS - seq=contig_24, start=15706, stop=17106, strand=+, frame=1, truncated=no, start-type=ATG, RBS-motif=GGAG/GAGG
11:40:03.001 - INFO - CDS - seq=contig_24, start=17099, stop=17503, strand=+, frame=2, truncated=no, start-type=GTG, RBS-motif=3Base/5BMM
11:40:03.001 - INFO - CDS - seq=contig_24, start=17511, stop=18257, strand=+, frame=3, truncated=no, start-type=GTG, RBS-motif=GGA/GAG/AGG
11:40:03.001 - INFO - CDS - seq=contig_24, start=18257, stop=18781, strand=+, frame=2, truncated=no, start-type=ATG, RBS-motif=GGAG/GAGG
11:40:03.001 - INFO - CDS - seq=contig_24, start=18862, stop=19431, strand=+, frame=1, truncated=no, start-type=TTG, RBS-motif=4Base/6BMM
11:40:03.001 - INFO - CDS - seq=contig_24, start=19745, stop=19927, strand=+, frame=2, truncated=no, start-type=ATG, RBS-motif=GGAGG
11:40:03.002 - INFO - CDS - seq=contig_24, start=19940, stop=20488, strand=+, frame=2, truncated=no, start-type=ATG, RBS-motif=AGGAG
11:40:03.002 - INFO - CDS - seq=contig_24, start=20669, stop=21091, strand=+, frame=2, truncated=no, start-type=GTG, RBS-motif=AGGAGG
11:40:03.002 - INFO - CDS - seq=contig_24, start=21299, stop=21991, strand=+, frame=2, truncated=no, start-type=ATG, RBS-motif=AGGAGG
11:40:03.002 - INFO - CDS - seq=contig_24, start=22263, stop=22763, strand=+, frame=3, truncated=no, start-type=ATG, RBS-motif=GGAGG
11:40:03.002 - INFO - CDS - seq=contig_24, start=22806, stop=23174, strand=+, frame=3, truncated=no, start-type=ATG, RBS-motif=GGAGG
11:40:03.002 - INFO - CDS - seq=contig_24, start=23349, stop=23957, strand=+, frame=3, truncated=no, start-type=ATG, RBS-motif=GGAG/GAGG
11:40:03.002 - INFO - CDS - seq=contig_24, start=24172, stop=27723, strand=+, frame=1, truncated=no, start-type=TTG, RBS-motif=AGGA/GGAG/GAGG
11:40:03.002 - INFO - CDS - seq=contig_24, start=27860, stop=31483, strand=+, frame=2, truncated=no, start-type=TTG, RBS-motif=AGGAGG
11:40:03.003 - INFO - CDS - seq=contig_24, start=31620, stop=31874, strand=+, frame=3, truncated=no, start-type=TTG, RBS-motif=GGAGG
11:40:03.003 - INFO - CDS - seq=contig_24, start=31972, stop=32385, strand=+, frame=1, truncated=no, start-type=ATG, RBS-motif=AGGAGG
11:40:03.003 - INFO - CDS - seq=contig_24, start=32451, stop=32921, strand=+, frame=3, truncated=no, start-type=ATG, RBS-motif=GGAGG
11:40:03.003 - INFO - CDS - seq=contig_24, start=33044, stop=35125, strand=+, frame=2, truncated=no, start-type=ATG, RBS-motif=AGGAG
11:40:03.004 - INFO - CDS - seq=contig_24, start=35342, stop=36526, strand=+, frame=2, truncated=no, start-type=ATG, RBS-motif=AGGAG
11:40:03.004 - INFO - CDS - seq=contig_24, start=36808, stop=37983, strand=-, frame=2, truncated=no, start-type=GTG, RBS-motif=AGxAG
11:40:03.004 - INFO - CDS - seq=contig_24, start=38154, stop=39341, strand=+, frame=3, truncated=no, start-type=GTG, RBS-motif=AGxAGG/AGGxGG
11:40:03.004 - INFO - CDS - seq=contig_24, start=39611, stop=40489, strand=+, frame=2, truncated=no, start-type=ATG, RBS-motif=AGxAGG/AGGxGG
11:40:03.004 - INFO - CDS - seq=contig_24, start=40648, stop=42285, strand=+, frame=1, truncated=no, start-type=ATG, RBS-motif=GGAGG
11:40:03.004 - INFO - CDS - seq=contig_24, start=42499, stop=43464, strand=+, frame=1, truncated=no, start-type=ATG, RBS-motif=AGGAG
11:40:03.004 - INFO - CDS - seq=contig_24, start=43800, stop=44876, strand=+, frame=3, truncated=no, start-type=ATG, RBS-motif=AGGAGG
11:40:03.004 - INFO - CDS - seq=contig_24, start=45126, stop=45809, strand=+, frame=3, truncated=no, start-type=ATG, RBS-motif=AGGAG/GGAGG
11:40:03.004 - INFO - CDS - seq=contig_24, start=45925, stop=46587, strand=-, frame=2, truncated=no, start-type=ATG, RBS-motif=AGGAG
11:40:03.005 - INFO - CDS - seq=contig_24, start=46580, stop=47197, strand=-, frame=1, truncated=no, start-type=ATG, RBS-motif=GGAG/GAGG
11:40:03.005 - INFO - CDS - seq=contig_24, start=47264, stop=47734, strand=+, frame=2, truncated=no, start-type=ATG, RBS-motif=GGA/GAG/AGG
11:40:03.005 - INFO - CDS - seq=contig_24, start=47881, stop=48750, strand=+, frame=1, truncated=no, start-type=ATG, RBS-motif=GGAG/GAGG
11:40:03.005 - INFO - CDS - seq=contig_24, start=48772, stop=49338, strand=+, frame=1, truncated=no, start-type=ATG, RBS-motif=GGAG/GAGG
11:40:03.005 - INFO - CDS - seq=contig_24, start=664, stop=2046, strand=-, nt=[TTGAAAAACA..TATAAAGTAA]
11:40:03.005 - INFO - CDS - seq=contig_24, start=2150, stop=3037, strand=+, nt=[ATGAGTAAAA..TGGTTGGTAA]
11:40:03.005 - INFO - CDS - seq=contig_24, start=3041, stop=3601, strand=+, nt=[ATGAAAATAG..AAAAGCATAG]
11:40:03.005 - INFO - CDS - seq=contig_24, start=3809, stop=5023, strand=-, nt=[ATGCATATTC..CTTTATTTAA]
11:40:03.005 - INFO - CDS - seq=contig_24, start=5172, stop=5642, strand=+, nt=[GTGATATACA..TTATTACTAA]
11:40:03.006 - INFO - CDS - seq=contig_24, start=5661, stop=6227, strand=+, nt=[GTGCTTTGTG..TGACGCATAA]
11:40:03.006 - INFO - CDS - seq=contig_24, start=6214, stop=7224, strand=+, nt=[ATGATGACGC..TATAAAGTAG]
11:40:03.006 - INFO - CDS - seq=contig_24, start=7238, stop=9694, strand=+, nt=[ATGTTATTTG..GCAAGCATAA]
11:40:03.006 - INFO - CDS - seq=contig_24, start=10179, stop=11543, strand=+, nt=[TTGGCCAAGA..TCATTCATAA]
11:40:03.006 - INFO - CDS - seq=contig_24, start=11568, stop=12641, strand=+, nt=[GTGAATATCG..ATCATTATAA]
11:40:03.006 - INFO - CDS - seq=contig_24, start=13198, stop=14652, strand=+, nt=[ATGAGCGATC..ATATAAGTAA]
11:40:03.006 - INFO - CDS - seq=contig_24, start=15042, stop=15722, strand=+, nt=[ATGTATTTAC..CATTATATAA]
11:40:03.006 - INFO - CDS - seq=contig_24, start=15706, stop=17106, strand=+, nt=[ATGATTACAT..ACGTGGATAA]
11:40:03.006 - INFO - CDS - seq=contig_24, start=17099, stop=17503, strand=+, nt=[GTGGATAATC..CGAAAGGTAG]
11:40:03.006 - INFO - CDS - seq=contig_24, start=17511, stop=18257, strand=+, nt=[GTGGAAGATA..AGAAATATAA]
11:40:03.007 - INFO - CDS - seq=contig_24, start=18257, stop=18781, strand=+, nt=[ATGAAAGAAC..TAAGAAATGA]
11:40:03.007 - INFO - CDS - seq=contig_24, start=18862, stop=19431, strand=+, nt=[TTGAAATATG..AATGATTTGA]
11:40:03.007 - INFO - CDS - seq=contig_24, start=19745, stop=19927, strand=+, nt=[ATGGCTAAAA..ATTTGGTTAG]
11:40:03.007 - INFO - CDS - seq=contig_24, start=19940, stop=20488, strand=+, nt=[ATGTCTGAAG..AAAGCTTTAA]
11:40:03.007 - INFO - CDS - seq=contig_24, start=20669, stop=21091, strand=+, nt=[GTGGCTAAAA..TGTAGAATAA]
11:40:03.007 - INFO - CDS - seq=contig_24, start=21299, stop=21991, strand=+, nt=[ATGGCTAAAA..TTTCAAATAA]
11:40:03.007 - INFO - CDS - seq=contig_24, start=22263, stop=22763, strand=+, nt=[ATGTCTGCTA..CGCTGAATAA]
11:40:03.007 - INFO - CDS - seq=contig_24, start=22806, stop=23174, strand=+, nt=[ATGGCTAATC..ATTAAAATAA]
11:40:03.007 - INFO - CDS - seq=contig_24, start=23349, stop=23957, strand=+, nt=[ATGAGTCATT..AAAAGCTTGA]
11:40:03.007 - INFO - CDS - seq=contig_24, start=24172, stop=27723, strand=+, nt=[TTGGCAGGTC..TACTGATTAA]
11:40:03.008 - INFO - CDS - seq=contig_24, start=27860, stop=31483, strand=+, nt=[TTGATTGATG..AACGGAATAA]
11:40:03.008 - INFO - CDS - seq=contig_24, start=31620, stop=31874, strand=+, nt=[TTGTCTAAGG..GATTAAATGA]
11:40:03.008 - INFO - CDS - seq=contig_24, start=31972, stop=32385, strand=+, nt=[ATGCCAACTA..TAAAAACTAA]
11:40:03.008 - INFO - CDS - seq=contig_24, start=32451, stop=32921, strand=+, nt=[ATGCCTCGTA..CCGTTGGTAA]
11:40:03.008 - INFO - CDS - seq=contig_24, start=33044, stop=35125, strand=+, nt=[ATGGCTAGAG..AGGTGAATAA]
11:40:03.008 - INFO - CDS - seq=contig_24, start=35342, stop=36526, strand=+, nt=[ATGGCAAAAG..CATTAAATAA]
11:40:03.008 - INFO - CDS - seq=contig_24, start=36808, stop=37983, strand=-, nt=[GTGTTAGATT..AACAAATTAA]
11:40:03.008 - INFO - CDS - seq=contig_24, start=38154, stop=39341, strand=+, nt=[GTGGTTCAAT..GTTGATTTAA]
11:40:03.008 - INFO - CDS - seq=contig_24, start=39611, stop=40489, strand=+, nt=[ATGTCACAAG..AAATAAATAA]
11:40:03.008 - INFO - CDS - seq=contig_24, start=40648, stop=42285, strand=+, nt=[ATGTCGTATA..TGAGGGATAA]
11:40:03.008 - INFO - CDS - seq=contig_24, start=42499, stop=43464, strand=+, nt=[ATGAAAAAAA..TAATAACTAA]
11:40:03.008 - INFO - CDS - seq=contig_24, start=43800, stop=44876, strand=+, nt=[ATGTCACAAG..AAAATATTAA]
11:40:03.009 - INFO - CDS - seq=contig_24, start=45126, stop=45809, strand=+, nt=[ATGGAATGGA..TTTAAATTAA]
11:40:03.009 - INFO - CDS - seq=contig_24, start=45925, stop=46587, strand=-, nt=[ATGAATAATT..TACACGATAA]
11:40:03.009 - INFO - CDS - seq=contig_24, start=46580, stop=47197, strand=-, nt=[ATGAACAAAC..CAATGAATAA]
11:40:03.010 - INFO - CDS - seq=contig_24, start=47264, stop=47734, strand=+, nt=[ATGACAAATG..CACCAATTAG]
11:40:03.010 - INFO - CDS - seq=contig_24, start=47881, stop=48750, strand=+, nt=[ATGATAAAAC..ACAAGTTTAA]
11:40:03.010 - INFO - CDS - seq=contig_24, start=48772, stop=49338, strand=+, nt=[ATGAAAGGAT..TTTAAAATAA]
11:40:03.010 - INFO - CDS - seq=contig_25, start=175, stop=360, strand=-, frame=3, truncated=no, start-type=ATG, RBS-motif=3Base/5BMM
11:40:03.010 - INFO - CDS - seq=contig_25, start=365, stop=769, strand=-, frame=2, truncated=no, start-type=ATG, RBS-motif=GGAG/GAGG
11:40:03.010 - INFO - CDS - seq=contig_25, start=813, stop=1001, strand=-, frame=1, truncated=no, start-type=ATG, RBS-motif=AGGAG
11:40:03.010 - INFO - CDS - seq=contig_25, start=1014, stop=1172, strand=-, frame=1, truncated=no, start-type=ATG, RBS-motif=GGAG/GAGG
11:40:03.010 - INFO - CDS - seq=contig_25, start=1166, stop=1945, strand=-, frame=2, truncated=no, start-type=ATG, RBS-motif=GGAG/GAGG
11:40:03.011 - INFO - CDS - seq=contig_25, start=1955, stop=2692, strand=-, frame=2, truncated=no, start-type=ATG, RBS-motif=AGGAG
11:40:03.011 - INFO - CDS - seq=contig_25, start=2756, stop=3613, strand=+, frame=2, truncated=no, start-type=ATG, RBS-motif=GGxGG
11:40:03.011 - INFO - CDS - seq=contig_25, start=3606, stop=3722, strand=-, frame=1, truncated=no, start-type=ATG, RBS-motif=AGGAG
11:40:03.011 - INFO - CDS - seq=contig_25, start=3719, stop=4390, strand=-, frame=2, truncated=no, start-type=ATG, RBS-motif=GGA/GAG/AGG
11:40:03.011 - INFO - CDS - seq=contig_25, start=4403, stop=4954, strand=-, frame=2, truncated=no, start-type=ATG, RBS-motif=AGGA/GGAG/GAGG
11:40:03.011 - INFO - CDS - seq=contig_25, start=4983, stop=5771, strand=-, frame=1, truncated=no, start-type=ATG, RBS-motif=AGGAGG
11:40:03.011 - INFO - CDS - seq=contig_25, start=5764, stop=5985, strand=-, frame=3, truncated=no, start-type=ATG, RBS-motif=AGGAGG
11:40:03.011 - INFO - CDS - seq=contig_25, start=5995, stop=6255, strand=-, frame=3, truncated=no, start-type=ATG, RBS-motif=GGAGG
11:40:03.011 - INFO - CDS - seq=contig_25, start=6347, stop=6508, strand=-, frame=2, truncated=no, start-type=ATG, RBS-motif=AGGAG
11:40:03.011 - INFO - CDS - seq=contig_25, start=6501, stop=6629, strand=-, frame=1, truncated=no, start-type=GTG, RBS-motif=AGGA
11:40:03.012 - INFO - CDS - seq=contig_25, start=6688, stop=7335, strand=+, frame=1, truncated=no, start-type=ATG, RBS-motif=AGGAGG
11:40:03.012 - INFO - CDS - seq=contig_25, start=7357, stop=7500, strand=-, frame=3, truncated=no, start-type=ATG, RBS-motif=AGGAGG
11:40:03.012 - INFO - CDS - seq=contig_25, start=7540, stop=7764, strand=-, frame=3, truncated=no, start-type=ATG, RBS-motif=GGAG/GAGG
11:40:03.012 - INFO - CDS - seq=contig_25, start=7765, stop=8532, strand=-, frame=3, truncated=no, start-type=ATG, RBS-motif=AGGAG
11:40:03.012 - INFO - CDS - seq=contig_25, start=8592, stop=9074, strand=+, frame=3, truncated=no, start-type=ATG, RBS-motif=AGxAGG/AGGxGG
11:40:03.012 - INFO - CDS - seq=contig_25, start=9175, stop=9354, strand=-, frame=3, truncated=no, start-type=ATG, RBS-motif=AGGAGG
11:40:03.012 - INFO - CDS - seq=contig_25, start=9425, stop=10192, strand=-, frame=2, truncated=no, start-type=ATG, RBS-motif=AGGAG
11:40:03.012 - INFO - CDS - seq=contig_25, start=10185, stop=11066, strand=-, frame=1, truncated=no, start-type=ATG, RBS-motif=AGGAGG
11:40:03.013 - INFO - CDS - seq=contig_25, start=11106, stop=11315, strand=-, frame=1, truncated=no, start-type=ATG, RBS-motif=AGGAGG
11:40:03.013 - INFO - CDS - seq=contig_25, start=11478, stop=11804, strand=+, frame=3, truncated=no, start-type=ATG, RBS-motif=AGGAG
11:40:03.013 - INFO - CDS - seq=contig_25, start=11826, stop=12287, strand=+, frame=3, truncated=no, start-type=ATG, RBS-motif=GGA/GAG/AGG
11:40:03.013 - INFO - CDS - seq=contig_25, start=12319, stop=12999, strand=+, frame=1, truncated=no, start-type=ATG, RBS-motif=AGGAGG
11:40:03.013 - INFO - CDS - seq=contig_25, start=13206, stop=14591, strand=+, frame=3, truncated=no, start-type=ATG, RBS-motif=AGGAGG
11:40:03.013 - INFO - CDS - seq=contig_25, start=14708, stop=14881, strand=-, frame=2, truncated=no, start-type=ATG, RBS-motif=AGGAGG
11:40:03.013 - INFO - CDS - seq=contig_25, start=14961, stop=15518, strand=-, frame=1, truncated=no, start-type=ATG, RBS-motif=GGAG/GAGG
11:40:03.013 - INFO - CDS - seq=contig_25, start=15645, stop=16784, strand=+, frame=3, truncated=no, start-type=ATG, RBS-motif=AGGA
11:40:03.014 - INFO - CDS - seq=contig_25, start=16846, stop=17328, strand=-, frame=3, truncated=no, start-type=ATG, RBS-motif=GGAG/GAGG
11:40:03.014 - INFO - CDS - seq=contig_25, start=17330, stop=17872, strand=-, frame=2, truncated=no, start-type=ATG, RBS-motif=GGA/GAG/AGG
11:40:03.014 - INFO - CDS - seq=contig_25, start=17942, stop=18331, strand=+, frame=2, truncated=no, start-type=ATG, RBS-motif=AGGAG/GGAGG
11:40:03.014 - INFO - CDS - seq=contig_25, start=18334, stop=18588, strand=-, frame=3, truncated=no, start-type=ATG, RBS-motif=GGAG/GAGG
11:40:03.014 - INFO - CDS - seq=contig_25, start=18827, stop=19753, strand=+, frame=2, truncated=no, start-type=ATG, RBS-motif=AGGAGG
11:40:03.014 - INFO - CDS - seq=contig_25, start=19816, stop=20250, strand=-, frame=3, truncated=no, start-type=ATG, RBS-motif=GGAG/GAGG
11:40:03.014 - INFO - CDS - seq=contig_25, start=20266, stop=21303, strand=-, frame=3, truncated=no, start-type=ATG, RBS-motif=AGxAGG/AGGxGG
11:40:03.014 - INFO - CDS - seq=contig_25, start=21630, stop=22091, strand=-, frame=1, truncated=no, start-type=ATG, RBS-motif=AGGA
11:40:03.015 - INFO - CDS - seq=contig_25, start=22116, stop=23027, strand=-, frame=1, truncated=no, start-type=ATG, RBS-motif=AGGAGG
11:40:03.015 - INFO - CDS - seq=contig_25, start=23308, stop=24378, strand=+, frame=1, truncated=no, start-type=ATG, RBS-motif=None
11:40:03.015 - INFO - CDS - seq=contig_25, start=24518, stop=27970, strand=-, frame=2, truncated=no, start-type=TTG, RBS-motif=AGGAG
11:40:03.015 - INFO - CDS - seq=contig_25, start=28524, stop=29750, strand=-, frame=1, truncated=no, start-type=ATG, RBS-motif=GGA/GAG/AGG
11:40:03.015 - INFO - CDS - seq=contig_25, start=30064, stop=30339, strand=-, frame=3, truncated=no, start-type=ATG, RBS-motif=GGAG/GAGG
11:40:03.015 - INFO - CDS - seq=contig_25, start=30480, stop=30962, strand=+, frame=3, truncated=no, start-type=ATG, RBS-motif=GGAG/GAGG
11:40:03.015 - INFO - CDS - seq=contig_25, start=31271, stop=33118, strand=-, frame=2, truncated=no, start-type=ATG, RBS-motif=AGxAGG/AGGxGG
11:40:03.015 - INFO - CDS - seq=contig_25, start=33220, stop=33411, strand=+, frame=1, truncated=no, start-type=ATG, RBS-motif=AGxAGG/AGGxGG
11:40:03.016 - INFO - CDS - seq=contig_25, start=33565, stop=34392, strand=-, frame=3, truncated=no, start-type=ATG, RBS-motif=AGGAG
11:40:03.016 - INFO - CDS - seq=contig_25, start=34549, stop=35163, strand=+, frame=1, truncated=no, start-type=ATG, RBS-motif=AGGAGG
11:40:03.016 - INFO - CDS - seq=contig_25, start=35346, stop=36698, strand=+, frame=3, truncated=no, start-type=ATG, RBS-motif=GGAG/GAGG
11:40:03.016 - INFO - CDS - seq=contig_25, start=36777, stop=37196, strand=-, frame=1, truncated=no, start-type=ATG, RBS-motif=AGGA
11:40:03.016 - INFO - CDS - seq=contig_25, start=37479, stop=38498, strand=-, frame=1, truncated=no, start-type=ATG, RBS-motif=AGGAG
11:40:03.016 - INFO - CDS - seq=contig_25, start=38572, stop=39645, strand=-, frame=3, truncated=no, start-type=ATG, RBS-motif=GGAG/GAGG
11:40:03.016 - INFO - CDS - seq=contig_25, start=39645, stop=40454, strand=-, frame=1, truncated=no, start-type=ATG, RBS-motif=GGAG/GAGG
11:40:03.016 - INFO - CDS - seq=contig_25, start=40460, stop=41257, strand=-, frame=2, truncated=no, start-type=ATG, RBS-motif=GGAG/GAGG
11:40:03.017 - INFO - CDS - seq=contig_25, start=41250, stop=42344, strand=-, frame=1, truncated=no, start-type=TTG, RBS-motif=AGxAGG/AGGxGG
11:40:03.017 - INFO - CDS - seq=contig_25, start=42357, stop=42896, strand=-, frame=1, truncated=no, start-type=ATG, RBS-motif=AGxAGG/AGGxGG
11:40:03.017 - INFO - CDS - seq=contig_25, start=43040, stop=43315, strand=-, frame=2, truncated=no, start-type=ATG, RBS-motif=GGAGG
11:40:03.017 - INFO - CDS - seq=contig_25, start=43483, stop=44889, strand=-, frame=3, truncated=no, start-type=ATG, RBS-motif=GGAGG
11:40:03.017 - INFO - CDS - seq=contig_25, start=44893, stop=46185, strand=-, frame=3, truncated=no, start-type=GTG, RBS-motif=AGGAGG
11:40:03.017 - INFO - CDS - seq=contig_25, start=46276, stop=47253, strand=-, frame=3, truncated=no, start-type=ATG, RBS-motif=AGGAG/GGAGG
11:40:03.017 - INFO - CDS - seq=contig_25, start=47257, stop=48369, strand=-, frame=3, truncated=no, start-type=ATG, RBS-motif=3Base/5BMM
11:40:03.017 - INFO - CDS - seq=contig_25, start=48540, stop=49166, strand=-, frame=1, truncated=no, start-type=ATG, RBS-motif=GGAGG
11:40:03.018 - INFO - CDS - seq=contig_25, start=49531, stop=50082, strand=+, frame=1, truncated=no, start-type=ATG, RBS-motif=GGA/GAG/AGG
11:40:03.018 - INFO - CDS - seq=contig_25, start=50564, stop=50782, strand=+, frame=2, truncated=no, start-type=ATG, RBS-motif=AGGAGG
11:40:03.018 - INFO - CDS - seq=contig_25, start=50782, stop=52479, strand=+, frame=1, truncated=no, start-type=ATG, RBS-motif=AGGA/GGAG/GAGG
11:40:03.018 - INFO - CDS - seq=contig_25, start=52725, stop=53387, strand=-, frame=1, truncated=no, start-type=ATG, RBS-motif=GGAGG
11:40:03.018 - INFO - CDS - seq=contig_25, start=53520, stop=54539, strand=-, frame=1, truncated=no, start-type=ATG, RBS-motif=AGGAGG
11:40:03.018 - INFO - CDS - seq=contig_25, start=54536, stop=55897, strand=-, frame=2, truncated=no, start-type=ATG, RBS-motif=GGA/GAG/AGG
11:40:03.018 - INFO - CDS - seq=contig_25, start=56095, stop=56328, strand=+, frame=1, truncated=no, start-type=ATG, RBS-motif=AGGAG
11:40:03.018 - INFO - CDS - seq=contig_25, start=56565, stop=58283, strand=-, frame=1, truncated=no, start-type=ATG, RBS-motif=4Base/6BMM
11:40:03.019 - INFO - CDS - seq=contig_25, start=58286, stop=58552, strand=-, frame=2, truncated=no, start-type=ATG, RBS-motif=AGGAG
11:40:03.019 - INFO - CDS - seq=contig_25, start=58706, stop=59248, strand=-, frame=2, truncated=no, start-type=ATG, RBS-motif=AGxAGG/AGGxGG
11:40:03.019 - INFO - CDS - seq=contig_25, start=59302, stop=60474, strand=-, frame=3, truncated=no, start-type=ATG, RBS-motif=AGGA
11:40:03.019 - INFO - CDS - seq=contig_25, start=60899, stop=62194, strand=-, frame=2, truncated=no, start-type=ATG, RBS-motif=GGAG/GAGG
11:40:03.019 - INFO - CDS - seq=contig_25, start=62346, stop=62480, strand=+, frame=3, truncated=no, start-type=ATG, RBS-motif=GGAGG
11:40:03.019 - INFO - CDS - seq=contig_25, start=62581, stop=62727, strand=-, frame=3, truncated=no, start-type=ATG, RBS-motif=GGAG/GAGG
11:40:03.019 - INFO - CDS - seq=contig_25, start=63190, stop=63765, strand=+, frame=1, truncated=no, start-type=ATG, RBS-motif=AGGAGG
11:40:03.019 - INFO - CDS - seq=contig_25, start=63780, stop=65180, strand=+, frame=3, truncated=no, start-type=GTG, RBS-motif=AGGAG
11:40:03.019 - INFO - CDS - seq=contig_25, start=65173, stop=65979, strand=+, frame=1, truncated=no, start-type=ATG, RBS-motif=None
11:40:03.019 - INFO - CDS - seq=contig_25, start=66246, stop=67493, strand=-, frame=1, truncated=no, start-type=ATG, RBS-motif=GGA/GAG/AGG
11:40:03.020 - INFO - CDS - seq=contig_25, start=67515, stop=68993, strand=-, frame=1, truncated=no, start-type=ATG, RBS-motif=AGGAG
11:40:03.020 - INFO - CDS - seq=contig_25, start=69008, stop=69574, strand=-, frame=2, truncated=no, start-type=ATG, RBS-motif=GGxGG
11:40:03.020 - INFO - CDS - seq=contig_25, start=69577, stop=70605, strand=-, frame=3, truncated=no, start-type=ATG, RBS-motif=GGAG/GAGG
11:40:03.020 - INFO - CDS - seq=contig_25, start=70598, stop=72082, strand=-, frame=2, truncated=no, start-type=ATG, RBS-motif=GGA/GAG/AGG
11:40:03.020 - INFO - CDS - seq=contig_25, start=72061, stop=74250, strand=-, frame=3, truncated=no, start-type=ATG, RBS-motif=GGAGG
11:40:03.020 - INFO - CDS - seq=contig_25, start=74243, stop=74914, strand=-, frame=2, truncated=no, start-type=ATG, RBS-motif=AGGAG
11:40:03.020 - INFO - CDS - seq=contig_25, start=74916, stop=75179, strand=-, frame=1, truncated=no, start-type=ATG, RBS-motif=GGAGG
11:40:03.020 - INFO - CDS - seq=contig_25, start=75179, stop=75883, strand=-, frame=2, truncated=no, start-type=ATG, RBS-motif=GGAG/GAGG
11:40:03.021 - INFO - CDS - seq=contig_25, start=75887, stop=77011, strand=-, frame=2, truncated=no, start-type=ATG, RBS-motif=GGAGG
11:40:03.021 - INFO - CDS - seq=contig_25, start=76998, stop=77480, strand=-, frame=1, truncated=no, start-type=GTG, RBS-motif=GGA/GAG/AGG
11:40:03.021 - INFO - CDS - seq=contig_25, start=77681, stop=78541, strand=+, frame=2, truncated=no, start-type=ATG, RBS-motif=AGGAGG
11:40:03.021 - INFO - CDS - seq=contig_25, start=78879, stop=79232, strand=+, frame=3, truncated=no, start-type=ATG, RBS-motif=GGA/GAG/AGG
11:40:03.021 - INFO - CDS - seq=contig_25, start=79300, stop=79695, strand=+, frame=1, truncated=no, start-type=ATG, RBS-motif=GGAGG
11:40:03.021 - INFO - CDS - seq=contig_25, start=79955, stop=80524, strand=+, frame=2, truncated=no, start-type=TTG, RBS-motif=GGAGG
11:40:03.021 - INFO - CDS - seq=contig_25, start=80642, stop=80842, strand=-, frame=2, truncated=no, start-type=ATG, RBS-motif=GGAGG
11:40:03.021 - INFO - CDS - seq=contig_25, start=81234, stop=81425, strand=-, frame=1, truncated=no, start-type=ATG, RBS-motif=AGGAG
11:40:03.021 - INFO - CDS - seq=contig_25, start=81517, stop=83397, strand=-, frame=3, truncated=no, start-type=ATG, RBS-motif=AGxAGG/AGGxGG
11:40:03.022 - INFO - CDS - seq=contig_25, start=83387, stop=84145, strand=-, frame=2, truncated=no, start-type=ATG, RBS-motif=AGGAG
11:40:03.022 - INFO - CDS - seq=contig_25, start=84428, stop=84940, strand=+, frame=2, truncated=no, start-type=ATG, RBS-motif=AGGA
11:40:03.022 - INFO - CDS - seq=contig_25, start=85074, stop=85868, strand=-, frame=1, truncated=no, start-type=ATG, RBS-motif=AGGAGG
11:40:03.022 - INFO - CDS - seq=contig_25, start=86111, stop=87127, strand=-, frame=2, truncated=no, start-type=TTG, RBS-motif=AGxAGG/AGGxGG
11:40:03.022 - INFO - CDS - seq=contig_25, start=87289, stop=87864, strand=-, frame=3, truncated=no, start-type=ATG, RBS-motif=AGGA
11:40:03.023 - INFO - CDS - seq=contig_25, start=88086, stop=88994, strand=+, frame=3, truncated=no, start-type=GTG, RBS-motif=AGGAGG
11:40:03.023 - INFO - CDS - seq=contig_25, start=89408, stop=90826, strand=-, frame=2, truncated=no, start-type=ATG, RBS-motif=AGxAGG/AGGxGG
11:40:03.023 - INFO - CDS - seq=contig_25, start=91064, stop=91528, strand=-, frame=2, truncated=no, start-type=ATG, RBS-motif=GGAGG
11:40:03.023 - INFO - CDS - seq=contig_25, start=91695, stop=92033, strand=+, frame=3, truncated=no, start-type=ATG, RBS-motif=AGxAGG/AGGxGG
11:40:03.023 - INFO - CDS - seq=contig_25, start=92023, stop=92790, strand=+, frame=1, truncated=no, start-type=ATG, RBS-motif=GGAGG
11:40:03.023 - INFO - CDS - seq=contig_25, start=92909, stop=93547, strand=-, frame=2, truncated=no, start-type=ATG, RBS-motif=None
11:40:03.024 - INFO - CDS - seq=contig_25, start=93699, stop=93797, strand=-, frame=1, truncated=no, start-type=ATG, RBS-motif=GGA/GAG/AGG
11:40:03.024 - INFO - CDS - seq=contig_25, start=93790, stop=94644, strand=-, frame=3, truncated=no, start-type=ATG, RBS-motif=AGGAG
11:40:03.024 - INFO - CDS - seq=contig_25, start=94885, stop=95859, strand=+, frame=1, truncated=no, start-type=ATG, RBS-motif=AGGA
11:40:03.024 - INFO - CDS - seq=contig_25, start=96010, stop=96525, strand=-, frame=3, truncated=no, start-type=ATG, RBS-motif=GGAGG
11:40:03.024 - INFO - CDS - seq=contig_25, start=96904, stop=97752, strand=+, frame=1, truncated=no, start-type=ATG, RBS-motif=AGGAGG
11:40:03.024 - INFO - CDS - seq=contig_25, start=97781, stop=98335, strand=+, frame=2, truncated=no, start-type=ATG, RBS-motif=AGGAG
11:40:03.024 - INFO - CDS - seq=contig_25, start=98388, stop=100100, strand=+, frame=3, truncated=no, start-type=ATG, RBS-motif=GGA/GAG/AGG
11:40:03.024 - INFO - CDS - seq=contig_25, start=100097, stop=100930, strand=+, frame=2, truncated=no, start-type=ATG, RBS-motif=GGA/GAG/AGG
11:40:03.024 - INFO - CDS - seq=contig_25, start=100977, stop=101474, strand=+, frame=3, truncated=no, start-type=ATG, RBS-motif=AGGAGG
11:40:03.024 - INFO - CDS - seq=contig_25, start=101592, stop=102716, strand=+, frame=3, truncated=no, start-type=ATG, RBS-motif=GGAG/GAGG
11:40:03.025 - INFO - CDS - seq=contig_25, start=102981, stop=103838, strand=+, frame=3, truncated=no, start-type=GTG, RBS-motif=None
11:40:03.025 - INFO - CDS - seq=contig_25, start=103856, stop=104470, strand=+, frame=2, truncated=no, start-type=ATG, RBS-motif=GGAG/GAGG
11:40:03.025 - INFO - CDS - seq=contig_25, start=104463, stop=105713, strand=+, frame=3, truncated=no, start-type=ATG, RBS-motif=AGGAG/GGAGG
11:40:03.025 - INFO - CDS - seq=contig_25, start=105729, stop=106742, strand=+, frame=3, truncated=no, start-type=ATG, RBS-motif=GGAG/GAGG
11:40:03.025 - INFO - CDS - seq=contig_25, start=106711, stop=107289, strand=+, frame=1, truncated=no, start-type=ATG, RBS-motif=GGAG/GAGG
11:40:03.025 - INFO - CDS - seq=contig_25, start=107286, stop=107864, strand=+, frame=3, truncated=no, start-type=ATG, RBS-motif=GGA/GAG/AGG
11:40:03.025 - INFO - CDS - seq=contig_25, start=107857, stop=108561, strand=+, frame=1, truncated=no, start-type=ATG, RBS-motif=AGxAGG/AGGxGG
11:40:03.025 - INFO - CDS - seq=contig_25, start=108558, stop=109316, strand=+, frame=3, truncated=no, start-type=ATG, RBS-motif=GGAGG
11:40:03.025 - INFO - CDS - seq=contig_25, start=109313, stop=109945, strand=+, frame=2, truncated=no, start-type=ATG, RBS-motif=AGxAGG/AGGxGG
11:40:03.026 - INFO - CDS - seq=contig_25, start=111035, stop=113080, strand=+, frame=2, truncated=no, start-type=ATG, RBS-motif=GGAG/GAGG
11:40:03.026 - INFO - CDS - seq=contig_25, start=113415, stop=114467, strand=-, frame=1, truncated=no, start-type=ATG, RBS-motif=GGA/GAG/AGG
11:40:03.026 - INFO - CDS - seq=contig_25, start=114454, stop=115326, strand=-, frame=3, truncated=no, start-type=GTG, RBS-motif=GGAG/GAGG
11:40:03.026 - INFO - CDS - seq=contig_25, start=115323, stop=115628, strand=-, frame=1, truncated=no, start-type=ATG, RBS-motif=AGxAGG/AGGxGG
11:40:03.026 - INFO - CDS - seq=contig_25, start=115592, stop=116830, strand=-, frame=2, truncated=no, start-type=TTG, RBS-motif=GGA/GAG/AGG
11:40:03.026 - INFO - CDS - seq=contig_25, start=116994, stop=117554, strand=+, frame=3, truncated=no, start-type=TTG, RBS-motif=AGxAGG/AGGxGG
11:40:03.026 - INFO - CDS - seq=contig_25, start=118403, stop=119065, strand=+, frame=2, truncated=no, start-type=ATG, RBS-motif=GGAGG
11:40:03.026 - INFO - CDS - seq=contig_25, start=119082, stop=119774, strand=+, frame=3, truncated=no, start-type=ATG, RBS-motif=GGAG/GAGG
11:40:03.026 - INFO - CDS - seq=contig_25, start=119771, stop=120538, strand=+, frame=2, truncated=no, start-type=ATG, RBS-motif=GGA/GAG/AGG
11:40:03.026 - INFO - CDS - seq=contig_25, start=120773, stop=121273, strand=+, frame=2, truncated=no, start-type=ATG, RBS-motif=AGGA
11:40:03.027 - INFO - CDS - seq=contig_25, start=121276, stop=121752, strand=+, frame=1, truncated=no, start-type=ATG, RBS-motif=GGAG/GAGG
11:40:03.027 - INFO - CDS - seq=contig_25, start=121831, stop=122442, strand=+, frame=1, truncated=no, start-type=ATG, RBS-motif=GGAG/GAGG
11:40:03.027 - INFO - CDS - seq=contig_25, start=122527, stop=122886, strand=-, frame=3, truncated=no, start-type=ATG, RBS-motif=GGAGG
11:40:03.027 - INFO - CDS - seq=contig_25, start=123040, stop=123342, strand=-, frame=3, truncated=no, start-type=ATG, RBS-motif=GGAGG
11:40:03.027 - INFO - CDS - seq=contig_25, start=123329, stop=123757, strand=-, frame=2, truncated=no, start-type=ATG, RBS-motif=None
11:40:03.027 - INFO - CDS - seq=contig_25, start=124023, stop=124715, strand=+, frame=3, truncated=no, start-type=ATG, RBS-motif=GGA/GAG/AGG
11:40:03.027 - INFO - CDS - seq=contig_25, start=125259, stop=132074, strand=+, frame=3, truncated=no, start-type=ATG, RBS-motif=AGGAG
11:40:03.027 - INFO - CDS - seq=contig_25, start=132204, stop=133415, strand=+, frame=3, truncated=no, start-type=ATG, RBS-motif=GGAG/GAGG
11:40:03.027 - INFO - CDS - seq=contig_25, start=133426, stop=134979, strand=+, frame=1, truncated=no, start-type=ATG, RBS-motif=AGGAGG
11:40:03.028 - INFO - CDS - seq=contig_25, start=134966, stop=136537, strand=+, frame=2, truncated=no, start-type=ATG, RBS-motif=AGxAGG/AGGxGG
11:40:03.028 - INFO - CDS - seq=contig_25, start=136515, stop=137474, strand=+, frame=3, truncated=no, start-type=ATG, RBS-motif=GGAG/GAGG
11:40:03.028 - INFO - CDS - seq=contig_25, start=137464, stop=139854, strand=+, frame=1, truncated=no, start-type=ATG, RBS-motif=GGxGG
11:40:03.028 - INFO - CDS - seq=contig_25, start=139872, stop=141380, strand=+, frame=3, truncated=no, start-type=ATG, RBS-motif=GGA/GAG/AGG
11:40:03.028 - INFO - CDS - seq=contig_25, start=141373, stop=142731, strand=+, frame=1, truncated=no, start-type=ATG, RBS-motif=GGAG/GAGG
11:40:03.029 - INFO - CDS - seq=contig_25, start=142972, stop=144879, strand=+, frame=1, truncated=no, start-type=ATG, RBS-motif=AGGAG
11:40:03.029 - INFO - CDS - seq=contig_25, start=145048, stop=145608, strand=+, frame=1, truncated=no, start-type=ATG, RBS-motif=AGGAG
11:40:03.029 - INFO - CDS - seq=contig_25, start=145873, stop=147732, strand=-, frame=3, truncated=no, start-type=ATG, RBS-motif=GGAG/GAGG
11:40:03.029 - INFO - CDS - seq=contig_25, start=147943, stop=150924, strand=+, frame=1, truncated=no, start-type=ATG, RBS-motif=AGGAG
11:40:03.029 - INFO - CDS - seq=contig_25, start=151036, stop=151974, strand=-, frame=3, truncated=no, start-type=ATG, RBS-motif=AGGAG
11:40:03.029 - INFO - CDS - seq=contig_25, start=151988, stop=153940, strand=-, frame=2, truncated=no, start-type=ATG, RBS-motif=AGGAG
11:40:03.029 - INFO - CDS - seq=contig_25, start=154016, stop=155890, strand=-, frame=2, truncated=no, start-type=ATG, RBS-motif=AGGAGG
11:40:03.029 - INFO - CDS - seq=contig_25, start=156131, stop=156589, strand=-, frame=2, truncated=no, start-type=TTG, RBS-motif=GGAGG
11:40:03.029 - INFO - CDS - seq=contig_25, start=156847, stop=157374, strand=+, frame=1, truncated=no, start-type=ATG, RBS-motif=GGA/GAG/AGG
11:40:03.029 - INFO - CDS - seq=contig_25, start=157798, stop=159327, strand=+, frame=1, truncated=no, start-type=GTG, RBS-motif=AGGAGG
11:40:03.030 - INFO - CDS - seq=contig_25, start=159694, stop=160143, strand=+, frame=1, truncated=no, start-type=ATG, RBS-motif=AGGAG
11:40:03.030 - INFO - CDS - seq=contig_25, start=160490, stop=161725, strand=+, frame=2, truncated=no, start-type=ATG, RBS-motif=AGGAGG
11:40:03.030 - INFO - CDS - seq=contig_25, start=161758, stop=162768, strand=+, frame=1, truncated=no, start-type=ATG, RBS-motif=GGAG/GAGG
11:40:03.030 - INFO - CDS - seq=contig_25, start=162859, stop=164289, strand=+, frame=1, truncated=no, start-type=ATG, RBS-motif=AGGAG
11:40:03.030 - INFO - CDS - seq=contig_25, start=164306, stop=165247, strand=+, frame=2, truncated=no, start-type=ATG, RBS-motif=AGGAG
11:40:03.030 - INFO - CDS - seq=contig_25, start=165346, stop=166050, strand=+, frame=1, truncated=no, start-type=ATG, RBS-motif=AGGAG
11:40:03.030 - INFO - CDS - seq=contig_25, start=175, stop=360, strand=-, nt=[ATGCAACAAC..GGTGGAATAA]
11:40:03.030 - INFO - CDS - seq=contig_25, start=365, stop=769, strand=-, nt=[ATGAGTAAAT..AATGAAGTGA]
11:40:03.030 - INFO - CDS - seq=contig_25, start=813, stop=1001, strand=-, nt=[ATGCCGAAAG..TGAGCAATAG]
11:40:03.030 - INFO - CDS - seq=contig_25, start=1014, stop=1172, strand=-, nt=[ATGGTAACCA..CGAATATTAA]
11:40:03.030 - INFO - CDS - seq=contig_25, start=1166, stop=1945, strand=-, nt=[ATGAAACCAC..CGCATGGTAA]
11:40:03.030 - INFO - CDS - seq=contig_25, start=1955, stop=2692, strand=-, nt=[ATGACTGACC..TTGGGATTAG]
11:40:03.031 - INFO - CDS - seq=contig_25, start=2756, stop=3613, strand=+, nt=[ATGGATCCTA..TATTAACTAA]
11:40:03.031 - INFO - CDS - seq=contig_25, start=3606, stop=3722, strand=-, nt=[ATGAATAGAC..GTTTAGTTAA]
11:40:03.031 - INFO - CDS - seq=contig_25, start=3719, stop=4390, strand=-, nt=[ATGCAATACA..AAAGGAATGA]
11:40:03.031 - INFO - CDS - seq=contig_25, start=4403, stop=4954, strand=-, nt=[ATGAAAATCA..AGCGTTTTAA]
11:40:03.031 - INFO - CDS - seq=contig_25, start=4983, stop=5771, strand=-, nt=[ATGACTGAGG..TGGAAACTAA]
11:40:03.031 - INFO - CDS - seq=contig_25, start=5764, stop=5985, strand=-, nt=[ATGAAGCAGA..ACATGACTGA]
11:40:03.031 - INFO - CDS - seq=contig_25, start=5995, stop=6255, strand=-, nt=[ATGTATTACG..GAAATGGTAG]
11:40:03.031 - INFO - CDS - seq=contig_25, start=6347, stop=6508, strand=-, nt=[ATGAGTAACA..CAAAGAATAA]
11:40:03.031 - INFO - CDS - seq=contig_25, start=6501, stop=6629, strand=-, nt=[GTGCCACCAC..AAATGAGTAA]
11:40:03.031 - INFO - CDS - seq=contig_25, start=6688, stop=7335, strand=+, nt=[ATGAATAATA..CGAGAACTGA]
11:40:03.031 - INFO - CDS - seq=contig_25, start=7357, stop=7500, strand=-, nt=[ATGTTACAAA..TAATCGATAA]
11:40:03.031 - INFO - CDS - seq=contig_25, start=7540, stop=7764, strand=-, nt=[ATGACACCAG..AGAAGAATAA]
11:40:03.032 - INFO - CDS - seq=contig_25, start=7765, stop=8532, strand=-, nt=[ATGCAAGCAT..GGGAGCGTAA]
11:40:03.032 - INFO - CDS - seq=contig_25, start=8592, stop=9074, strand=+, nt=[ATGGAATTCA..GCATAATTAA]
11:40:03.032 - INFO - CDS - seq=contig_25, start=9175, stop=9354, strand=-, nt=[ATGGAACAAA..TATGAAGTAA]
11:40:03.032 - INFO - CDS - seq=contig_25, start=9425, stop=10192, strand=-, nt=[ATGTATAACC..ACATGTTTAA]
11:40:03.032 - INFO - CDS - seq=contig_25, start=10185, stop=11066, strand=-, nt=[ATGCTTATAG..AAATGTATAA]
11:40:03.032 - INFO - CDS - seq=contig_25, start=11106, stop=11315, strand=-, nt=[ATGCCGGAAG..AAAAATTTAA]
11:40:03.032 - INFO - CDS - seq=contig_25, start=11478, stop=11804, strand=+, nt=[ATGGAATATA..AAAGAAATAA]
11:40:03.032 - INFO - CDS - seq=contig_25, start=11826, stop=12287, strand=+, nt=[ATGGGAAAAT..TATTGATTAA]
11:40:03.032 - INFO - CDS - seq=contig_25, start=12319, stop=12999, strand=+, nt=[ATGGAAGAGA..TCTTAGTTAA]
11:40:03.032 - INFO - CDS - seq=contig_25, start=13206, stop=14591, strand=+, nt=[ATGAAAGTAG..GTTTTATTAA]
11:40:03.032 - INFO - CDS - seq=contig_25, start=14708, stop=14881, strand=-, nt=[ATGGCAGTAC..AGCTAAATAA]
11:40:03.032 - INFO - CDS - seq=contig_25, start=14961, stop=15518, strand=-, nt=[ATGAAATGGT..AGAGCAATAA]
11:40:03.033 - INFO - CDS - seq=contig_25, start=15645, stop=16784, strand=+, nt=[ATGAAAAGCG..ATATCGTTAA]
11:40:03.033 - INFO - CDS - seq=contig_25, start=16846, stop=17328, strand=-, nt=[ATGGAACATA..ATTTAAGTAA]
11:40:03.033 - INFO - CDS - seq=contig_25, start=17330, stop=17872, strand=-, nt=[ATGCGCGTCA..GGGAGAATAG]
11:40:03.033 - INFO - CDS - seq=contig_25, start=17942, stop=18331, strand=+, nt=[ATGAAACAAA..ACTTCAATAA]
11:40:03.033 - INFO - CDS - seq=contig_25, start=18334, stop=18588, strand=-, nt=[ATGAATTTAA..ATATAATTAA]
11:40:03.033 - INFO - CDS - seq=contig_25, start=18827, stop=19753, strand=+, nt=[ATGAAAAAAG..GAATAAATAA]
11:40:03.033 - INFO - CDS - seq=contig_25, start=19816, stop=20250, strand=-, nt=[ATGATTAATG..TTCATTATAA]
11:40:03.033 - INFO - CDS - seq=contig_25, start=20266, stop=21303, strand=-, nt=[ATGAAAAAGT..AGAAAAATAA]
11:40:03.033 - INFO - CDS - seq=contig_25, start=21630, stop=22091, strand=-, nt=[ATGGGCGTTC..TGGTCATTAA]
11:40:03.033 - INFO - CDS - seq=contig_25, start=22116, stop=23027, strand=-, nt=[ATGAGCAAAG..TTTGATCTAG]
11:40:03.033 - INFO - CDS - seq=contig_25, start=23308, stop=24378, strand=+, nt=[ATGTCGTCCA..CAAGCAATAA]
11:40:03.033 - INFO - CDS - seq=contig_25, start=24518, stop=27970, strand=-, nt=[TTGAAACAAA..AACTGACTAA]
11:40:03.033 - INFO - CDS - seq=contig_25, start=28524, stop=29750, strand=-, nt=[ATGAAGAATT..ATTTAATTAA]
11:40:03.034 - INFO - CDS - seq=contig_25, start=30064, stop=30339, strand=-, nt=[ATGGCGAAAC..ACTTGTTTAA]
11:40:03.034 - INFO - CDS - seq=contig_25, start=30480, stop=30962, strand=+, nt=[ATGATACAAA..GGTGATTTAA]
11:40:03.034 - INFO - CDS - seq=contig_25, start=31271, stop=33118, strand=-, nt=[ATGACTAATA..AAACGAATAA]
11:40:03.034 - INFO - CDS - seq=contig_25, start=33220, stop=33411, strand=+, nt=[ATGAAACAAA..TTGGCTATAA]
11:40:03.034 - INFO - CDS - seq=contig_25, start=33565, stop=34392, strand=-, nt=[ATGGCACTTT..ATCAAAATAA]
11:40:03.034 - INFO - CDS - seq=contig_25, start=34549, stop=35163, strand=+, nt=[ATGACAAAAT..TTCTGCATAA]
11:40:03.035 - INFO - CDS - seq=contig_25, start=35346, stop=36698, strand=+, nt=[ATGAATAATA..ACAAAGTTAA]
11:40:03.035 - INFO - CDS - seq=contig_25, start=36777, stop=37196, strand=-, nt=[ATGAATAGAA..TTATCATTAA]
11:40:03.035 - INFO - CDS - seq=contig_25, start=37479, stop=38498, strand=-, nt=[ATGACTGGAG..GCAAGAATAA]
11:40:03.035 - INFO - CDS - seq=contig_25, start=38572, stop=39645, strand=-, nt=[ATGAAACGTT..ATTAAAATAA]
11:40:03.035 - INFO - CDS - seq=contig_25, start=39645, stop=40454, strand=-, nt=[ATGAAATGGT..TGTAAAATAA]
11:40:03.035 - INFO - CDS - seq=contig_25, start=40460, stop=41257, strand=-, nt=[ATGCGTAATA..GAGAGGGTGA]
11:40:03.035 - INFO - CDS - seq=contig_25, start=41250, stop=42344, strand=-, nt=[TTGGAACCGT..CAATGCGTAA]
11:40:03.035 - INFO - CDS - seq=contig_25, start=42357, stop=42896, strand=-, nt=[ATGAACATAG..ATATTTATAG]
11:40:03.035 - INFO - CDS - seq=contig_25, start=43040, stop=43315, strand=-, nt=[ATGGAATATG..TAAAAAATAA]
11:40:03.036 - INFO - CDS - seq=contig_25, start=43483, stop=44889, strand=-, nt=[ATGGTAGTTG..TACAATGTAA]
11:40:03.036 - INFO - CDS - seq=contig_25, start=44893, stop=46185, strand=-, nt=[GTGGCATTTG..GGAGGGGTAA]
11:40:03.036 - INFO - CDS - seq=contig_25, start=46276, stop=47253, strand=-, nt=[ATGGCACAAA..AGAATTTTAA]
11:40:03.036 - INFO - CDS - seq=contig_25, start=47257, stop=48369, strand=-, nt=[ATGGCTCCTA..GTCGAAGTAA]
11:40:03.036 - INFO - CDS - seq=contig_25, start=48540, stop=49166, strand=-, nt=[ATGAAATTTG..ATTTAAATAA]
11:40:03.036 - INFO - CDS - seq=contig_25, start=49531, stop=50082, strand=+, nt=[ATGTTAACAA..AGAAGTTTAA]
11:40:03.036 - INFO - CDS - seq=contig_25, start=50564, stop=50782, strand=+, nt=[ATGGCAGTAT..TGCTAAATAA]
11:40:03.036 - INFO - CDS - seq=contig_25, start=50782, stop=52479, strand=+, nt=[ATGAAACAAT..CAATAAATAA]
11:40:03.036 - INFO - CDS - seq=contig_25, start=52725, stop=53387, strand=-, nt=[ATGGGTAAAG..GACGAGATAA]
11:40:03.036 - INFO - CDS - seq=contig_25, start=53520, stop=54539, strand=-, nt=[ATGATTTATG..GAAATCATAA]
11:40:03.036 - INFO - CDS - seq=contig_25, start=54536, stop=55897, strand=-, nt=[ATGGATACAG..AGAAAAATGA]
11:40:03.036 - INFO - CDS - seq=contig_25, start=56095, stop=56328, strand=+, nt=[ATGTCAGAAA..CCAAGATTAA]
11:40:03.037 - INFO - CDS - seq=contig_25, start=56565, stop=58283, strand=-, nt=[ATGTCTAAAT..CGTAAAATAA]
11:40:03.037 - INFO - CDS - seq=contig_25, start=58286, stop=58552, strand=-, nt=[ATGGAACAAA..GACTAAATAA]
11:40:03.037 - INFO - CDS - seq=contig_25, start=58706, stop=59248, strand=-, nt=[ATGGGATTCA..TGTCATGTAG]
11:40:03.037 - INFO - CDS - seq=contig_25, start=59302, stop=60474, strand=-, nt=[ATGAAAATAG..TAGACATTAA]
11:40:03.037 - INFO - CDS - seq=contig_25, start=60899, stop=62194, strand=-, nt=[ATGTCTTTTC..GCGACCATAA]
11:40:03.037 - INFO - CDS - seq=contig_25, start=62346, stop=62480, strand=+, nt=[ATGTCTAATG..ACTAAATTAA]
11:40:03.037 - INFO - CDS - seq=contig_25, start=62581, stop=62727, strand=-, nt=[ATGCGCCGAG..ACATGCATAA]
11:40:03.037 - INFO - CDS - seq=contig_25, start=63190, stop=63765, strand=+, nt=[ATGTCAAAAG..CAACTTATAA]
11:40:03.037 - INFO - CDS - seq=contig_25, start=63780, stop=65180, strand=+, nt=[GTGTTAAAAG..GAATGTATGA]
11:40:03.037 - INFO - CDS - seq=contig_25, start=65173, stop=65979, strand=+, nt=[ATGTATGAGC..TGTAGGTTAA]
11:40:03.037 - INFO - CDS - seq=contig_25, start=66246, stop=67493, strand=-, nt=[ATGAATGTAT..ACTTAAATAA]
11:40:03.037 - INFO - CDS - seq=contig_25, start=67515, stop=68993, strand=-, nt=[ATGAAGAAAG..TAAACACTAA]
11:40:03.038 - INFO - CDS - seq=contig_25, start=69008, stop=69574, strand=-, nt=[ATGGTTAAAA..TGTAAAATAA]
11:40:03.038 - INFO - CDS - seq=contig_25, start=69577, stop=70605, strand=-, nt=[ATGTCTAAAG..GGGGGTATAA]
11:40:03.038 - INFO - CDS - seq=contig_25, start=70598, stop=72082, strand=-, nt=[ATGTTTAACT..AAATGTCTAA]
11:40:03.038 - INFO - CDS - seq=contig_25, start=72061, stop=74250, strand=-, nt=[ATGTCTAAAT..TCAGGATTAA]
11:40:03.038 - INFO - CDS - seq=contig_25, start=74243, stop=74914, strand=-, nt=[ATGAAATTTG..ACATGTCTAA]
11:40:03.038 - INFO - CDS - seq=contig_25, start=74916, stop=75179, strand=-, nt=[ATGAAAACAA..GAATGCATAA]
11:40:03.038 - INFO - CDS - seq=contig_25, start=75179, stop=75883, strand=-, nt=[ATGACATTAT..TTTAAAATAA]
11:40:03.038 - INFO - CDS - seq=contig_25, start=75887, stop=77011, strand=-, nt=[ATGAACTTCA..GAGTAATTAA]
11:40:03.038 - INFO - CDS - seq=contig_25, start=76998, stop=77480, strand=-, nt=[GTGAAAGTAG..ACTTCAATAA]
11:40:03.038 - INFO - CDS - seq=contig_25, start=77681, stop=78541, strand=+, nt=[ATGGTTGCTA..TGATTCGTAA]
11:40:03.038 - INFO - CDS - seq=contig_25, start=78879, stop=79232, strand=+, nt=[ATGTTTTCAA..ACATTTATAG]
11:40:03.039 - INFO - CDS - seq=contig_25, start=79300, stop=79695, strand=+, nt=[ATGAAATTAA..TAGTAAATAG]
11:40:03.039 - INFO - CDS - seq=contig_25, start=79955, stop=80524, strand=+, nt=[TTGAATCTGA..GTTTTTATAA]
11:40:03.039 - INFO - CDS - seq=contig_25, start=80642, stop=80842, strand=-, nt=[ATGAATAACG..AACTGTTTAA]
11:40:03.039 - INFO - CDS - seq=contig_25, start=81234, stop=81425, strand=-, nt=[ATGAAATTTA..AGGTAAATAA]
11:40:03.039 - INFO - CDS - seq=contig_25, start=81517, stop=83397, strand=-, nt=[ATGACATTTA..AACCATTTAA]
11:40:03.039 - INFO - CDS - seq=contig_25, start=83387, stop=84145, strand=-, nt=[ATGACAATAT..TGACATTTAA]
11:40:03.039 - INFO - CDS - seq=contig_25, start=84428, stop=84940, strand=+, nt=[ATGGAAAAAG..ACTTGCTTAA]
11:40:03.039 - INFO - CDS - seq=contig_25, start=85074, stop=85868, strand=-, nt=[ATGAATATTG..AAAACAATAA]
11:40:03.039 - INFO - CDS - seq=contig_25, start=86111, stop=87127, strand=-, nt=[TTGACTGTTT..GTCTAAATAA]
11:40:03.039 - INFO - CDS - seq=contig_25, start=87289, stop=87864, strand=-, nt=[ATGACTTTAC..TGTTGCTTAA]
11:40:03.039 - INFO - CDS - seq=contig_25, start=88086, stop=88994, strand=+, nt=[GTGAATATAG..AACCCTATAA]
11:40:03.039 - INFO - CDS - seq=contig_25, start=89408, stop=90826, strand=-, nt=[ATGGAAAACA..TATATTTTAA]
11:40:03.040 - INFO - CDS - seq=contig_25, start=91064, stop=91528, strand=-, nt=[ATGACTACAA..TTTAAAATAA]
11:40:03.040 - INFO - CDS - seq=contig_25, start=91695, stop=92033, strand=+, nt=[ATGTCAGTGT..TGTTAACTAA]
11:40:03.040 - INFO - CDS - seq=contig_25, start=92023, stop=92790, strand=+, nt=[ATGTTAACTA..AGAAGACTAA]
11:40:03.040 - INFO - CDS - seq=contig_25, start=92909, stop=93547, strand=-, nt=[ATGCACATTT..AACGGAATAG]
11:40:03.040 - INFO - CDS - seq=contig_25, start=93699, stop=93797, strand=-, nt=[ATGAATGAGC..ACATGCTTAG]
11:40:03.040 - INFO - CDS - seq=contig_25, start=93790, stop=94644, strand=-, nt=[ATGAACTATC..TTATGAATGA]
11:40:03.040 - INFO - CDS - seq=contig_25, start=94885, stop=95859, strand=+, nt=[ATGATGTCAC..GTTTCAATAA]
11:40:03.041 - INFO - CDS - seq=contig_25, start=96010, stop=96525, strand=-, nt=[ATGACTAACT..CTCAGAATAA]
11:40:03.041 - INFO - CDS - seq=contig_25, start=96904, stop=97752, strand=+, nt=[ATGGGAAATT..ATCAATTTAA]
11:40:03.041 - INFO - CDS - seq=contig_25, start=97781, stop=98335, strand=+, nt=[ATGAAAAAAC..TAAAGAATAA]
11:40:03.041 - INFO - CDS - seq=contig_25, start=98388, stop=100100, strand=+, nt=[ATGACTGAAC..ACGCCAATGA]
11:40:03.041 - INFO - CDS - seq=contig_25, start=100097, stop=100930, strand=+, nt=[ATGAATCAAT..GTGGCATTAG]
11:40:03.041 - INFO - CDS - seq=contig_25, start=100977, stop=101474, strand=+, nt=[ATGATAAATA..TTATAAATAA]
11:40:03.041 - INFO - CDS - seq=contig_25, start=101592, stop=102716, strand=+, nt=[ATGCATAAAA..TGAAGAATAG]
11:40:03.041 - INFO - CDS - seq=contig_25, start=102981, stop=103838, strand=+, nt=[GTGATTTTAA..AACACTTTAA]
11:40:03.042 - INFO - CDS - seq=contig_25, start=103856, stop=104470, strand=+, nt=[ATGTTAAGAA..CAATGCTTAA]
11:40:03.042 - INFO - CDS - seq=contig_25, start=104463, stop=105713, strand=+, nt=[ATGCTTAATG..TCAGTCTTAG]
11:40:03.042 - INFO - CDS - seq=contig_25, start=105729, stop=106742, strand=+, nt=[ATGATTTATA..ACACAGCTGA]
11:40:03.042 - INFO - CDS - seq=contig_25, start=106711, stop=107289, strand=+, nt=[ATGATTTATC..GATTGAATGA]
11:40:03.042 - INFO - CDS - seq=contig_25, start=107286, stop=107864, strand=+, nt=[ATGATTGTCA..AAATGATTGA]
11:40:03.042 - INFO - CDS - seq=contig_25, start=107857, stop=108561, strand=+, nt=[ATGATTGAAT..GCTAGAATGA]
11:40:03.042 - INFO - CDS - seq=contig_25, start=108558, stop=109316, strand=+, nt=[ATGATTAAAA..AGTAAGATGA]
11:40:03.042 - INFO - CDS - seq=contig_25, start=109313, stop=109945, strand=+, nt=[ATGACCAAAT..ACAGTGGTAA]
11:40:03.042 - INFO - CDS - seq=contig_25, start=111035, stop=113080, strand=+, nt=[ATGATGAAAA..GCAAGCATAA]
11:40:03.042 - INFO - CDS - seq=contig_25, start=113415, stop=114467, strand=-, nt=[ATGAAAAAGA..TGCTTATTAA]
11:40:03.043 - INFO - CDS - seq=contig_25, start=114454, stop=115326, strand=-, nt=[GTGAAGTATA..AAAAGATTAG]
11:40:03.043 - INFO - CDS - seq=contig_25, start=115323, stop=115628, strand=-, nt=[ATGGTCAAGC..AGAATCGTGA]
11:40:03.043 - INFO - CDS - seq=contig_25, start=115592, stop=116830, strand=-, nt=[TTGCAATTTT..CCAACGCTAA]
11:40:03.043 - INFO - CDS - seq=contig_25, start=116994, stop=117554, strand=+, nt=[TTGAAGGATA..GAAGAAATAA]
11:40:03.043 - INFO - CDS - seq=contig_25, start=118403, stop=119065, strand=+, nt=[ATGAAAGAAA..AAAATTTTAA]
11:40:03.043 - INFO - CDS - seq=contig_25, start=119082, stop=119774, strand=+, nt=[ATGACGAATA..TGAATCATGA]
11:40:03.043 - INFO - CDS - seq=contig_25, start=119771, stop=120538, strand=+, nt=[ATGATTGATA..ATGGTTTTAA]
11:40:03.043 - INFO - CDS - seq=contig_25, start=120773, stop=121273, strand=+, nt=[ATGGTATTAA..TGAGGTGTAA]
11:40:03.043 - INFO - CDS - seq=contig_25, start=121276, stop=121752, strand=+, nt=[ATGGTAGTTG..ATACAAGTGA]
11:40:03.043 - INFO - CDS - seq=contig_25, start=121831, stop=122442, strand=+, nt=[ATGTATACGT..AGAAAAATAA]
11:40:03.043 - INFO - CDS - seq=contig_25, start=122527, stop=122886, strand=-, nt=[ATGATTTTGC..TAAAAAATAG]
11:40:03.044 - INFO - CDS - seq=contig_25, start=123040, stop=123342, strand=-, nt=[ATGAGAACAA..TACACATTAA]
11:40:03.044 - INFO - CDS - seq=contig_25, start=123329, stop=123757, strand=-, nt=[ATGAGCGAAA..GAACAAATAA]
11:40:03.044 - INFO - CDS - seq=contig_25, start=124023, stop=124715, strand=+, nt=[ATGAATTATT..AAAGAGATAA]
11:40:03.044 - INFO - CDS - seq=contig_25, start=125259, stop=132074, strand=+, nt=[ATGAGTAAAA..TCAAGCATAA]
11:40:03.044 - INFO - CDS - seq=contig_25, start=132204, stop=133415, strand=+, nt=[ATGTTAAAAC..GTATTGGTAA]
11:40:03.044 - INFO - CDS - seq=contig_25, start=133426, stop=134979, strand=+, nt=[ATGAAATACT..TGCCACGTAA]
11:40:03.044 - INFO - CDS - seq=contig_25, start=134966, stop=136537, strand=+, nt=[ATGATGCCAC..AAACATTTAA]
11:40:03.044 - INFO - CDS - seq=contig_25, start=136515, stop=137474, strand=+, nt=[ATGCTGAAAA..TGAAACATAA]
11:40:03.044 - INFO - CDS - seq=contig_25, start=137464, stop=139854, strand=+, nt=[ATGAAACATA..TTTTCCATAA]
11:40:03.044 - INFO - CDS - seq=contig_25, start=139872, stop=141380, strand=+, nt=[ATGACAATAT..ACATGATTAA]
11:40:03.044 - INFO - CDS - seq=contig_25, start=141373, stop=142731, strand=+, nt=[ATGATTAAAT..CGAAAGCTAA]
11:40:03.045 - INFO - CDS - seq=contig_25, start=142972, stop=144879, strand=+, nt=[ATGGCTAAAT..TAAAGCATAA]
11:40:03.045 - INFO - CDS - seq=contig_25, start=145048, stop=145608, strand=+, nt=[ATGTCTCGAA..TAGTTTATAG]
11:40:03.045 - INFO - CDS - seq=contig_25, start=145873, stop=147732, strand=-, nt=[ATGCCTAAAA..AGGTAAATAA]
11:40:03.045 - INFO - CDS - seq=contig_25, start=147943, stop=150924, strand=+, nt=[ATGAAGAACG..TACAGAATAA]
11:40:03.045 - INFO - CDS - seq=contig_25, start=151036, stop=151974, strand=-, nt=[ATGGCATTAT..TCCTGGATAA]
11:40:03.045 - INFO - CDS - seq=contig_25, start=151988, stop=153940, strand=-, nt=[ATGAAAATTG..GAAAATATAG]
11:40:03.045 - INFO - CDS - seq=contig_25, start=154016, stop=155890, strand=-, nt=[ATGCTTGATA..ACAAGAATAA]
11:40:03.045 - INFO - CDS - seq=contig_25, start=156131, stop=156589, strand=-, nt=[TTGAAAAAAC..TAAAAATTAA]
11:40:03.045 - INFO - CDS - seq=contig_25, start=156847, stop=157374, strand=+, nt=[ATGAATAAAA..AAGTAAATAA]
11:40:03.045 - INFO - CDS - seq=contig_25, start=157798, stop=159327, strand=+, nt=[GTGAGGAAAT..CGTGGAGTAA]
11:40:03.045 - INFO - CDS - seq=contig_25, start=159694, stop=160143, strand=+, nt=[ATGAAGAAAA..ATTTAAATAG]
11:40:03.045 - INFO - CDS - seq=contig_25, start=160490, stop=161725, strand=+, nt=[ATGACAGATG..AGACATTTAA]
11:40:03.046 - INFO - CDS - seq=contig_25, start=161758, stop=162768, strand=+, nt=[ATGACAGAAA..GGGGAGTTAA]
11:40:03.046 - INFO - CDS - seq=contig_25, start=162859, stop=164289, strand=+, nt=[ATGAACGAAT..TGTTTTTTAA]
11:40:03.046 - INFO - CDS - seq=contig_25, start=164306, stop=165247, strand=+, nt=[ATGAAAGAGA..TCACATGTAG]
11:40:03.046 - INFO - CDS - seq=contig_25, start=165346, stop=166050, strand=+, nt=[ATGACAGAAA..ATGTGTTTAA]
11:40:03.046 - INFO - CDS - seq=contig_26, start=528, stop=1436, strand=+, frame=3, truncated=no, start-type=ATG, RBS-motif=AGxAGG/AGGxGG
11:40:03.046 - INFO - CDS - seq=contig_26, start=1625, stop=2434, strand=+, frame=2, truncated=no, start-type=ATG, RBS-motif=GGAGG
11:40:03.046 - INFO - CDS - seq=contig_26, start=2436, stop=3368, strand=+, frame=3, truncated=no, start-type=ATG, RBS-motif=GGA/GAG/AGG
11:40:03.046 - INFO - CDS - seq=contig_26, start=3395, stop=4750, strand=+, frame=2, truncated=no, start-type=ATG, RBS-motif=AGGAG
11:40:03.046 - INFO - CDS - seq=contig_26, start=5028, stop=8495, strand=+, frame=3, truncated=no, start-type=ATG, RBS-motif=AGGAGG
11:40:03.046 - INFO - CDS - seq=contig_26, start=8532, stop=12473, strand=+, frame=3, truncated=no, start-type=GTG, RBS-motif=3Base/5BMM
11:40:03.047 - INFO - CDS - seq=contig_26, start=12792, stop=13898, strand=-, frame=2, truncated=no, start-type=ATG, RBS-motif=AGGAGG
11:40:03.047 - INFO - CDS - seq=contig_26, start=13898, stop=14332, strand=-, frame=3, truncated=no, start-type=ATG, RBS-motif=AGGAG
11:40:03.047 - INFO - CDS - seq=contig_26, start=14344, stop=16476, strand=-, frame=1, truncated=no, start-type=ATG, RBS-motif=GGAGG
11:40:03.047 - INFO - CDS - seq=contig_26, start=16511, stop=18049, strand=-, frame=3, truncated=no, start-type=ATG, RBS-motif=GGAG/GAGG
11:40:03.048 - INFO - CDS - seq=contig_26, start=18730, stop=20535, strand=+, frame=1, truncated=no, start-type=ATG, RBS-motif=AGGAG/GGAGG
11:40:03.048 - INFO - CDS - seq=contig_26, start=20767, stop=21549, strand=+, frame=1, truncated=no, start-type=ATG, RBS-motif=GGA/GAG/AGG
11:40:03.048 - INFO - CDS - seq=contig_26, start=21617, stop=22474, strand=+, frame=2, truncated=no, start-type=ATG, RBS-motif=GGAGG
11:40:03.048 - INFO - CDS - seq=contig_26, start=24507, stop=25598, strand=-, frame=2, truncated=no, start-type=TTG, RBS-motif=AGGAGG
11:40:03.048 - INFO - CDS - seq=contig_26, start=25864, stop=26841, strand=-, frame=1, truncated=no, start-type=ATG, RBS-motif=None
11:40:03.048 - INFO - CDS - seq=contig_26, start=26843, stop=27163, strand=-, frame=3, truncated=no, start-type=ATG, RBS-motif=AGGA
11:40:03.048 - INFO - CDS - seq=contig_26, start=27315, stop=27980, strand=+, frame=3, truncated=no, start-type=ATG, RBS-motif=AGGAG
11:40:03.048 - INFO - CDS - seq=contig_26, start=28416, stop=29354, strand=+, frame=3, truncated=no, start-type=ATG, RBS-motif=GGAGG
11:40:03.048 - INFO - CDS - seq=contig_26, start=29385, stop=29615, strand=+, frame=3, truncated=no, start-type=TTG, RBS-motif=AGGAG
11:40:03.049 - INFO - CDS - seq=contig_26, start=30287, stop=31660, strand=+, frame=2, truncated=no, start-type=ATG, RBS-motif=AGGAG
11:40:03.049 - INFO - CDS - seq=contig_26, start=32117, stop=32530, strand=+, frame=2, truncated=no, start-type=ATG, RBS-motif=AGGAG
11:40:03.049 - INFO - CDS - seq=contig_26, start=32730, stop=33173, strand=+, frame=3, truncated=no, start-type=ATG, RBS-motif=AGGAG
11:40:03.049 - INFO - CDS - seq=contig_26, start=33294, stop=34004, strand=-, frame=2, truncated=no, start-type=ATG, RBS-motif=AGGAG
11:40:03.049 - INFO - CDS - seq=contig_26, start=528, stop=1436, strand=+, nt=[ATGACAAAGA..TTTATTATAA]
11:40:03.049 - INFO - CDS - seq=contig_26, start=1625, stop=2434, strand=+, nt=[ATGGATTTTT..TGTGAAATAA]
11:40:03.049 - INFO - CDS - seq=contig_26, start=2436, stop=3368, strand=+, nt=[ATGCTAGAAA..TGTAAAATAA]
11:40:03.049 - INFO - CDS - seq=contig_26, start=3395, stop=4750, strand=+, nt=[ATGGGAAAAT..AGATAAATAA]
11:40:03.049 - INFO - CDS - seq=contig_26, start=5028, stop=8495, strand=+, nt=[ATGAATTTAT..TACTGCTTAA]
11:40:03.049 - INFO - CDS - seq=contig_26, start=8532, stop=12473, strand=+, nt=[GTGACACAAG..TGAAGAATAA]
11:40:03.049 - INFO - CDS - seq=contig_26, start=12792, stop=13898, strand=-, nt=[ATGAAAGCAG..ACTTTCATAA]
11:40:03.050 - INFO - CDS - seq=contig_26, start=13898, stop=14332, strand=-, nt=[ATGAGCGAAT..AGATGCATAA]
11:40:03.050 - INFO - CDS - seq=contig_26, start=14344, stop=16476, strand=-, nt=[ATGTTATTGA..ATTTATTTAG]
11:40:03.050 - INFO - CDS - seq=contig_26, start=16511, stop=18049, strand=-, nt=[ATGTCGCAAA..TCAAGCATAA]
11:40:03.050 - INFO - CDS - seq=contig_26, start=18730, stop=20535, strand=+, nt=[ATGTGTGGAA..TGTAGAATAA]
11:40:03.050 - INFO - CDS - seq=contig_26, start=20767, stop=21549, strand=+, nt=[ATGTTAATTC..GTTAGAGTAA]
11:40:03.050 - INFO - CDS - seq=contig_26, start=21617, stop=22474, strand=+, nt=[ATGGATAACG..AGCTGATTAA]
11:40:03.050 - INFO - CDS - seq=contig_26, start=24507, stop=25598, strand=-, nt=[TTGTTTACTT..ACCAAAATAA]
11:40:03.050 - INFO - CDS - seq=contig_26, start=25864, stop=26841, strand=-, nt=[ATGTCTCATT..TGTACATTAA]
11:40:03.050 - INFO - CDS - seq=contig_26, start=26843, stop=27163, strand=-, nt=[ATGTCAGAAC..TGGGTTATAA]
11:40:03.050 - INFO - CDS - seq=contig_26, start=27315, stop=27980, strand=+, nt=[ATGAATATTT..AAAGGATTAA]
11:40:03.050 - INFO - CDS - seq=contig_26, start=28416, stop=29354, strand=+, nt=[ATGCCATTAT..CTATGTGTAA]
11:40:03.051 - INFO - CDS - seq=contig_26, start=29385, stop=29615, strand=+, nt=[TTGAAGCAAT..TTCAAATTAA]
11:40:03.051 - INFO - CDS - seq=contig_26, start=30287, stop=31660, strand=+, nt=[ATGACAGCAG..ACATGACTAA]
11:40:03.051 - INFO - CDS - seq=contig_26, start=32117, stop=32530, strand=+, nt=[ATGCCAATCG..TACTGATTGA]
11:40:03.051 - INFO - CDS - seq=contig_26, start=32730, stop=33173, strand=+, nt=[ATGAGTAATC..CTTAAGCTAA]
11:40:03.051 - INFO - CDS - seq=contig_26, start=33294, stop=34004, strand=-, nt=[ATGACAAAAG..CGCAGAGTAA]
11:40:03.051 - INFO - CDS - seq=contig_28, start=189, stop=1505, strand=-, frame=2, truncated=no, start-type=ATG, RBS-motif=AGGAGG
11:40:03.051 - INFO - CDS - seq=contig_28, start=1557, stop=2381, strand=-, frame=2, truncated=no, start-type=ATG, RBS-motif=AGGAG
11:40:03.051 - INFO - CDS - seq=contig_28, start=2495, stop=2803, strand=+, frame=2, truncated=no, start-type=ATG, RBS-motif=GGAG/GAGG
11:40:03.051 - INFO - CDS - seq=contig_28, start=3352, stop=5166, strand=+, frame=1, truncated=no, start-type=ATG, RBS-motif=GGA/GAG/AGG
11:40:03.051 - INFO - CDS - seq=contig_28, start=5369, stop=7978, strand=+, frame=2, truncated=no, start-type=ATG, RBS-motif=GGAG/GAGG
11:40:03.051 - INFO - CDS - seq=contig_28, start=8037, stop=8906, strand=-, frame=2, truncated=no, start-type=ATG, RBS-motif=GGAG/GAGG
11:40:03.052 - INFO - CDS - seq=contig_28, start=9016, stop=10161, strand=+, frame=1, truncated=no, start-type=ATG, RBS-motif=AGxAGG/AGGxGG
11:40:03.052 - INFO - CDS - seq=contig_28, start=10145, stop=10786, strand=+, frame=2, truncated=no, start-type=ATG, RBS-motif=AGGAGG
11:40:03.052 - INFO - CDS - seq=contig_28, start=10779, stop=11900, strand=+, frame=3, truncated=no, start-type=ATG, RBS-motif=GGA/GAG/AGG
11:40:03.052 - INFO - CDS - seq=contig_28, start=11878, stop=12393, strand=+, frame=1, truncated=no, start-type=ATG, RBS-motif=AGGAG
11:40:03.052 - INFO - CDS - seq=contig_28, start=12704, stop=13138, strand=+, frame=2, truncated=no, start-type=ATG, RBS-motif=AGGAG
11:40:03.052 - INFO - CDS - seq=contig_28, start=13395, stop=13580, strand=-, frame=2, truncated=no, start-type=ATG, RBS-motif=GGAGG
11:40:03.052 - INFO - CDS - seq=contig_28, start=13875, stop=14816, strand=+, frame=3, truncated=no, start-type=ATG, RBS-motif=AGxAGG/AGGxGG
11:40:03.052 - INFO - CDS - seq=contig_28, start=14828, stop=16072, strand=+, frame=2, truncated=no, start-type=ATG, RBS-motif=AGGAGG
11:40:03.052 - INFO - CDS - seq=contig_28, start=16127, stop=16498, strand=-, frame=3, truncated=no, start-type=ATG, RBS-motif=GGAG/GAGG
11:40:03.053 - INFO - CDS - seq=contig_28, start=16741, stop=17667, strand=+, frame=1, truncated=no, start-type=ATG, RBS-motif=AGGAGG
11:40:03.053 - INFO - CDS - seq=contig_28, start=17667, stop=18737, strand=+, frame=3, truncated=no, start-type=ATG, RBS-motif=AGGAGG
11:40:03.053 - INFO - CDS - seq=contig_28, start=18753, stop=19835, strand=+, frame=3, truncated=no, start-type=ATG, RBS-motif=AGxAGG/AGGxGG
11:40:03.053 - INFO - CDS - seq=contig_28, start=19825, stop=20766, strand=+, frame=1, truncated=no, start-type=ATG, RBS-motif=GGA/GAG/AGG
11:40:03.053 - INFO - CDS - seq=contig_28, start=20785, stop=22440, strand=+, frame=1, truncated=no, start-type=ATG, RBS-motif=AGxAGG/AGGxGG
11:40:03.054 - INFO - CDS - seq=contig_28, start=22652, stop=24367, strand=+, frame=2, truncated=no, start-type=ATG, RBS-motif=AGGAGG
11:40:03.054 - INFO - CDS - seq=contig_28, start=24418, stop=25404, strand=+, frame=1, truncated=no, start-type=ATG, RBS-motif=GGxGG
11:40:03.054 - INFO - CDS - seq=contig_28, start=25407, stop=26387, strand=+, frame=3, truncated=no, start-type=ATG, RBS-motif=AGGAG
11:40:03.054 - INFO - CDS - seq=contig_28, start=26380, stop=27342, strand=+, frame=1, truncated=no, start-type=ATG, RBS-motif=AGxAGG/AGGxGG
11:40:03.054 - INFO - CDS - seq=contig_28, start=27354, stop=28235, strand=+, frame=3, truncated=no, start-type=ATG, RBS-motif=AGxAGG/AGGxGG
11:40:03.054 - INFO - CDS - seq=contig_28, start=28277, stop=29266, strand=-, frame=3, truncated=no, start-type=ATG, RBS-motif=AGxAGG/AGGxGG
11:40:03.054 - INFO - CDS - seq=contig_28, start=29560, stop=29955, strand=+, frame=1, truncated=no, start-type=ATG, RBS-motif=AGGAG
11:40:03.054 - INFO - CDS - seq=contig_28, start=30326, stop=31045, strand=+, frame=2, truncated=no, start-type=ATG, RBS-motif=AGGAG
11:40:03.054 - INFO - CDS - seq=contig_28, start=31166, stop=32152, strand=+, frame=2, truncated=no, start-type=ATG, RBS-motif=GGAG/GAGG
11:40:03.055 - INFO - CDS - seq=contig_28, start=32200, stop=34008, strand=+, frame=1, truncated=no, start-type=ATG, RBS-motif=AGGAGG
11:40:03.055 - INFO - CDS - seq=contig_28, start=34468, stop=35274, strand=-, frame=1, truncated=no, start-type=ATG, RBS-motif=GGA/GAG/AGG
11:40:03.055 - INFO - CDS - seq=contig_28, start=35297, stop=35662, strand=-, frame=3, truncated=no, start-type=ATG, RBS-motif=None
11:40:03.055 - INFO - CDS - seq=contig_28, start=35766, stop=36359, strand=-, frame=2, truncated=no, start-type=ATG, RBS-motif=AGGA/GGAG/GAGG
11:40:03.055 - INFO - CDS - seq=contig_28, start=36545, stop=36892, strand=+, frame=2, truncated=no, start-type=ATG, RBS-motif=AGGAGG
11:40:03.055 - INFO - CDS - seq=contig_28, start=36909, stop=37544, strand=+, frame=3, truncated=no, start-type=ATG, RBS-motif=None
11:40:03.055 - INFO - CDS - seq=contig_28, start=37561, stop=38370, strand=+, frame=1, truncated=no, start-type=ATG, RBS-motif=AGGA/GGAG/GAGG
11:40:03.055 - INFO - CDS - seq=contig_28, start=38367, stop=39221, strand=+, frame=3, truncated=no, start-type=ATG, RBS-motif=None
11:40:03.055 - INFO - CDS - seq=contig_28, start=39242, stop=40627, strand=+, frame=2, truncated=no, start-type=ATG, RBS-motif=AGxAGG/AGGxGG
11:40:03.055 - INFO - CDS - seq=contig_28, start=40637, stop=42481, strand=+, frame=2, truncated=no, start-type=ATG, RBS-motif=AGGAG
11:40:03.055 - INFO - CDS - seq=contig_28, start=42759, stop=43529, strand=+, frame=3, truncated=no, start-type=ATG, RBS-motif=AGGAG
11:40:03.056 - INFO - CDS - seq=contig_28, start=43726, stop=44811, strand=-, frame=1, truncated=no, start-type=ATG, RBS-motif=AGGAGG
11:40:03.056 - INFO - CDS - seq=contig_28, start=45153, stop=46721, strand=+, frame=3, truncated=no, start-type=ATG, RBS-motif=AGxAGG/AGGxGG
11:40:03.056 - INFO - CDS - seq=contig_28, start=46866, stop=47624, strand=+, frame=3, truncated=no, start-type=ATG, RBS-motif=AGxAGG/AGGxGG
11:40:03.056 - INFO - CDS - seq=contig_28, start=47818, stop=48327, strand=+, frame=1, truncated=no, start-type=ATG, RBS-motif=AGGAGG
11:40:03.056 - INFO - CDS - seq=contig_28, start=48440, stop=49630, strand=-, frame=3, truncated=no, start-type=ATG, RBS-motif=GGA/GAG/AGG
11:40:03.056 - INFO - CDS - seq=contig_28, start=49608, stop=50783, strand=-, frame=2, truncated=no, start-type=ATG, RBS-motif=GGAGG
11:40:03.056 - INFO - CDS - seq=contig_28, start=51216, stop=52700, strand=+, frame=3, truncated=no, start-type=TTG, RBS-motif=AGGAG
11:40:03.056 - INFO - CDS - seq=contig_28, start=52690, stop=52941, strand=+, frame=1, truncated=no, start-type=TTG, RBS-motif=GGxGG
11:40:03.057 - INFO - CDS - seq=contig_28, start=52941, stop=54503, strand=+, frame=3, truncated=no, start-type=ATG, RBS-motif=AGGAG
11:40:03.057 - INFO - CDS - seq=contig_28, start=54805, stop=55608, strand=+, frame=1, truncated=no, start-type=ATG, RBS-motif=AGGAG
11:40:03.057 - INFO - CDS - seq=contig_28, start=55842, stop=58151, strand=+, frame=3, truncated=no, start-type=GTG, RBS-motif=GGAG/GAGG
11:40:03.057 - INFO - CDS - seq=contig_28, start=58168, stop=59526, strand=+, frame=1, truncated=no, start-type=GTG, RBS-motif=GGAG/GAGG
11:40:03.057 - INFO - CDS - seq=contig_28, start=59662, stop=61176, strand=+, frame=1, truncated=no, start-type=ATG, RBS-motif=GGAG/GAGG
11:40:03.057 - INFO - CDS - seq=contig_28, start=61663, stop=62232, strand=-, frame=1, truncated=no, start-type=ATG, RBS-motif=GGAG/GAGG
11:40:03.057 - INFO - CDS - seq=contig_28, start=62442, stop=62660, strand=+, frame=3, truncated=no, start-type=ATG, RBS-motif=GGA/GAG/AGG
11:40:03.057 - INFO - CDS - seq=contig_28, start=62741, stop=63727, strand=-, frame=3, truncated=no, start-type=ATG, RBS-motif=GGAG/GAGG
11:40:03.057 - INFO - CDS - seq=contig_28, start=63926, stop=64102, strand=+, frame=2, truncated=no, start-type=ATG, RBS-motif=AGGAGG
11:40:03.058 - INFO - CDS - seq=contig_28, start=64117, stop=64719, strand=+, frame=1, truncated=no, start-type=ATG, RBS-motif=AGxAGG/AGGxGG
11:40:03.058 - INFO - CDS - seq=contig_28, start=66062, stop=68026, strand=+, frame=2, truncated=no, start-type=ATG, RBS-motif=GGAG/GAGG
11:40:03.058 - INFO - CDS - seq=contig_28, start=68029, stop=68349, strand=+, frame=1, truncated=no, start-type=ATG, RBS-motif=AGGAG
11:40:03.058 - INFO - CDS - seq=contig_28, start=68346, stop=68987, strand=+, frame=3, truncated=no, start-type=ATG, RBS-motif=GGAG/GAGG
11:40:03.058 - INFO - CDS - seq=contig_28, start=69075, stop=69320, strand=-, frame=2, truncated=no, start-type=TTG, RBS-motif=GGAGG
11:40:03.058 - INFO - CDS - seq=contig_28, start=69732, stop=70088, strand=-, frame=2, truncated=no, start-type=ATG, RBS-motif=GGAGG
11:40:03.058 - INFO - CDS - seq=contig_28, start=70576, stop=71535, strand=+, frame=1, truncated=no, start-type=GTG, RBS-motif=GGAGG
11:40:03.058 - INFO - CDS - seq=contig_28, start=71581, stop=71697, strand=-, frame=1, truncated=no, start-type=ATG, RBS-motif=GGAG/GAGG
11:40:03.058 - INFO - CDS - seq=contig_28, start=71776, stop=71991, strand=-, frame=1, truncated=no, start-type=ATG, RBS-motif=AGGAGG
11:40:03.059 - INFO - CDS - seq=contig_28, start=72156, stop=72707, strand=+, frame=3, truncated=no, start-type=GTG, RBS-motif=GGA/GAG/AGG
11:40:03.059 - INFO - CDS - seq=contig_28, start=72759, stop=73697, strand=-, frame=2, truncated=no, start-type=ATG, RBS-motif=AGGA/GGAG/GAGG
11:40:03.059 - INFO - CDS - seq=contig_28, start=73879, stop=75240, strand=+, frame=1, truncated=no, start-type=ATG, RBS-motif=AGxAG
11:40:03.059 - INFO - CDS - seq=contig_28, start=75227, stop=76900, strand=+, frame=2, truncated=no, start-type=ATG, RBS-motif=AGGAG
11:40:03.059 - INFO - CDS - seq=contig_28, start=76887, stop=77690, strand=+, frame=3, truncated=no, start-type=ATG, RBS-motif=GGA/GAG/AGG
11:40:03.060 - INFO - CDS - seq=contig_28, start=77683, stop=78504, strand=+, frame=1, truncated=no, start-type=ATG, RBS-motif=AGGAGG
11:40:03.060 - INFO - CDS - seq=contig_28, start=78742, stop=79071, strand=-, frame=1, truncated=no, start-type=ATG, RBS-motif=GGA/GAG/AGG
11:40:03.060 - INFO - CDS - seq=contig_28, start=79109, stop=80290, strand=-, frame=3, truncated=no, start-type=ATG, RBS-motif=GGAGG
11:40:03.060 - INFO - CDS - seq=contig_28, start=80372, stop=81382, strand=-, frame=3, truncated=no, start-type=ATG, RBS-motif=GGAGG
11:40:03.060 - INFO - CDS - seq=contig_28, start=81910, stop=83064, strand=-, frame=1, truncated=no, start-type=ATG, RBS-motif=GGAG/GAGG
11:40:03.060 - INFO - CDS - seq=contig_28, start=83260, stop=84270, strand=-, frame=1, truncated=no, start-type=ATG, RBS-motif=AGGAG
11:40:03.060 - INFO - CDS - seq=contig_28, start=84423, stop=84842, strand=+, frame=3, truncated=no, start-type=ATG, RBS-motif=GGAG/GAGG
11:40:03.060 - INFO - CDS - seq=contig_28, start=85049, stop=88795, strand=-, frame=3, truncated=no, start-type=ATG, RBS-motif=AGGAG/GGAGG
11:40:03.061 - INFO - CDS - seq=contig_28, start=89023, stop=89457, strand=-, frame=1, truncated=no, start-type=ATG, RBS-motif=GGAGG
11:40:03.061 - INFO - CDS - seq=contig_28, start=89612, stop=90082, strand=-, frame=3, truncated=no, start-type=ATG, RBS-motif=AGGAG
11:40:03.061 - INFO - CDS - seq=contig_28, start=90130, stop=91347, strand=-, frame=1, truncated=no, start-type=ATG, RBS-motif=AGGAG
11:40:03.061 - INFO - CDS - seq=contig_28, start=91798, stop=92991, strand=+, frame=1, truncated=no, start-type=ATG, RBS-motif=GGAG/GAGG
11:40:03.061 - INFO - CDS - seq=contig_28, start=93527, stop=93817, strand=-, frame=3, truncated=no, start-type=ATG, RBS-motif=3Base/5BMM
11:40:03.061 - INFO - CDS - seq=contig_28, start=93814, stop=94419, strand=-, frame=1, truncated=no, start-type=ATG, RBS-motif=GGAGG
11:40:03.061 - INFO - CDS - seq=contig_28, start=94409, stop=96397, strand=-, frame=3, truncated=no, start-type=ATG, RBS-motif=GGAGG
11:40:03.061 - INFO - CDS - seq=contig_28, start=96397, stop=97497, strand=-, frame=1, truncated=no, start-type=GTG, RBS-motif=AGGAGG
11:40:03.061 - INFO - CDS - seq=contig_28, start=98068, stop=98385, strand=-, frame=1, truncated=no, start-type=ATG, RBS-motif=GGAGG
11:40:03.062 - INFO - CDS - seq=contig_28, start=189, stop=1505, strand=-, nt=[ATGCCCAAAA..AGCTAAATAA]
11:40:03.062 - INFO - CDS - seq=contig_28, start=1557, stop=2381, strand=-, nt=[ATGCAACCAC..TTACTGTTAA]
11:40:03.062 - INFO - CDS - seq=contig_28, start=2495, stop=2803, strand=+, nt=[ATGGAAGAGG..TGTGAGCTAA]
11:40:03.062 - INFO - CDS - seq=contig_28, start=3352, stop=5166, strand=+, nt=[ATGAACAAAA..AAAGAAATAA]
11:40:03.062 - INFO - CDS - seq=contig_28, start=5369, stop=7978, strand=+, nt=[ATGGATATAA..TCATGAATAA]
11:40:03.062 - INFO - CDS - seq=contig_28, start=8037, stop=8906, strand=-, nt=[ATGAATTTGG..ACAATTATAA]
11:40:03.062 - INFO - CDS - seq=contig_28, start=9016, stop=10161, strand=+, nt=[ATGATTCGAA..TTTTAAATGA]
11:40:03.062 - INFO - CDS - seq=contig_28, start=10145, stop=10786, strand=+, nt=[ATGGAAATTT..TTATGAATAA]
11:40:03.062 - INFO - CDS - seq=contig_28, start=10779, stop=11900, strand=+, nt=[ATGAATAAGT..CAGAATTTAA]
11:40:03.062 - INFO - CDS - seq=contig_28, start=11878, stop=12393, strand=+, nt=[ATGAAAATCA..AAAAATTTAA]
11:40:03.062 - INFO - CDS - seq=contig_28, start=12704, stop=13138, strand=+, nt=[ATGAAATTAA..AACTAAATAA]
11:40:03.062 - INFO - CDS - seq=contig_28, start=13395, stop=13580, strand=-, nt=[ATGAAACACC..ATCACAATAA]
11:40:03.063 - INFO - CDS - seq=contig_28, start=13875, stop=14816, strand=+, nt=[ATGAACGTGG..GGGAAAATAG]
11:40:03.063 - INFO - CDS - seq=contig_28, start=14828, stop=16072, strand=+, nt=[ATGAGTCAAA..TGAAGCATAA]
11:40:03.063 - INFO - CDS - seq=contig_28, start=16127, stop=16498, strand=-, nt=[ATGTTGAAAA..ATTAGTATAA]
11:40:03.063 - INFO - CDS - seq=contig_28, start=16741, stop=17667, strand=+, nt=[ATGGGGAAAT..TAAAAAATAA]
11:40:03.063 - INFO - CDS - seq=contig_28, start=17667, stop=18737, strand=+, nt=[ATGGCTGAAA..GCGTAAATAA]
11:40:03.063 - INFO - CDS - seq=contig_28, start=18753, stop=19835, strand=+, nt=[ATGACTGAAA..TGAAAAATGA]
11:40:03.063 - INFO - CDS - seq=contig_28, start=19825, stop=20766, strand=+, nt=[ATGAAAAATG..ACAAAATTAA]
11:40:03.063 - INFO - CDS - seq=contig_28, start=20785, stop=22440, strand=+, nt=[ATGACGAGAA..GAAAAAATAA]
11:40:03.063 - INFO - CDS - seq=contig_28, start=22652, stop=24367, strand=+, nt=[ATGGGGAAGC..AGAAGCTTAG]
11:40:03.063 - INFO - CDS - seq=contig_28, start=24418, stop=25404, strand=+, nt=[ATGAATAATG..GGAGATATAA]
11:40:03.063 - INFO - CDS - seq=contig_28, start=25407, stop=26387, strand=+, nt=[ATGGAAAATA..AAATGCTTAA]
11:40:03.063 - INFO - CDS - seq=contig_28, start=26380, stop=27342, strand=+, nt=[ATGCTTAAAT..AAGTAACTAG]
11:40:03.064 - INFO - CDS - seq=contig_28, start=27354, stop=28235, strand=+, nt=[ATGCAAAATA..TAGACGTTAA]
11:40:03.064 - INFO - CDS - seq=contig_28, start=28277, stop=29266, strand=-, nt=[ATGGAGACAT..TAAGAGATAA]
11:40:03.064 - INFO - CDS - seq=contig_28, start=29560, stop=29955, strand=+, nt=[ATGGTAACAT..GGTTGACTAA]
11:40:03.064 - INFO - CDS - seq=contig_28, start=30326, stop=31045, strand=+, nt=[ATGAGAATAG..AACTGAATAA]
11:40:03.064 - INFO - CDS - seq=contig_28, start=31166, stop=32152, strand=+, nt=[ATGTTAGTAG..TTTGTTCTAA]
11:40:03.064 - INFO - CDS - seq=contig_28, start=32200, stop=34008, strand=+, nt=[ATGAGTCAAC..GAAAGCTTAG]
11:40:03.064 - INFO - CDS - seq=contig_28, start=34468, stop=35274, strand=-, nt=[ATGGCTGGAG..ATCAAAATAA]
11:40:03.064 - INFO - CDS - seq=contig_28, start=35297, stop=35662, strand=-, nt=[ATGACAACAA..GAATTCCTAA]
11:40:03.064 - INFO - CDS - seq=contig_28, start=35766, stop=36359, strand=-, nt=[ATGGCAACAA..TATAAATTAA]
11:40:03.064 - INFO - CDS - seq=contig_28, start=36545, stop=36892, strand=+, nt=[ATGCGTTTAT..CATTGAATAA]
11:40:03.064 - INFO - CDS - seq=contig_28, start=36909, stop=37544, strand=+, nt=[ATGAATCAAT..AAATGATTAA]
11:40:03.065 - INFO - CDS - seq=contig_28, start=37561, stop=38370, strand=+, nt=[ATGCGTTATA..AGAACGATGA]
11:40:03.065 - INFO - CDS - seq=contig_28, start=38367, stop=39221, strand=+, nt=[ATGAAATTTA..TCAACTCTAA]
11:40:03.065 - INFO - CDS - seq=contig_28, start=39242, stop=40627, strand=+, nt=[ATGTCAATGA..CTTAATTTAA]
11:40:03.065 - INFO - CDS - seq=contig_28, start=40637, stop=42481, strand=+, nt=[ATGGAGTTTT..TTATTTTTAA]
11:40:03.065 - INFO - CDS - seq=contig_28, start=42759, stop=43529, strand=+, nt=[ATGTTAAATC..AATTAAATAA]
11:40:03.065 - INFO - CDS - seq=contig_28, start=43726, stop=44811, strand=-, nt=[ATGTTAAACA..TAAGGACTAA]
11:40:03.065 - INFO - CDS - seq=contig_28, start=45153, stop=46721, strand=+, nt=[ATGATTGAAA..CAAAAAGTAA]
11:40:03.065 - INFO - CDS - seq=contig_28, start=46866, stop=47624, strand=+, nt=[ATGTCAGAAT..TTATGAGTAA]
11:40:03.065 - INFO - CDS - seq=contig_28, start=47818, stop=48327, strand=+, nt=[ATGATTTTAG..ATTAGCTTAA]
11:40:03.065 - INFO - CDS - seq=contig_28, start=48440, stop=49630, strand=-, nt=[ATGCAAGATT..AGCTAAGTAA]
11:40:03.065 - INFO - CDS - seq=contig_28, start=49608, stop=50783, strand=-, nt=[ATGGTTACTC..CGTTAAATAA]
11:40:03.065 - INFO - CDS - seq=contig_28, start=51216, stop=52700, strand=+, nt=[TTGGATGCAA..TGATCAATAA]
11:40:03.066 - INFO - CDS - seq=contig_28, start=52690, stop=52941, strand=+, nt=[TTGATCAATA..GAAAGACTAA]
11:40:03.066 - INFO - CDS - seq=contig_28, start=52941, stop=54503, strand=+, nt=[ATGAACTTAA..TTTACTTTAA]
11:40:03.066 - INFO - CDS - seq=contig_28, start=54805, stop=55608, strand=+, nt=[ATGTTAATGG..GCATAAATAA]
11:40:03.066 - INFO - CDS - seq=contig_28, start=55842, stop=58151, strand=+, nt=[GTGGATATTG..ACTAAAATAA]
11:40:03.066 - INFO - CDS - seq=contig_28, start=58168, stop=59526, strand=+, nt=[GTGTCAATTT..AATAGGATAA]
11:40:03.066 - INFO - CDS - seq=contig_28, start=59662, stop=61176, strand=+, nt=[ATGATGGAAA..AAACAGGTAA]
11:40:03.066 - INFO - CDS - seq=contig_28, start=61663, stop=62232, strand=-, nt=[ATGTATTCTC..AGATAAATAA]
11:40:03.066 - INFO - CDS - seq=contig_28, start=62442, stop=62660, strand=+, nt=[ATGAAATACA..CGGTGAATAA]
11:40:03.066 - INFO - CDS - seq=contig_28, start=62741, stop=63727, strand=-, nt=[ATGAAATTCA..AATGTCATAA]
11:40:03.067 - INFO - CDS - seq=contig_28, start=63926, stop=64102, strand=+, nt=[ATGACTGTTG..TGTTGAATAA]
11:40:03.067 - INFO - CDS - seq=contig_28, start=64117, stop=64719, strand=+, nt=[ATGAATAAAA..TAATGCTTAA]
11:40:03.067 - INFO - CDS - seq=contig_28, start=66062, stop=68026, strand=+, nt=[ATGAAATGGT..GGAGTTTTAA]
11:40:03.067 - INFO - CDS - seq=contig_28, start=68029, stop=68349, strand=+, nt=[ATGAAATTTA..ACAAGAATGA]
11:40:03.067 - INFO - CDS - seq=contig_28, start=68346, stop=68987, strand=+, nt=[ATGATAGAAT..ATCTATGTGA]
11:40:03.067 - INFO - CDS - seq=contig_28, start=69075, stop=69320, strand=-, nt=[TTGACTAGAA..ACTTTCATAA]
11:40:03.067 - INFO - CDS - seq=contig_28, start=69732, stop=70088, strand=-, nt=[ATGAAATTAG..ATTTTATTAA]
11:40:03.068 - INFO - CDS - seq=contig_28, start=70576, stop=71535, strand=+, nt=[GTGAATAGGA..AGCAAAATAA]
11:40:03.068 - INFO - CDS - seq=contig_28, start=71581, stop=71697, strand=-, nt=[ATGCGCCAAT..ACATAATTAA]
11:40:03.068 - INFO - CDS - seq=contig_28, start=71776, stop=71991, strand=-, nt=[ATGAAAGTCA..TAAAAATTAA]
11:40:03.068 - INFO - CDS - seq=contig_28, start=72156, stop=72707, strand=+, nt=[GTGATACGTC..TGTTAAATAA]
11:40:03.068 - INFO - CDS - seq=contig_28, start=72759, stop=73697, strand=-, nt=[ATGAGTAATC..AGGCATTTAA]
11:40:03.068 - INFO - CDS - seq=contig_28, start=73879, stop=75240, strand=+, nt=[ATGGCTACGG..GAAATCATAA]
11:40:03.068 - INFO - CDS - seq=contig_28, start=75227, stop=76900, strand=+, nt=[ATGGGAAATC..CACATTATAA]
11:40:03.068 - INFO - CDS - seq=contig_28, start=76887, stop=77690, strand=+, nt=[ATGACACATT..AAATGACTAA]
11:40:03.068 - INFO - CDS - seq=contig_28, start=77683, stop=78504, strand=+, nt=[ATGACTAACA..ATTCCCATAA]
11:40:03.068 - INFO - CDS - seq=contig_28, start=78742, stop=79071, strand=-, nt=[ATGTATCAAC..CTTAGTATAA]
11:40:03.068 - INFO - CDS - seq=contig_28, start=79109, stop=80290, strand=-, nt=[ATGAATAGTT..AGGTTACTAA]
11:40:03.069 - INFO - CDS - seq=contig_28, start=80372, stop=81382, strand=-, nt=[ATGAAAGGTA..CGCTGCATAA]
11:40:03.069 - INFO - CDS - seq=contig_28, start=81910, stop=83064, strand=-, nt=[ATGAAACTTT..TACTAAATAA]
11:40:03.069 - INFO - CDS - seq=contig_28, start=83260, stop=84270, strand=-, nt=[ATGACTTCAT..AGATTCATAA]
11:40:03.069 - INFO - CDS - seq=contig_28, start=84423, stop=84842, strand=+, nt=[ATGTATAAAC..ATCGTTGTAA]
11:40:03.069 - INFO - CDS - seq=contig_28, start=85049, stop=88795, strand=-, nt=[ATGGCGAAAA..ATATAAATAA]
11:40:03.069 - INFO - CDS - seq=contig_28, start=89023, stop=89457, strand=-, nt=[ATGTTTTCAA..GCTTAATTAA]
11:40:03.069 - INFO - CDS - seq=contig_28, start=89612, stop=90082, strand=-, nt=[ATGAGTAGAA..AGCACTATAA]
11:40:03.069 - INFO - CDS - seq=contig_28, start=90130, stop=91347, strand=-, nt=[ATGAATAAAT..TGTAAATTAA]
11:40:03.069 - INFO - CDS - seq=contig_28, start=91798, stop=92991, strand=+, nt=[ATGAAATTTA..TGTTCAATAA]
11:40:03.069 - INFO - CDS - seq=contig_28, start=93527, stop=93817, strand=-, nt=[ATGAGTACAA..ACACTTATAA]
11:40:03.069 - INFO - CDS - seq=contig_28, start=93814, stop=94419, strand=-, nt=[ATGAGTCATG..TAGCGGATGA]
11:40:03.069 - INFO - CDS - seq=contig_28, start=94409, stop=96397, strand=-, nt=[ATGAATTTTC..TGAGTCATGA]
11:40:03.070 - INFO - CDS - seq=contig_28, start=96397, stop=97497, strand=-, nt=[GTGTCAAAAT..TGGACATTAA]
11:40:03.070 - INFO - CDS - seq=contig_28, start=98068, stop=98385, strand=-, nt=[ATGAATAAAC..GGTTAAATAG]
11:40:03.070 - INFO - CDS - seq=contig_29, start=26, stop=316, strand=+, frame=2, truncated=no, start-type=GTG, RBS-motif=AGGAG/GGAGG
11:40:03.070 - INFO - CDS - seq=contig_29, start=519, stop=1202, strand=+, frame=3, truncated=no, start-type=ATG, RBS-motif=AGGAG
11:40:03.070 - INFO - CDS - seq=contig_29, start=1348, stop=1959, strand=+, frame=1, truncated=no, start-type=ATG, RBS-motif=GGAG/GAGG
11:40:03.070 - INFO - CDS - seq=contig_29, start=2094, stop=2312, strand=+, frame=3, truncated=no, start-type=ATG, RBS-motif=AGGAG
11:40:03.070 - INFO - CDS - seq=contig_29, start=2444, stop=2944, strand=+, frame=2, truncated=no, start-type=ATG, RBS-motif=GGA/GAG/AGG
11:40:03.070 - INFO - CDS - seq=contig_29, start=26, stop=316, strand=+, nt=[GTGCAAGTAT..AGAAGAATAG]
11:40:03.070 - INFO - CDS - seq=contig_29, start=519, stop=1202, strand=+, nt=[ATGACTACTA..TGATGACTAA]
11:40:03.070 - INFO - CDS - seq=contig_29, start=1348, stop=1959, strand=+, nt=[ATGGAGTTCT..ATTATTATAA]
11:40:03.071 - INFO - CDS - seq=contig_29, start=2094, stop=2312, strand=+, nt=[ATGGAAAACC..TTTAAGATAA]
11:40:03.071 - INFO - CDS - seq=contig_29, start=2444, stop=2944, strand=+, nt=[ATGACTTTCG..TGAACAATAG]
11:40:03.071 - INFO - CDS - seq=contig_30, start=328, stop=1596, strand=-, frame=3, truncated=no, start-type=ATG, RBS-motif=GGAG/GAGG
11:40:03.071 - INFO - CDS - seq=contig_30, start=1611, stop=2183, strand=-, frame=1, truncated=no, start-type=ATG, RBS-motif=AGxAGG/AGGxGG
11:40:03.071 - INFO - CDS - seq=contig_30, start=2184, stop=3554, strand=-, frame=1, truncated=no, start-type=ATG, RBS-motif=GGAG/GAGG
11:40:03.071 - INFO - CDS - seq=contig_30, start=3568, stop=4614, strand=-, frame=3, truncated=no, start-type=ATG, RBS-motif=GGA/GAG/AGG
11:40:03.071 - INFO - CDS - seq=contig_30, start=4617, stop=6146, strand=-, frame=1, truncated=no, start-type=ATG, RBS-motif=AGGAG
11:40:03.071 - INFO - CDS - seq=contig_30, start=6160, stop=7179, strand=-, frame=3, truncated=no, start-type=ATG, RBS-motif=GGAGG
11:40:03.071 - INFO - CDS - seq=contig_30, start=7316, stop=7570, strand=-, frame=2, truncated=no, start-type=ATG, RBS-motif=GGAGG
11:40:03.071 - INFO - CDS - seq=contig_30, start=7570, stop=9339, strand=-, frame=3, truncated=no, start-type=ATG, RBS-motif=GGAG/GAGG
11:40:03.071 - INFO - CDS - seq=contig_30, start=9367, stop=11055, strand=-, frame=3, truncated=no, start-type=ATG, RBS-motif=GGxGG
11:40:03.072 - INFO - CDS - seq=contig_30, start=11533, stop=12027, strand=+, frame=1, truncated=no, start-type=ATG, RBS-motif=GGA/GAG/AGG
11:40:03.072 - INFO - CDS - seq=contig_30, start=12008, stop=12670, strand=+, frame=2, truncated=no, start-type=ATG, RBS-motif=AGGAGG
11:40:03.072 - INFO - CDS - seq=contig_30, start=12643, stop=13107, strand=+, frame=1, truncated=no, start-type=TTG, RBS-motif=GGAG/GAGG
11:40:03.072 - INFO - CDS - seq=contig_30, start=13100, stop=14125, strand=+, frame=2, truncated=no, start-type=ATG, RBS-motif=None
11:40:03.072 - INFO - CDS - seq=contig_30, start=14440, stop=16050, strand=-, frame=3, truncated=no, start-type=ATG, RBS-motif=AGGAG
11:40:03.072 - INFO - CDS - seq=contig_30, start=16412, stop=18340, strand=-, frame=2, truncated=no, start-type=ATG, RBS-motif=GGA/GAG/AGG
11:40:03.072 - INFO - CDS - seq=contig_30, start=18593, stop=19228, strand=+, frame=2, truncated=no, start-type=ATG, RBS-motif=AGGAGG
11:40:03.072 - INFO - CDS - seq=contig_30, start=19532, stop=20611, strand=+, frame=2, truncated=no, start-type=ATG, RBS-motif=GGAG/GAGG
11:40:03.072 - INFO - CDS - seq=contig_30, start=20671, stop=20895, strand=+, frame=1, truncated=no, start-type=ATG, RBS-motif=AGGAG
11:40:03.073 - INFO - CDS - seq=contig_30, start=21103, stop=22353, strand=+, frame=1, truncated=no, start-type=ATG, RBS-motif=GGAG/GAGG
11:40:03.073 - INFO - CDS - seq=contig_30, start=22536, stop=23486, strand=+, frame=3, truncated=no, start-type=ATG, RBS-motif=GGA/GAG/AGG
11:40:03.073 - INFO - CDS - seq=contig_30, start=23635, stop=25119, strand=+, frame=1, truncated=no, start-type=ATG, RBS-motif=AGGAG(G)/GGAGG
11:40:03.073 - INFO - CDS - seq=contig_30, start=25116, stop=26075, strand=+, frame=3, truncated=no, start-type=ATG, RBS-motif=AGGA
11:40:03.074 - INFO - CDS - seq=contig_30, start=26444, stop=27160, strand=-, frame=2, truncated=no, start-type=ATG, RBS-motif=AGGA
11:40:03.074 - INFO - CDS - seq=contig_30, start=27179, stop=28462, strand=-, frame=2, truncated=no, start-type=ATG, RBS-motif=None
11:40:03.074 - INFO - CDS - seq=contig_30, start=28492, stop=28635, strand=-, frame=3, truncated=no, start-type=ATG, RBS-motif=AGGAGG
11:40:03.074 - INFO - CDS - seq=contig_30, start=28638, stop=29255, strand=-, frame=1, truncated=no, start-type=ATG, RBS-motif=GGA/GAG/AGG
11:40:03.074 - INFO - CDS - seq=contig_30, start=29437, stop=29571, strand=+, frame=1, truncated=no, start-type=ATG, RBS-motif=GGA/GAG/AGG
11:40:03.074 - INFO - CDS - seq=contig_30, start=30171, stop=30956, strand=-, frame=1, truncated=no, start-type=ATG, RBS-motif=AGGA
11:40:03.074 - INFO - CDS - seq=contig_30, start=31317, stop=31943, strand=-, frame=1, truncated=no, start-type=ATG, RBS-motif=AGGAG
11:40:03.074 - INFO - CDS - seq=contig_30, start=32140, stop=33321, strand=+, frame=1, truncated=no, start-type=ATG, RBS-motif=AGGAG/GGAGG
11:40:03.075 - INFO - CDS - seq=contig_30, start=33346, stop=34089, strand=-, frame=3, truncated=no, start-type=ATG, RBS-motif=GGAGG
11:40:03.075 - INFO - CDS - seq=contig_30, start=34264, stop=34548, strand=+, frame=1, truncated=no, start-type=ATG, RBS-motif=AGGAGG
11:40:03.075 - INFO - CDS - seq=contig_30, start=34624, stop=36240, strand=+, frame=1, truncated=no, start-type=ATG, RBS-motif=GGAGG
11:40:03.075 - INFO - CDS - seq=contig_30, start=36309, stop=37481, strand=-, frame=1, truncated=no, start-type=ATG, RBS-motif=GGAG/GAGG
11:40:03.075 - INFO - CDS - seq=contig_30, start=37495, stop=38217, strand=-, frame=3, truncated=no, start-type=TTG, RBS-motif=GGAG/GAGG
11:40:03.075 - INFO - CDS - seq=contig_30, start=38370, stop=38576, strand=+, frame=3, truncated=no, start-type=TTG, RBS-motif=AGGAGG
11:40:03.075 - INFO - CDS - seq=contig_30, start=38580, stop=38897, strand=+, frame=3, truncated=no, start-type=ATG, RBS-motif=AGGAGG
11:40:03.075 - INFO - CDS - seq=contig_30, start=38894, stop=39040, strand=+, frame=2, truncated=no, start-type=ATG, RBS-motif=GGAGG
11:40:03.075 - INFO - CDS - seq=contig_30, start=39033, stop=39218, strand=+, frame=3, truncated=no, start-type=ATG, RBS-motif=AGGAGG
11:40:03.075 - INFO - CDS - seq=contig_30, start=39246, stop=39563, strand=+, frame=3, truncated=no, start-type=ATG, RBS-motif=AGGAG
11:40:03.076 - INFO - CDS - seq=contig_30, start=39630, stop=40499, strand=+, frame=3, truncated=no, start-type=ATG, RBS-motif=GGAG/GAGG
11:40:03.076 - INFO - CDS - seq=contig_30, start=40516, stop=41985, strand=+, frame=1, truncated=no, start-type=TTG, RBS-motif=GGAGG
11:40:03.076 - INFO - CDS - seq=contig_30, start=42271, stop=42633, strand=+, frame=1, truncated=no, start-type=ATG, RBS-motif=AGGAGG
11:40:03.076 - INFO - CDS - seq=contig_30, start=42635, stop=42919, strand=+, frame=2, truncated=no, start-type=ATG, RBS-motif=GGAG/GAGG
11:40:03.076 - INFO - CDS - seq=contig_30, start=42916, stop=43557, strand=+, frame=1, truncated=no, start-type=ATG, RBS-motif=AGGAG
11:40:03.076 - INFO - CDS - seq=contig_30, start=44093, stop=44434, strand=+, frame=2, truncated=no, start-type=ATG, RBS-motif=GGA/GAG/AGG
11:40:03.076 - INFO - CDS - seq=contig_30, start=44465, stop=45118, strand=+, frame=2, truncated=no, start-type=ATG, RBS-motif=GGAG/GAGG
11:40:03.076 - INFO - CDS - seq=contig_30, start=45171, stop=45698, strand=+, frame=3, truncated=no, start-type=ATG, RBS-motif=AGGAG
11:40:03.076 - INFO - CDS - seq=contig_30, start=45701, stop=46042, strand=+, frame=2, truncated=no, start-type=ATG, RBS-motif=None
11:40:03.076 - INFO - CDS - seq=contig_30, start=46039, stop=46608, strand=+, frame=1, truncated=no, start-type=ATG, RBS-motif=GGAGG
11:40:03.077 - INFO - CDS - seq=contig_30, start=46823, stop=47395, strand=+, frame=2, truncated=no, start-type=ATG, RBS-motif=AGGAG
11:40:03.077 - INFO - CDS - seq=contig_30, start=47416, stop=47712, strand=+, frame=1, truncated=no, start-type=ATG, RBS-motif=GGAG/GAGG
11:40:03.077 - INFO - CDS - seq=contig_30, start=47712, stop=48152, strand=+, frame=3, truncated=no, start-type=ATG, RBS-motif=AGGAG
11:40:03.077 - INFO - CDS - seq=contig_30, start=48458, stop=49216, strand=+, frame=2, truncated=no, start-type=ATG, RBS-motif=AGxAGG/AGGxGG
11:40:03.077 - INFO - CDS - seq=contig_30, start=50142, stop=51056, strand=+, frame=3, truncated=no, start-type=ATG, RBS-motif=AGGA
11:40:03.077 - INFO - CDS - seq=contig_30, start=51114, stop=51962, strand=+, frame=3, truncated=no, start-type=ATG, RBS-motif=GGAG/GAGG
11:40:03.077 - INFO - CDS - seq=contig_30, start=52860, stop=54167, strand=-, frame=1, truncated=no, start-type=ATG, RBS-motif=AGGAG/GGAGG
11:40:03.077 - INFO - CDS - seq=contig_30, start=54611, stop=55834, strand=-, frame=2, truncated=no, start-type=ATG, RBS-motif=GGA/GAG/AGG
11:40:03.077 - INFO - CDS - seq=contig_30, start=56270, stop=57325, strand=+, frame=2, truncated=no, start-type=ATG, RBS-motif=AGxAGG/AGGxGG
11:40:03.078 - INFO - CDS - seq=contig_30, start=57347, stop=58363, strand=+, frame=2, truncated=no, start-type=ATG, RBS-motif=GGxGG
11:40:03.078 - INFO - CDS - seq=contig_30, start=58601, stop=59425, strand=-, frame=2, truncated=no, start-type=ATG, RBS-motif=GGA/GAG/AGG
11:40:03.078 - INFO - CDS - seq=contig_30, start=59482, stop=60519, strand=-, frame=3, truncated=no, start-type=ATG, RBS-motif=AGGAGG
11:40:03.078 - INFO - CDS - seq=contig_30, start=60582, stop=60824, strand=-, frame=1, truncated=no, start-type=ATG, RBS-motif=AGGAGG
11:40:03.078 - INFO - CDS - seq=contig_30, start=60835, stop=61818, strand=-, frame=3, truncated=no, start-type=ATG, RBS-motif=AGGAG
11:40:03.078 - INFO - CDS - seq=contig_30, start=61918, stop=62100, strand=-, frame=3, truncated=no, start-type=ATG, RBS-motif=AGGA
11:40:03.078 - INFO - CDS - seq=contig_30, start=62304, stop=62645, strand=-, frame=1, truncated=no, start-type=ATG, RBS-motif=AGGA
11:40:03.078 - INFO - CDS - seq=contig_30, start=62651, stop=63583, strand=-, frame=2, truncated=no, start-type=ATG, RBS-motif=AGGAG
11:40:03.078 - INFO - CDS - seq=contig_30, start=63599, stop=64312, strand=-, frame=2, truncated=no, start-type=ATG, RBS-motif=AGGAGG
11:40:03.078 - INFO - CDS - seq=contig_30, start=64446, stop=64709, strand=+, frame=3, truncated=no, start-type=ATG, RBS-motif=AGxAGG/AGGxGG
11:40:03.079 - INFO - CDS - seq=contig_30, start=64725, stop=64940, strand=+, frame=3, truncated=no, start-type=ATG, RBS-motif=AGGAGG
11:40:03.079 - INFO - CDS - seq=contig_30, start=64929, stop=65258, strand=-, frame=1, truncated=no, start-type=ATG, RBS-motif=AGGAGG
11:40:03.079 - INFO - CDS - seq=contig_30, start=65309, stop=66061, strand=+, frame=2, truncated=no, start-type=ATG, RBS-motif=AGGAG
11:40:03.079 - INFO - CDS - seq=contig_30, start=66077, stop=66274, strand=+, frame=2, truncated=no, start-type=ATG, RBS-motif=AGGAGG
11:40:03.079 - INFO - CDS - seq=contig_30, start=66261, stop=66641, strand=-, frame=1, truncated=no, start-type=ATG, RBS-motif=GGA/GAG/AGG
11:40:03.080 - INFO - CDS - seq=contig_30, start=66696, stop=67019, strand=+, frame=3, truncated=no, start-type=ATG, RBS-motif=AGGA
11:40:03.080 - INFO - CDS - seq=contig_30, start=67016, stop=67177, strand=+, frame=2, truncated=no, start-type=ATG, RBS-motif=AGGAGG
11:40:03.080 - INFO - CDS - seq=contig_30, start=67272, stop=67574, strand=+, frame=3, truncated=no, start-type=ATG, RBS-motif=GGAGG
11:40:03.080 - INFO - CDS - seq=contig_30, start=67579, stop=67839, strand=+, frame=1, truncated=no, start-type=ATG, RBS-motif=AGGAGG
11:40:03.080 - INFO - CDS - seq=contig_30, start=67848, stop=68111, strand=+, frame=3, truncated=no, start-type=ATG, RBS-motif=GGA/GAG/AGG
11:40:03.080 - INFO - CDS - seq=contig_30, start=68120, stop=70063, strand=+, frame=2, truncated=no, start-type=ATG, RBS-motif=GGAG/GAGG
11:40:03.081 - INFO - CDS - seq=contig_30, start=70065, stop=70985, strand=+, frame=3, truncated=no, start-type=ATG, RBS-motif=GGAG/GAGG
11:40:03.081 - INFO - CDS - seq=contig_30, start=71198, stop=71683, strand=+, frame=2, truncated=no, start-type=ATG, RBS-motif=None
11:40:03.081 - INFO - CDS - seq=contig_30, start=71684, stop=72154, strand=+, frame=2, truncated=no, start-type=ATG, RBS-motif=GGAGG
11:40:03.081 - INFO - CDS - seq=contig_30, start=72184, stop=73077, strand=+, frame=1, truncated=no, start-type=ATG, RBS-motif=GGAG/GAGG
11:40:03.081 - INFO - CDS - seq=contig_30, start=73084, stop=73302, strand=+, frame=1, truncated=no, start-type=ATG, RBS-motif=GGAG/GAGG
11:40:03.081 - INFO - CDS - seq=contig_30, start=73311, stop=73715, strand=+, frame=3, truncated=no, start-type=ATG, RBS-motif=GGAG/GAGG
11:40:03.081 - INFO - CDS - seq=contig_30, start=328, stop=1596, strand=-, nt=[ATGACAGTCA..GTTAATTTAA]
11:40:03.081 - INFO - CDS - seq=contig_30, start=1611, stop=2183, strand=-, nt=[ATGGCAGCAA..ATCACTTTAA]
11:40:03.081 - INFO - CDS - seq=contig_30, start=2184, stop=3554, strand=-, nt=[ATGGGTCAAA..GGTTGTTTAA]
11:40:03.081 - INFO - CDS - seq=contig_30, start=3568, stop=4614, strand=-, nt=[ATGACTTATA..GAATCACTAA]
11:40:03.082 - INFO - CDS - seq=contig_30, start=4617, stop=6146, strand=-, nt=[ATGAGTAGTC..AGGTAATTAA]
11:40:03.082 - INFO - CDS - seq=contig_30, start=6160, stop=7179, strand=-, nt=[ATGACAACAG..CCTACAATGA]
11:40:03.082 - INFO - CDS - seq=contig_30, start=7316, stop=7570, strand=-, nt=[ATGACAAGAA..CGAAGCTTAA]
11:40:03.082 - INFO - CDS - seq=contig_30, start=7570, stop=9339, strand=-, nt=[ATGTCTAAAA..GGGCTTATAA]
11:40:03.082 - INFO - CDS - seq=contig_30, start=9367, stop=11055, strand=-, nt=[ATGCGAAGCG..TTTAATTTAA]
11:40:03.082 - INFO - CDS - seq=contig_30, start=11533, stop=12027, strand=+, nt=[ATGAATGAAA..TGCTCATTGA]
11:40:03.082 - INFO - CDS - seq=contig_30, start=12008, stop=12670, strand=+, nt=[ATGAATTCGC..GAACAATTAA]
11:40:03.082 - INFO - CDS - seq=contig_30, start=12643, stop=13107, strand=+, nt=[TTGGATCAAC..AAATGACTAA]
11:40:03.082 - INFO - CDS - seq=contig_30, start=13100, stop=14125, strand=+, nt=[ATGACTAAAG..TGCAGAATAA]
11:40:03.082 - INFO - CDS - seq=contig_30, start=14440, stop=16050, strand=-, nt=[ATGAGCACAA..CAATGGTTAG]
11:40:03.082 - INFO - CDS - seq=contig_30, start=16412, stop=18340, strand=-, nt=[ATGATACTTT..AAAACTATAA]
11:40:03.083 - INFO - CDS - seq=contig_30, start=18593, stop=19228, strand=+, nt=[ATGAGTGACC..CAGTGAATAA]
11:40:03.083 - INFO - CDS - seq=contig_30, start=19532, stop=20611, strand=+, nt=[ATGTGGATGA..AATAGTATAG]
11:40:03.083 - INFO - CDS - seq=contig_30, start=20671, stop=20895, strand=+, nt=[ATGATACACG..AAAAGTTTAA]
11:40:03.083 - INFO - CDS - seq=contig_30, start=21103, stop=22353, strand=+, nt=[ATGAATCTTA..TCGATATTAG]
11:40:03.083 - INFO - CDS - seq=contig_30, start=22536, stop=23486, strand=+, nt=[ATGAAAAATA..TAATATTTAG]
11:40:03.083 - INFO - CDS - seq=contig_30, start=23635, stop=25119, strand=+, nt=[ATGACCGAAT..ACATAAATGA]
11:40:03.083 - INFO - CDS - seq=contig_30, start=25116, stop=26075, strand=+, nt=[ATGAGACGTC..AGCATTTTAA]
11:40:03.083 - INFO - CDS - seq=contig_30, start=26444, stop=27160, strand=-, nt=[ATGAAAATTT..AAAAATATAA]
11:40:03.083 - INFO - CDS - seq=contig_30, start=27179, stop=28462, strand=-, nt=[ATGGAAACAA..TAACAACTAG]
11:40:03.083 - INFO - CDS - seq=contig_30, start=28492, stop=28635, strand=-, nt=[ATGAATACAC..CGACAAATAG]
11:40:03.083 - INFO - CDS - seq=contig_30, start=28638, stop=29255, strand=-, nt=[ATGATAAAAG..GGAGGATTAA]
11:40:03.083 - INFO - CDS - seq=contig_30, start=29437, stop=29571, strand=+, nt=[ATGAGTTGTT..TAAAAAATAA]
11:40:03.084 - INFO - CDS - seq=contig_30, start=30171, stop=30956, strand=-, nt=[ATGAAAGTCC..GTATAAATAA]
11:40:03.084 - INFO - CDS - seq=contig_30, start=31317, stop=31943, strand=-, nt=[ATGGGCTTAT..AAAAAAATAA]
11:40:03.084 - INFO - CDS - seq=contig_30, start=32140, stop=33321, strand=+, nt=[ATGTCATATC..GCGACGATAA]
11:40:03.084 - INFO - CDS - seq=contig_30, start=33346, stop=34089, strand=-, nt=[ATGACAAGAT..TATTCCATAA]
11:40:03.084 - INFO - CDS - seq=contig_30, start=34264, stop=34548, strand=+, nt=[ATGCTAAAAC..AATTGAATAA]
11:40:03.084 - INFO - CDS - seq=contig_30, start=34624, stop=36240, strand=+, nt=[ATGGTTAAAC..AATGATGTAA]
11:40:03.084 - INFO - CDS - seq=contig_30, start=36309, stop=37481, strand=-, nt=[ATGGCATCAT..TTTATTTTAA]
11:40:03.084 - INFO - CDS - seq=contig_30, start=37495, stop=38217, strand=-, nt=[TTGAAATTCA..TATCAATTAA]
11:40:03.084 - INFO - CDS - seq=contig_30, start=38370, stop=38576, strand=+, nt=[TTGAAAAATA..GGAGGTATAA]
11:40:03.084 - INFO - CDS - seq=contig_30, start=38580, stop=38897, strand=+, nt=[ATGTTCAATA..AAGTCAATGA]
11:40:03.084 - INFO - CDS - seq=contig_30, start=38894, stop=39040, strand=+, nt=[ATGAAAATAT..AAATGAATAA]
11:40:03.085 - INFO - CDS - seq=contig_30, start=39033, stop=39218, strand=+, nt=[ATGAATAATG..TAAAGAATAA]
11:40:03.085 - INFO - CDS - seq=contig_30, start=39246, stop=39563, strand=+, nt=[ATGAATTGGG..TACAGAGTAA]
11:40:03.085 - INFO - CDS - seq=contig_30, start=39630, stop=40499, strand=+, nt=[ATGAATGAAA..AAGCAGTTAG]
11:40:03.085 - INFO - CDS - seq=contig_30, start=40516, stop=41985, strand=+, nt=[TTGGAAAATG..ACAAAAATAA]
11:40:03.085 - INFO - CDS - seq=contig_30, start=42271, stop=42633, strand=+, nt=[ATGAATAAAA..GTGTGTCTAA]
11:40:03.085 - INFO - CDS - seq=contig_30, start=42635, stop=42919, strand=+, nt=[ATGAATGACA..AACGCAATGA]
11:40:03.086 - INFO - CDS - seq=contig_30, start=42916, stop=43557, strand=+, nt=[ATGAACATAG..GAATAAGTAA]
11:40:03.086 - INFO - CDS - seq=contig_30, start=44093, stop=44434, strand=+, nt=[ATGGAAAGTA..TGAAGTGTAA]
11:40:03.086 - INFO - CDS - seq=contig_30, start=44465, stop=45118, strand=+, nt=[ATGACAACTA..TAACGCTTAA]
11:40:03.086 - INFO - CDS - seq=contig_30, start=45171, stop=45698, strand=+, nt=[ATGAAACTGC..AGTGGTGTAA]
11:40:03.086 - INFO - CDS - seq=contig_30, start=45701, stop=46042, strand=+, nt=[ATGGATAAAC..GATAGAATGA]
11:40:03.086 - INFO - CDS - seq=contig_30, start=46039, stop=46608, strand=+, nt=[ATGAGTGAGT..AGAGGATTAA]
11:40:03.086 - INFO - CDS - seq=contig_30, start=46823, stop=47395, strand=+, nt=[ATGTGCACAA..GGTAACTTAA]
11:40:03.086 - INFO - CDS - seq=contig_30, start=47416, stop=47712, strand=+, nt=[ATGGGTTTGA..AGTAGCGTAA]
11:40:03.086 - INFO - CDS - seq=contig_30, start=47712, stop=48152, strand=+, nt=[ATGGCTAGTA..TAAAAAATAG]
11:40:03.087 - INFO - CDS - seq=contig_30, start=48458, stop=49216, strand=+, nt=[ATGAATAATA..AGATAAATAA]
11:40:03.087 - INFO - CDS - seq=contig_30, start=50142, stop=51056, strand=+, nt=[ATGAAAAGAT..ATCTCACTAG]
11:40:03.087 - INFO - CDS - seq=contig_30, start=51114, stop=51962, strand=+, nt=[ATGAAACGAC..TCATAATTGA]
11:40:03.087 - INFO - CDS - seq=contig_30, start=52860, stop=54167, strand=-, nt=[ATGAACAAAG..TTATCTATAA]
11:40:03.087 - INFO - CDS - seq=contig_30, start=54611, stop=55834, strand=-, nt=[ATGACAACTT..AGAGAAATAA]
11:40:03.087 - INFO - CDS - seq=contig_30, start=56270, stop=57325, strand=+, nt=[ATGAAAAATA..AGAAGGATAA]
11:40:03.087 - INFO - CDS - seq=contig_30, start=57347, stop=58363, strand=+, nt=[ATGATTAAAC..AAAGAAATAA]
11:40:03.087 - INFO - CDS - seq=contig_30, start=58601, stop=59425, strand=-, nt=[ATGTATCCAA..TAGTAAATAG]
11:40:03.087 - INFO - CDS - seq=contig_30, start=59482, stop=60519, strand=-, nt=[ATGAAAACAC..AAGTATGTAA]
11:40:03.088 - INFO - CDS - seq=contig_30, start=60582, stop=60824, strand=-, nt=[ATGGAAAACT..CTATCTATAA]
11:40:03.088 - INFO - CDS - seq=contig_30, start=60835, stop=61818, strand=-, nt=[ATGAAAAAAG..GCTATTATAG]
11:40:03.088 - INFO - CDS - seq=contig_30, start=61918, stop=62100, strand=-, nt=[ATGAAAATAA..TTCATTATGA]
11:40:03.088 - INFO - CDS - seq=contig_30, start=62304, stop=62645, strand=-, nt=[ATGATCAAAA..TAAAGAATAA]
11:40:03.088 - INFO - CDS - seq=contig_30, start=62651, stop=63583, strand=-, nt=[ATGAAAAAAT..AAAGGAATAA]
11:40:03.088 - INFO - CDS - seq=contig_30, start=63599, stop=64312, strand=-, nt=[ATGAACAAAG..TATTTTATAA]
11:40:03.088 - INFO - CDS - seq=contig_30, start=64446, stop=64709, strand=+, nt=[ATGAAAACAT..AACATCTTAA]
11:40:03.088 - INFO - CDS - seq=contig_30, start=64725, stop=64940, strand=+, nt=[ATGAACATTC..AGATTATTAA]
11:40:03.088 - INFO - CDS - seq=contig_30, start=64929, stop=65258, strand=-, nt=[ATGACTGATG..AATAATCTAA]
11:40:03.088 - INFO - CDS - seq=contig_30, start=65309, stop=66061, strand=+, nt=[ATGCAAGCAT..AACATCTTAA]
11:40:03.089 - INFO - CDS - seq=contig_30, start=66077, stop=66274, strand=+, nt=[ATGCAAGCTC..GTTAGATTAA]
11:40:03.089 - INFO - CDS - seq=contig_30, start=66261, stop=66641, strand=-, nt=[ATGAAATTAG..TCTAACTTAA]
11:40:03.089 - INFO - CDS - seq=contig_30, start=66696, stop=67019, strand=+, nt=[ATGCCACATA..CAACAAATGA]
11:40:03.089 - INFO - CDS - seq=contig_30, start=67016, stop=67177, strand=+, nt=[ATGAGTAAAA..TGAAGAATAA]
11:40:03.089 - INFO - CDS - seq=contig_30, start=67272, stop=67574, strand=+, nt=[ATGACTAAAA..GGAGGACTAA]
11:40:03.089 - INFO - CDS - seq=contig_30, start=67579, stop=67839, strand=+, nt=[ATGTATTACA..GAAATGGTAG]
11:40:03.089 - INFO - CDS - seq=contig_30, start=67848, stop=68111, strand=+, nt=[ATGAGAGATA..AGGAGCATGA]
11:40:03.089 - INFO - CDS - seq=contig_30, start=68120, stop=70063, strand=+, nt=[ATGAAAATAA..GACTATATAA]
11:40:03.089 - INFO - CDS - seq=contig_30, start=70065, stop=70985, strand=+, nt=[ATGACTGAAA..GCCATTTTAA]
11:40:03.089 - INFO - CDS - seq=contig_30, start=71198, stop=71683, strand=+, nt=[ATGACTGCTG..AGGTTTATAA]
11:40:03.089 - INFO - CDS - seq=contig_30, start=71684, stop=72154, strand=+, nt=[ATGCTAAACA..ACCATTCTAA]
11:40:03.090 - INFO - CDS - seq=contig_30, start=72184, stop=73077, strand=+, nt=[ATGACTGGTT..ATGGGAGTGA]
11:40:03.090 - INFO - CDS - seq=contig_30, start=73084, stop=73302, strand=+, nt=[ATGGATGCAT..ATATATATGA]
11:40:03.090 - INFO - CDS - seq=contig_30, start=73311, stop=73715, strand=+, nt=[ATGGAGATAG..AGAAATATAA]
11:40:03.090 - INFO - CDS - seq=contig_31, start=132, stop=287, strand=+, frame=3, truncated=no, start-type=ATG, RBS-motif=None
11:40:03.090 - INFO - CDS - seq=contig_31, start=132, stop=287, strand=+, nt=[ATGAGTACTA..AAATAAATAA]
11:40:03.090 - INFO - CDS - seq=contig_32, start=188, stop=343, strand=+, frame=2, truncated=no, start-type=ATG, RBS-motif=None
11:40:03.090 - INFO - CDS - seq=contig_32, start=464, stop=1936, strand=+, frame=2, truncated=no, start-type=ATG, RBS-motif=GGAG/GAGG
11:40:03.090 - INFO - CDS - seq=contig_32, start=2061, stop=3551, strand=-, frame=3, truncated=no, start-type=ATG, RBS-motif=None
11:40:03.090 - INFO - CDS - seq=contig_32, start=3833, stop=4711, strand=-, frame=1, truncated=no, start-type=ATG, RBS-motif=GGAGG
11:40:03.090 - INFO - CDS - seq=contig_32, start=4724, stop=5389, strand=-, frame=1, truncated=no, start-type=ATG, RBS-motif=AGGAGG
11:40:03.091 - INFO - CDS - seq=contig_32, start=5403, stop=5765, strand=-, frame=3, truncated=no, start-type=GTG, RBS-motif=AGGAG
11:40:03.091 - INFO - CDS - seq=contig_32, start=6041, stop=6799, strand=+, frame=2, truncated=no, start-type=ATG, RBS-motif=GGAGG
11:40:03.091 - INFO - CDS - seq=contig_32, start=6876, stop=7508, strand=+, frame=3, truncated=no, start-type=GTG, RBS-motif=AGGA
11:40:03.091 - INFO - CDS - seq=contig_32, start=7510, stop=8058, strand=+, frame=1, truncated=no, start-type=ATG, RBS-motif=GGA/GAG/AGG
11:40:03.091 - INFO - CDS - seq=contig_32, start=8171, stop=8818, strand=+, frame=2, truncated=no, start-type=TTG, RBS-motif=GGA/GAG/AGG
11:40:03.091 - INFO - CDS - seq=contig_32, start=9320, stop=10720, strand=+, frame=2, truncated=no, start-type=ATG, RBS-motif=AGGA/GGAG/GAGG
11:40:03.091 - INFO - CDS - seq=contig_32, start=11264, stop=12640, strand=+, frame=2, truncated=no, start-type=ATG, RBS-motif=GGAG/GAGG
11:40:03.091 - INFO - CDS - seq=contig_32, start=12642, stop=13781, strand=+, frame=3, truncated=no, start-type=ATG, RBS-motif=AGGA/GGAG/GAGG
11:40:03.091 - INFO - CDS - seq=contig_32, start=13756, stop=14121, strand=+, frame=1, truncated=no, start-type=ATG, RBS-motif=GGAGG
11:40:03.092 - INFO - CDS - seq=contig_32, start=14124, stop=14393, strand=+, frame=3, truncated=no, start-type=ATG, RBS-motif=3Base/5BMM
11:40:03.092 - INFO - CDS - seq=contig_32, start=14594, stop=14761, strand=-, frame=1, truncated=no, start-type=ATG, RBS-motif=AGGAGG
11:40:03.092 - INFO - CDS - seq=contig_32, start=15268, stop=16098, strand=-, frame=2, truncated=no, start-type=ATG, RBS-motif=AGGAG
11:40:03.092 - INFO - CDS - seq=contig_32, start=16282, stop=16938, strand=+, frame=1, truncated=no, start-type=ATG, RBS-motif=GGAG/GAGG
11:40:03.092 - INFO - CDS - seq=contig_32, start=16939, stop=17319, strand=+, frame=1, truncated=no, start-type=ATG, RBS-motif=GGAG/GAGG
11:40:03.093 - INFO - CDS - seq=contig_32, start=17452, stop=17820, strand=+, frame=1, truncated=no, start-type=ATG, RBS-motif=AGGAG
11:40:03.093 - INFO - CDS - seq=contig_32, start=17941, stop=19425, strand=+, frame=1, truncated=no, start-type=ATG, RBS-motif=GGA/GAG/AGG
11:40:03.093 - INFO - CDS - seq=contig_32, start=19566, stop=20018, strand=-, frame=3, truncated=no, start-type=ATG, RBS-motif=AGGAG
11:40:03.093 - INFO - CDS - seq=contig_32, start=20031, stop=20795, strand=-, frame=3, truncated=no, start-type=ATG, RBS-motif=None
11:40:03.093 - INFO - CDS - seq=contig_32, start=21344, stop=22096, strand=-, frame=1, truncated=no, start-type=ATG, RBS-motif=AGGAG
11:40:03.093 - INFO - CDS - seq=contig_32, start=22264, stop=23250, strand=+, frame=1, truncated=no, start-type=ATG, RBS-motif=AGGAGG
11:40:03.093 - INFO - CDS - seq=contig_32, start=23253, stop=24089, strand=+, frame=3, truncated=no, start-type=ATG, RBS-motif=None
11:40:03.093 - INFO - CDS - seq=contig_32, start=24676, stop=25596, strand=+, frame=1, truncated=no, start-type=ATG, RBS-motif=GGA/GAG/AGG
11:40:03.094 - INFO - CDS - seq=contig_32, start=25601, stop=26584, strand=+, frame=2, truncated=no, start-type=TTG, RBS-motif=AGGAGG
11:40:03.094 - INFO - CDS - seq=contig_32, start=26597, stop=27673, strand=+, frame=2, truncated=no, start-type=ATG, RBS-motif=AGGA
11:40:03.094 - INFO - CDS - seq=contig_32, start=27850, stop=28191, strand=+, frame=1, truncated=no, start-type=ATG, RBS-motif=AGxAGG/AGGxGG
11:40:03.094 - INFO - CDS - seq=contig_32, start=28243, stop=29565, strand=-, frame=2, truncated=no, start-type=ATG, RBS-motif=AGGAGG
11:40:03.094 - INFO - CDS - seq=contig_32, start=29552, stop=29992, strand=-, frame=1, truncated=no, start-type=TTG, RBS-motif=GGAG/GAGG
11:40:03.094 - INFO - CDS - seq=contig_32, start=30617, stop=32011, strand=+, frame=2, truncated=no, start-type=ATG, RBS-motif=AGGAG
11:40:03.094 - INFO - CDS - seq=contig_32, start=32015, stop=32647, strand=+, frame=2, truncated=no, start-type=TTG, RBS-motif=GGAG/GAGG
11:40:03.094 - INFO - CDS - seq=contig_32, start=32694, stop=33314, strand=+, frame=3, truncated=no, start-type=TTG, RBS-motif=AGxAGG/AGGxGG
11:40:03.094 - INFO - CDS - seq=contig_32, start=33454, stop=34086, strand=+, frame=1, truncated=no, start-type=TTG, RBS-motif=GGA/GAG/AGG
11:40:03.094 - INFO - CDS - seq=contig_32, start=34534, stop=35472, strand=+, frame=1, truncated=no, start-type=ATG, RBS-motif=AGGAG
11:40:03.094 - INFO - CDS - seq=contig_32, start=35918, stop=36454, strand=+, frame=2, truncated=no, start-type=ATG, RBS-motif=GGAG/GAGG
11:40:03.095 - INFO - CDS - seq=contig_32, start=36622, stop=37098, strand=+, frame=1, truncated=no, start-type=ATG, RBS-motif=GGAG/GAGG
11:40:03.095 - INFO - CDS - seq=contig_32, start=37138, stop=38433, strand=+, frame=1, truncated=no, start-type=ATG, RBS-motif=AGGAGG
11:40:03.095 - INFO - CDS - seq=contig_32, start=38476, stop=38982, strand=+, frame=1, truncated=no, start-type=TTG, RBS-motif=GGAGG
11:40:03.095 - INFO - CDS - seq=contig_32, start=39481, stop=40491, strand=+, frame=1, truncated=no, start-type=ATG, RBS-motif=AGGAGG
11:40:03.095 - INFO - CDS - seq=contig_32, start=40767, stop=41183, strand=+, frame=3, truncated=no, start-type=TTG, RBS-motif=GGA/GAG/AGG
11:40:03.095 - INFO - CDS - seq=contig_32, start=41180, stop=42841, strand=+, frame=2, truncated=no, start-type=ATG, RBS-motif=AGGAG
11:40:03.095 - INFO - CDS - seq=contig_32, start=43111, stop=43746, strand=+, frame=1, truncated=no, start-type=ATG, RBS-motif=AGGAGG
11:40:03.095 - INFO - CDS - seq=contig_32, start=43998, stop=44885, strand=+, frame=3, truncated=no, start-type=GTG, RBS-motif=AGGAG
11:40:03.095 - INFO - CDS - seq=contig_32, start=44998, stop=45984, strand=+, frame=1, truncated=no, start-type=ATG, RBS-motif=3Base/5BMM
11:40:03.095 - INFO - CDS - seq=contig_32, start=46039, stop=46758, strand=+, frame=1, truncated=no, start-type=ATG, RBS-motif=GGAG/GAGG
11:40:03.096 - INFO - CDS - seq=contig_32, start=46742, stop=47542, strand=+, frame=2, truncated=no, start-type=ATG, RBS-motif=AGGAG
11:40:03.096 - INFO - CDS - seq=contig_32, start=47678, stop=48184, strand=+, frame=2, truncated=no, start-type=ATG, RBS-motif=AGGAG
11:40:03.096 - INFO - CDS - seq=contig_32, start=48346, stop=49062, strand=+, frame=1, truncated=no, start-type=ATG, RBS-motif=AGGAG
11:40:03.096 - INFO - CDS - seq=contig_32, start=49231, stop=50019, strand=+, frame=1, truncated=no, start-type=ATG, RBS-motif=GGAGG
11:40:03.096 - INFO - CDS - seq=contig_32, start=50271, stop=50645, strand=-, frame=3, truncated=no, start-type=ATG, RBS-motif=GGAGG
11:40:03.096 - INFO - CDS - seq=contig_32, start=51593, stop=52522, strand=-, frame=1, truncated=no, start-type=ATG, RBS-motif=GGA/GAG/AGG
11:40:03.096 - INFO - CDS - seq=contig_32, start=52717, stop=52941, strand=-, frame=2, truncated=no, start-type=ATG, RBS-motif=AGGAGG
11:40:03.096 - INFO - CDS - seq=contig_32, start=52958, stop=53161, strand=-, frame=1, truncated=no, start-type=ATG, RBS-motif=AGGAGG
11:40:03.096 - INFO - CDS - seq=contig_32, start=53320, stop=53880, strand=+, frame=1, truncated=no, start-type=ATG, RBS-motif=GGAGG
11:40:03.096 - INFO - CDS - seq=contig_32, start=53899, stop=56301, strand=+, frame=1, truncated=no, start-type=ATG, RBS-motif=AGGAGG
11:40:03.097 - INFO - CDS - seq=contig_32, start=56288, stop=56713, strand=+, frame=2, truncated=no, start-type=ATG, RBS-motif=GGAGG
11:40:03.097 - INFO - CDS - seq=contig_32, start=56710, stop=57054, strand=+, frame=1, truncated=no, start-type=ATG, RBS-motif=GGAGG
11:40:03.097 - INFO - CDS - seq=contig_32, start=57044, stop=58540, strand=+, frame=2, truncated=no, start-type=ATG, RBS-motif=AGxAGG/AGGxGG
11:40:03.097 - INFO - CDS - seq=contig_32, start=58541, stop=59023, strand=+, frame=2, truncated=no, start-type=ATG, RBS-motif=AGGAG
11:40:03.097 - INFO - CDS - seq=contig_32, start=59020, stop=59322, strand=+, frame=1, truncated=no, start-type=ATG, RBS-motif=GGAGG
11:40:03.097 - INFO - CDS - seq=contig_32, start=59297, stop=59734, strand=+, frame=2, truncated=no, start-type=ATG, RBS-motif=GGxGG
11:40:03.097 - INFO - CDS - seq=contig_32, start=60074, stop=62116, strand=+, frame=2, truncated=no, start-type=TTG, RBS-motif=GGAG/GAGG
11:40:03.097 - INFO - CDS - seq=contig_32, start=62224, stop=63543, strand=-, frame=2, truncated=no, start-type=ATG, RBS-motif=AGGAG/GGAGG
11:40:03.097 - INFO - CDS - seq=contig_32, start=188, stop=343, strand=+, nt=[ATGAGTACTA..AAACAAATAA]
11:40:03.097 - INFO - CDS - seq=contig_32, start=464, stop=1936, strand=+, nt=[ATGAATTACA..TTTAAACTAA]
11:40:03.098 - INFO - CDS - seq=contig_32, start=2061, stop=3551, strand=-, nt=[ATGAATTATT..TCTTATATAA]
11:40:03.098 - INFO - CDS - seq=contig_32, start=3833, stop=4711, strand=-, nt=[ATGACTGAAT..TCGCAAATAA]
11:40:03.098 - INFO - CDS - seq=contig_32, start=4724, stop=5389, strand=-, nt=[ATGACTGACG..TAAATCTTAA]
11:40:03.098 - INFO - CDS - seq=contig_32, start=5403, stop=5765, strand=-, nt=[GTGTTGGAAC..TAATTTATAG]
11:40:03.098 - INFO - CDS - seq=contig_32, start=6041, stop=6799, strand=+, nt=[ATGAAAGTAT..AATGGATTGA]
11:40:03.099 - INFO - CDS - seq=contig_32, start=6876, stop=7508, strand=+, nt=[GTGGAATTAC..AGGTAAGTAA]
11:40:03.099 - INFO - CDS - seq=contig_32, start=7510, stop=8058, strand=+, nt=[ATGGCTAAAT..TTTAGAATAA]
11:40:03.099 - INFO - CDS - seq=contig_32, start=8171, stop=8818, strand=+, nt=[TTGAAGTTTG..AGTATTATAA]
11:40:03.099 - INFO - CDS - seq=contig_32, start=9320, stop=10720, strand=+, nt=[ATGGATTTTA..TAAGAATTAG]
11:40:03.099 - INFO - CDS - seq=contig_32, start=11264, stop=12640, strand=+, nt=[ATGAACGTAA..TGAATTATAA]
11:40:03.099 - INFO - CDS - seq=contig_32, start=12642, stop=13781, strand=+, nt=[ATGAATCAAG..TCGATTCTAA]
11:40:03.099 - INFO - CDS - seq=contig_32, start=13756, stop=14121, strand=+, nt=[ATGCAGCATT..GATGAAGTAG]
11:40:03.099 - INFO - CDS - seq=contig_32, start=14124, stop=14393, strand=+, nt=[ATGAAGTTTA..AAAAAAATAA]
11:40:03.099 - INFO - CDS - seq=contig_32, start=14594, stop=14761, strand=-, nt=[ATGATTATTT..AGTTAGTTAA]
11:40:03.100 - INFO - CDS - seq=contig_32, start=15268, stop=16098, strand=-, nt=[ATGGCTTTAA..AGAGGTTTAA]
11:40:03.100 - INFO - CDS - seq=contig_32, start=16282, stop=16938, strand=+, nt=[ATGGAATGGT..TGAGGCGTAG]
11:40:03.100 - INFO - CDS - seq=contig_32, start=16939, stop=17319, strand=+, nt=[ATGGTGAATA..TGATTTTTAA]
11:40:03.100 - INFO - CDS - seq=contig_32, start=17452, stop=17820, strand=+, nt=[ATGAAATTAT..TGCTGGTTAA]
11:40:03.100 - INFO - CDS - seq=contig_32, start=17941, stop=19425, strand=+, nt=[ATGGAAAAAA..AACTAAATAA]
11:40:03.100 - INFO - CDS - seq=contig_32, start=19566, stop=20018, strand=-, nt=[ATGTTTTGGA..ACGATTATAA]
11:40:03.100 - INFO - CDS - seq=contig_32, start=20031, stop=20795, strand=-, nt=[ATGGACATAA..TTTAGTATAG]
11:40:03.100 - INFO - CDS - seq=contig_32, start=21344, stop=22096, strand=-, nt=[ATGAGTCAAG..GATTTCTTAA]
11:40:03.100 - INFO - CDS - seq=contig_32, start=22264, stop=23250, strand=+, nt=[ATGGCTGATT..CTTACAATAA]
11:40:03.100 - INFO - CDS - seq=contig_32, start=23253, stop=24089, strand=+, nt=[ATGGATTTAG..AATGCAATAG]
11:40:03.101 - INFO - CDS - seq=contig_32, start=24676, stop=25596, strand=+, nt=[ATGACAAGAA..AGGAGGTTAA]
11:40:03.101 - INFO - CDS - seq=contig_32, start=25601, stop=26584, strand=+, nt=[TTGATTAAAA..AATTGAGTAA]
11:40:03.101 - INFO - CDS - seq=contig_32, start=26597, stop=27673, strand=+, nt=[ATGATTCAGG..TGGGCAATAA]
11:40:03.101 - INFO - CDS - seq=contig_32, start=27850, stop=28191, strand=+, nt=[ATGAAAAATA..ACAACAATAA]
11:40:03.101 - INFO - CDS - seq=contig_32, start=28243, stop=29565, strand=-, nt=[ATGAAAACAT..TAATTTCTAG]
11:40:03.101 - INFO - CDS - seq=contig_32, start=29552, stop=29992, strand=-, nt=[TTGAATTTAG..AAACATATGA]
11:40:03.101 - INFO - CDS - seq=contig_32, start=30617, stop=32011, strand=+, nt=[ATGAGTATTG..GAGTTGGTAA]
11:40:03.101 - INFO - CDS - seq=contig_32, start=32015, stop=32647, strand=+, nt=[TTGCTTTGCG..TAATAAATAG]
11:40:03.101 - INFO - CDS - seq=contig_32, start=32694, stop=33314, strand=+, nt=[TTGCTGTGCG..TAAAAATTAA]
11:40:03.101 - INFO - CDS - seq=contig_32, start=33454, stop=34086, strand=+, nt=[TTGGTTTGCG..AGCTGAATAA]
11:40:03.101 - INFO - CDS - seq=contig_32, start=34534, stop=35472, strand=+, nt=[ATGAAGCAAT..TGAAGACTAA]
11:40:03.101 - INFO - CDS - seq=contig_32, start=35918, stop=36454, strand=+, nt=[ATGATTACTG..ATTGCAATAA]
11:40:03.102 - INFO - CDS - seq=contig_32, start=36622, stop=37098, strand=+, nt=[ATGTTCAAGG..AGCATTTTAA]
11:40:03.102 - INFO - CDS - seq=contig_32, start=37138, stop=38433, strand=+, nt=[ATGACTAACG..GCTTAATTAA]
11:40:03.102 - INFO - CDS - seq=contig_32, start=38476, stop=38982, strand=+, nt=[TTGTCTGAGA..ATTTAATTAA]
11:40:03.102 - INFO - CDS - seq=contig_32, start=39481, stop=40491, strand=+, nt=[ATGAGAGCAG..TAAATTTTAA]
11:40:03.102 - INFO - CDS - seq=contig_32, start=40767, stop=41183, strand=+, nt=[TTGGATAAAA..AGGCGAATGA]
11:40:03.102 - INFO - CDS - seq=contig_32, start=41180, stop=42841, strand=+, nt=[ATGAATATTA..ATCAATGTAA]
11:40:03.102 - INFO - CDS - seq=contig_32, start=43111, stop=43746, strand=+, nt=[ATGTTAGGAA..TAAAAAGTAA]
11:40:03.102 - INFO - CDS - seq=contig_32, start=43998, stop=44885, strand=+, nt=[GTGAAGAAAT..TAGAAAATAA]
11:40:03.102 - INFO - CDS - seq=contig_32, start=44998, stop=45984, strand=+, nt=[ATGAATGTAA..GTTACACTAG]
11:40:03.102 - INFO - CDS - seq=contig_32, start=46039, stop=46758, strand=+, nt=[ATGGATTTGA..TATTTACTAG]
11:40:03.103 - INFO - CDS - seq=contig_32, start=46742, stop=47542, strand=+, nt=[ATGGATCTAT..GCATGTTTAA]
11:40:03.103 - INFO - CDS - seq=contig_32, start=47678, stop=48184, strand=+, nt=[ATGAAAAAGC..GGAAAAATAA]
11:40:03.103 - INFO - CDS - seq=contig_32, start=48346, stop=49062, strand=+, nt=[ATGCGTATTA..AAGATTATAA]
11:40:03.103 - INFO - CDS - seq=contig_32, start=49231, stop=50019, strand=+, nt=[ATGAATAAAG..CGTATCATAA]
11:40:03.103 - INFO - CDS - seq=contig_32, start=50271, stop=50645, strand=-, nt=[ATGGCAATTA..TGAACTATAA]
11:40:03.103 - INFO - CDS - seq=contig_32, start=51593, stop=52522, strand=-, nt=[ATGCTTCTTT..ATTATTTTAA]
11:40:03.103 - INFO - CDS - seq=contig_32, start=52717, stop=52941, strand=-, nt=[ATGACTAAAA..TAAGAAATAG]
11:40:03.103 - INFO - CDS - seq=contig_32, start=52958, stop=53161, strand=-, nt=[ATGAGTAAAA..ATCAATTTAA]
11:40:03.103 - INFO - CDS - seq=contig_32, start=53320, stop=53880, strand=+, nt=[ATGAATAAAG..ACAATTATAG]
11:40:03.103 - INFO - CDS - seq=contig_32, start=53899, stop=56301, strand=+, nt=[ATGAGTTTGG..AAGAGAATGA]
11:40:03.103 - INFO - CDS - seq=contig_32, start=56288, stop=56713, strand=+, nt=[ATGAAAGAGA..TCGATCATGA]
11:40:03.103 - INFO - CDS - seq=contig_32, start=56710, stop=57054, strand=+, nt=[ATGAATTTAA..TGCTAAGTAA]
11:40:03.104 - INFO - CDS - seq=contig_32, start=57044, stop=58540, strand=+, nt=[ATGCTAAGTA..AGAGGACTAA]
11:40:03.104 - INFO - CDS - seq=contig_32, start=58541, stop=59023, strand=+, nt=[ATGAATCAAA..GTCGCGATGA]
11:40:03.104 - INFO - CDS - seq=contig_32, start=59020, stop=59322, strand=+, nt=[ATGATACAAA..AAATCTTTAG]
11:40:03.104 - INFO - CDS - seq=contig_32, start=59297, stop=59734, strand=+, nt=[ATGGAAATAA..AAACGATTGA]
11:40:03.104 - INFO - CDS - seq=contig_32, start=60074, stop=62116, strand=+, nt=[TTGGAAATAT..TATGACGTAG]
11:40:03.105 - INFO - CDS - seq=contig_32, start=62224, stop=63543, strand=-, nt=[ATGTGTAATG..GGCCGCCTAA]
11:40:03.105 - INFO - CDS - seq=contig_33, start=3047, stop=3730, strand=-, frame=2, truncated=no, start-type=GTG, RBS-motif=None
11:40:03.105 - INFO - CDS - seq=contig_33, start=3047, stop=3730, strand=-, nt=[GTGCCACAAA..CAAAGCATAA]
11:40:03.105 - INFO - CDS - seq=contig_34, start=895, stop=1491, strand=-, frame=3, truncated=no, start-type=ATG, RBS-motif=GGA/GAG/AGG
11:40:03.105 - INFO - CDS - seq=contig_34, start=1498, stop=1815, strand=-, frame=3, truncated=no, start-type=ATG, RBS-motif=AGGAGG
11:40:03.105 - INFO - CDS - seq=contig_34, start=1905, stop=3602, strand=-, frame=1, truncated=no, start-type=TTG, RBS-motif=GGAGG
11:40:03.105 - INFO - CDS - seq=contig_34, start=3671, stop=4195, strand=-, frame=2, truncated=no, start-type=ATG, RBS-motif=GGAG/GAGG
11:40:03.105 - INFO - CDS - seq=contig_34, start=4838, stop=5566, strand=-, frame=2, truncated=no, start-type=ATG, RBS-motif=GGA/GAG/AGG
11:40:03.106 - INFO - CDS - seq=contig_34, start=5591, stop=7231, strand=-, frame=2, truncated=no, start-type=GTG, RBS-motif=AGxAGG/AGGxGG
11:40:03.106 - INFO - CDS - seq=contig_34, start=7295, stop=8722, strand=-, frame=2, truncated=no, start-type=ATG, RBS-motif=GGAG/GAGG
11:40:03.106 - INFO - CDS - seq=contig_34, start=9552, stop=11015, strand=-, frame=1, truncated=no, start-type=ATG, RBS-motif=GGAG/GAGG
11:40:03.106 - INFO - CDS - seq=contig_34, start=11033, stop=15532, strand=-, frame=2, truncated=no, start-type=ATG, RBS-motif=GGA/GAG/AGG
11:40:03.106 - INFO - CDS - seq=contig_34, start=15713, stop=16597, strand=+, frame=2, truncated=no, start-type=ATG, RBS-motif=AGGAG(G)/GGAGG
11:40:03.106 - INFO - CDS - seq=contig_34, start=16718, stop=17830, strand=+, frame=2, truncated=no, start-type=TTG, RBS-motif=None
11:40:03.106 - INFO - CDS - seq=contig_34, start=17827, stop=18609, strand=+, frame=1, truncated=no, start-type=ATG, RBS-motif=AGGAGG
11:40:03.106 - INFO - CDS - seq=contig_34, start=18778, stop=19263, strand=-, frame=3, truncated=no, start-type=ATG, RBS-motif=GGxGG
11:40:03.106 - INFO - CDS - seq=contig_34, start=19253, stop=19648, strand=-, frame=2, truncated=no, start-type=ATG, RBS-motif=None
11:40:03.106 - INFO - CDS - seq=contig_34, start=19797, stop=20066, strand=+, frame=3, truncated=no, start-type=ATG, RBS-motif=AGxAGG/AGGxGG
11:40:03.107 - INFO - CDS - seq=contig_34, start=20251, stop=21255, strand=-, frame=3, truncated=no, start-type=GTG, RBS-motif=AGGAGG
11:40:03.107 - INFO - CDS - seq=contig_34, start=21587, stop=22429, strand=-, frame=2, truncated=no, start-type=ATG, RBS-motif=AGGA
11:40:03.107 - INFO - CDS - seq=contig_34, start=22466, stop=23125, strand=-, frame=2, truncated=no, start-type=ATG, RBS-motif=AGGAGG
11:40:03.107 - INFO - CDS - seq=contig_34, start=23129, stop=24154, strand=-, frame=2, truncated=no, start-type=ATG, RBS-motif=AGGAGG
11:40:03.107 - INFO - CDS - seq=contig_34, start=24449, stop=25591, strand=-, frame=2, truncated=no, start-type=ATG, RBS-motif=AGGAG
11:40:03.107 - INFO - CDS - seq=contig_34, start=25584, stop=26489, strand=-, frame=1, truncated=no, start-type=ATG, RBS-motif=GGAG/GAGG
11:40:03.107 - INFO - CDS - seq=contig_34, start=26706, stop=28043, strand=-, frame=1, truncated=no, start-type=ATG, RBS-motif=AGGAG
11:40:03.107 - INFO - CDS - seq=contig_34, start=28415, stop=29149, strand=-, frame=2, truncated=no, start-type=ATG, RBS-motif=AGGAG/GGAGG
11:40:03.107 - INFO - CDS - seq=contig_34, start=29186, stop=29860, strand=-, frame=2, truncated=no, start-type=ATG, RBS-motif=AGGAG
11:40:03.107 - INFO - CDS - seq=contig_34, start=30543, stop=30905, strand=-, frame=1, truncated=no, start-type=ATG, RBS-motif=GGAG/GAGG
11:40:03.108 - INFO - CDS - seq=contig_34, start=31067, stop=33772, strand=-, frame=2, truncated=no, start-type=ATG, RBS-motif=AGGAGG
11:40:03.108 - INFO - CDS - seq=contig_34, start=33785, stop=35269, strand=-, frame=2, truncated=no, start-type=GTG, RBS-motif=AGGAGG
11:40:03.108 - INFO - CDS - seq=contig_34, start=36857, stop=38059, strand=-, frame=2, truncated=no, start-type=ATG, RBS-motif=GGAG/GAGG
11:40:03.108 - INFO - CDS - seq=contig_34, start=38244, stop=38438, strand=+, frame=3, truncated=no, start-type=ATG, RBS-motif=GGAG/GAGG
11:40:03.108 - INFO - CDS - seq=contig_34, start=38727, stop=39041, strand=-, frame=1, truncated=no, start-type=ATG, RBS-motif=GGAGG
11:40:03.108 - INFO - CDS - seq=contig_34, start=39060, stop=39383, strand=-, frame=1, truncated=no, start-type=ATG, RBS-motif=AGxAGG/AGGxGG
11:40:03.108 - INFO - CDS - seq=contig_34, start=39380, stop=40705, strand=-, frame=2, truncated=no, start-type=ATG, RBS-motif=AGxAGG/AGGxGG
11:40:03.108 - INFO - CDS - seq=contig_34, start=40695, stop=41510, strand=-, frame=1, truncated=no, start-type=ATG, RBS-motif=GGA/GAG/AGG
11:40:03.108 - INFO - CDS - seq=contig_34, start=41902, stop=42471, strand=-, frame=3, truncated=no, start-type=ATG, RBS-motif=AGGA/GGAG/GAGG
11:40:03.109 - INFO - CDS - seq=contig_34, start=42490, stop=43290, strand=-, frame=3, truncated=no, start-type=ATG, RBS-motif=GGA/GAG/AGG
11:40:03.109 - INFO - CDS - seq=contig_34, start=43342, stop=44136, strand=-, frame=3, truncated=no, start-type=ATG, RBS-motif=GGA/GAG/AGG
11:40:03.109 - INFO - CDS - seq=contig_34, start=44193, stop=44975, strand=-, frame=1, truncated=no, start-type=ATG, RBS-motif=GGAGG
11:40:03.109 - INFO - CDS - seq=contig_34, start=44994, stop=45779, strand=-, frame=1, truncated=no, start-type=ATG, RBS-motif=GGA/GAG/AGG
11:40:03.109 - INFO - CDS - seq=contig_34, start=45840, stop=46601, strand=-, frame=1, truncated=no, start-type=ATG, RBS-motif=None
11:40:03.109 - INFO - CDS - seq=contig_34, start=46646, stop=47434, strand=-, frame=2, truncated=no, start-type=ATG, RBS-motif=GGA/GAG/AGG
11:40:03.109 - INFO - CDS - seq=contig_34, start=47479, stop=48273, strand=-, frame=3, truncated=no, start-type=ATG, RBS-motif=AGGA
11:40:03.109 - INFO - CDS - seq=contig_34, start=48304, stop=49107, strand=-, frame=3, truncated=no, start-type=ATG, RBS-motif=GGA/GAG/AGG
11:40:03.109 - INFO - CDS - seq=contig_34, start=49444, stop=49752, strand=+, frame=1, truncated=no, start-type=ATG, RBS-motif=AGGAG
11:40:03.109 - INFO - CDS - seq=contig_34, start=49861, stop=51348, strand=-, frame=3, truncated=no, start-type=ATG, RBS-motif=GGAG/GAGG
11:40:03.110 - INFO - CDS - seq=contig_34, start=51370, stop=52053, strand=-, frame=3, truncated=no, start-type=ATG, RBS-motif=GGAG/GAGG
11:40:03.110 - INFO - CDS - seq=contig_34, start=52436, stop=53647, strand=-, frame=2, truncated=no, start-type=ATG, RBS-motif=None
11:40:03.110 - INFO - CDS - seq=contig_34, start=53640, stop=55196, strand=-, frame=1, truncated=no, start-type=ATG, RBS-motif=GGAGG
11:40:03.110 - INFO - CDS - seq=contig_34, start=55460, stop=56143, strand=-, frame=2, truncated=no, start-type=ATG, RBS-motif=GGAG/GAGG
11:40:03.110 - INFO - CDS - seq=contig_34, start=56509, stop=57207, strand=-, frame=3, truncated=no, start-type=ATG, RBS-motif=GGAG/GAGG
11:40:03.110 - INFO - CDS - seq=contig_34, start=57584, stop=58282, strand=-, frame=2, truncated=no, start-type=ATG, RBS-motif=GGAG/GAGG
11:40:03.110 - INFO - CDS - seq=contig_34, start=58621, stop=59316, strand=-, frame=3, truncated=no, start-type=ATG, RBS-motif=GGAG/GAGG
11:40:03.111 - INFO - CDS - seq=contig_34, start=59762, stop=60466, strand=-, frame=2, truncated=no, start-type=ATG, RBS-motif=GGAG/GAGG
11:40:03.111 - INFO - CDS - seq=contig_34, start=60830, stop=61708, strand=-, frame=2, truncated=no, start-type=ATG, RBS-motif=GGAG/GAGG
11:40:03.111 - INFO - CDS - seq=contig_34, start=62072, stop=63142, strand=-, frame=2, truncated=no, start-type=ATG, RBS-motif=GGAG/GAGG
11:40:03.111 - INFO - CDS - seq=contig_34, start=63433, stop=64128, strand=-, frame=3, truncated=no, start-type=ATG, RBS-motif=GGAG/GAGG
11:40:03.111 - INFO - CDS - seq=contig_34, start=64414, stop=65094, strand=-, frame=3, truncated=no, start-type=ATG, RBS-motif=None
11:40:03.111 - INFO - CDS - seq=contig_34, start=65566, stop=66411, strand=+, frame=1, truncated=no, start-type=ATG, RBS-motif=AGGAG
11:40:03.112 - INFO - CDS - seq=contig_34, start=66430, stop=66789, strand=+, frame=1, truncated=no, start-type=GTG, RBS-motif=AGGAG
11:40:03.112 - INFO - CDS - seq=contig_34, start=67321, stop=67473, strand=+, frame=1, truncated=no, start-type=ATG, RBS-motif=AGGAG
11:40:03.112 - INFO - CDS - seq=contig_34, start=67734, stop=68006, strand=+, frame=3, truncated=no, start-type=ATG, RBS-motif=AGxAG
11:40:03.112 - INFO - CDS - seq=contig_34, start=68405, stop=69109, strand=+, frame=2, truncated=no, start-type=ATG, RBS-motif=AGGAG/GGAGG
11:40:03.112 - INFO - CDS - seq=contig_34, start=69501, stop=70037, strand=+, frame=3, truncated=no, start-type=ATG, RBS-motif=AGGA
11:40:03.112 - INFO - CDS - seq=contig_34, start=70150, stop=71691, strand=-, frame=3, truncated=no, start-type=ATG, RBS-motif=AGGAG
11:40:03.112 - INFO - CDS - seq=contig_34, start=71716, stop=73182, strand=-, frame=3, truncated=no, start-type=ATG, RBS-motif=GGAGG
11:40:03.112 - INFO - CDS - seq=contig_34, start=73220, stop=74488, strand=-, frame=2, truncated=no, start-type=ATG, RBS-motif=GGAG/GAGG
11:40:03.112 - INFO - CDS - seq=contig_34, start=74488, stop=75066, strand=-, frame=3, truncated=no, start-type=GTG, RBS-motif=AGGAGG
11:40:03.113 - INFO - CDS - seq=contig_34, start=75579, stop=75986, strand=+, frame=3, truncated=no, start-type=ATG, RBS-motif=GGA/GAG/AGG
11:40:03.113 - INFO - CDS - seq=contig_34, start=76129, stop=76791, strand=+, frame=1, truncated=no, start-type=ATG, RBS-motif=GGAGG
11:40:03.113 - INFO - CDS - seq=contig_34, start=76909, stop=77865, strand=+, frame=1, truncated=no, start-type=ATG, RBS-motif=AGGA
11:40:03.113 - INFO - CDS - seq=contig_34, start=895, stop=1491, strand=-, nt=[ATGCATTATC..AGAAATGTAA]
11:40:03.113 - INFO - CDS - seq=contig_34, start=1498, stop=1815, strand=-, nt=[ATGCGCGGTG..TGGAATGTGA]
11:40:03.113 - INFO - CDS - seq=contig_34, start=1905, stop=3602, strand=-, nt=[TTGAATTATC..TGAAGAGTGA]
11:40:03.113 - INFO - CDS - seq=contig_34, start=3671, stop=4195, strand=-, nt=[ATGCAAATAT..TTTTTATTAA]
11:40:03.113 - INFO - CDS - seq=contig_34, start=4838, stop=5566, strand=-, nt=[ATGGCGAAAC..TATAAAGTAA]
11:40:03.113 - INFO - CDS - seq=contig_34, start=5591, stop=7231, strand=-, nt=[GTGTCGAAAG..AAACGCGTAA]
11:40:03.113 - INFO - CDS - seq=contig_34, start=7295, stop=8722, strand=-, nt=[ATGGCTGTAA..TGAAGATTAA]
11:40:03.114 - INFO - CDS - seq=contig_34, start=9552, stop=11015, strand=-, nt=[ATGGGTGAAT..TTGTGTATAA]
11:40:03.114 - INFO - CDS - seq=contig_34, start=11033, stop=15532, strand=-, nt=[ATGCACAATG..TGTGTATTAA]
11:40:03.114 - INFO - CDS - seq=contig_34, start=15713, stop=16597, strand=+, nt=[ATGGAAATTA..ATTCCATTAA]
11:40:03.114 - INFO - CDS - seq=contig_34, start=16718, stop=17830, strand=+, nt=[TTGAAATATA..GAAACAATGA]
11:40:03.114 - INFO - CDS - seq=contig_34, start=17827, stop=18609, strand=+, nt=[ATGAATGCTG..TATCAATTAA]
11:40:03.114 - INFO - CDS - seq=contig_34, start=18778, stop=19263, strand=-, nt=[ATGACAAATA..TATAAAATAA]
11:40:03.114 - INFO - CDS - seq=contig_34, start=19253, stop=19648, strand=-, nt=[ATGATTAAAT..TGACAAATAA]
11:40:03.114 - INFO - CDS - seq=contig_34, start=19797, stop=20066, strand=+, nt=[ATGGCAAAAC..TGAATACTAA]
11:40:03.114 - INFO - CDS - seq=contig_34, start=20251, stop=21255, strand=-, nt=[GTGCAAAAAA..TATTCACTAA]
11:40:03.114 - INFO - CDS - seq=contig_34, start=21587, stop=22429, strand=-, nt=[ATGAAAAGAT..AGCAAAATAA]
11:40:03.114 - INFO - CDS - seq=contig_34, start=22466, stop=23125, strand=-, nt=[ATGTTTGGTT..TAGACATTAA]
11:40:03.114 - INFO - CDS - seq=contig_34, start=23129, stop=24154, strand=-, nt=[ATGATTGAGT..GGTGCATTAA]
11:40:03.114 - INFO - CDS - seq=contig_34, start=24449, stop=25591, strand=-, nt=[ATGAATAAGA..TACGCTATAA]
11:40:03.115 - INFO - CDS - seq=contig_34, start=25584, stop=26489, strand=-, nt=[ATGATTACTT..TTATGAATAA]
11:40:03.115 - INFO - CDS - seq=contig_34, start=26706, stop=28043, strand=-, nt=[ATGAAAAGAC..ATTTAGTTAA]
11:40:03.115 - INFO - CDS - seq=contig_34, start=28415, stop=29149, strand=-, nt=[ATGAGAATTA..TTTAACATAA]
11:40:03.115 - INFO - CDS - seq=contig_34, start=29186, stop=29860, strand=-, nt=[ATGATAGATA..ACGCGTTTAG]
11:40:03.115 - INFO - CDS - seq=contig_34, start=30543, stop=30905, strand=-, nt=[ATGAAAAGAA..GCATATTTAA]
11:40:03.115 - INFO - CDS - seq=contig_34, start=31067, stop=33772, strand=-, nt=[ATGACAACAC..TTGGATTTAA]
11:40:03.115 - INFO - CDS - seq=contig_34, start=33785, stop=35269, strand=-, nt=[GTGTTAAGTT..GTATTTATAG]
11:40:03.115 - INFO - CDS - seq=contig_34, start=36857, stop=38059, strand=-, nt=[ATGGCTAAAA..AGCACGATAA]
11:40:03.115 - INFO - CDS - seq=contig_34, start=38244, stop=38438, strand=+, nt=[ATGTTATTTG..TGGTTTGTAA]
11:40:03.115 - INFO - CDS - seq=contig_34, start=38727, stop=39041, strand=-, nt=[ATGACTCTAA..TAATAGCTAA]
11:40:03.115 - INFO - CDS - seq=contig_34, start=39060, stop=39383, strand=-, nt=[ATGATGTTTA..AAGTGACTGA]
11:40:03.115 - INFO - CDS - seq=contig_34, start=39380, stop=40705, strand=-, nt=[ATGAAAGATA..ATTACTATGA]
11:40:03.116 - INFO - CDS - seq=contig_34, start=40695, stop=41510, strand=-, nt=[ATGATGGAGT..TGAAAGATAA]
11:40:03.116 - INFO - CDS - seq=contig_34, start=41902, stop=42471, strand=-, nt=[ATGAAGTCTA..TGCACAATAG]
11:40:03.116 - INFO - CDS - seq=contig_34, start=42490, stop=43290, strand=-, nt=[ATGGGATATT..TGATGAATGA]
11:40:03.116 - INFO - CDS - seq=contig_34, start=43342, stop=44136, strand=-, nt=[ATGATGGGTT..CAGTAAATAG]
11:40:03.116 - INFO - CDS - seq=contig_34, start=44193, stop=44975, strand=-, nt=[ATGGGATATT..AACAAAATGA]
11:40:03.116 - INFO - CDS - seq=contig_34, start=44994, stop=45779, strand=-, nt=[ATGAGGGATT..TGATGAATGA]
11:40:03.116 - INFO - CDS - seq=contig_34, start=45840, stop=46601, strand=-, nt=[ATGTGCGTTG..AAGTGACTAA]
11:40:03.116 - INFO - CDS - seq=contig_34, start=46646, stop=47434, strand=-, nt=[ATGATGGGAT..GAACTATTAG]
11:40:03.116 - INFO - CDS - seq=contig_34, start=47479, stop=48273, strand=-, nt=[ATGGGATATC..AGATAGCTAA]
11:40:03.116 - INFO - CDS - seq=contig_34, start=48304, stop=49107, strand=-, nt=[ATGAAGTATA..GAAAAAATAG]
11:40:03.116 - INFO - CDS - seq=contig_34, start=49444, stop=49752, strand=+, nt=[ATGAAATTTA..CGTAAAATAA]
11:40:03.116 - INFO - CDS - seq=contig_34, start=49861, stop=51348, strand=-, nt=[ATGAGAGAAA..AGAAAAATAA]
11:40:03.117 - INFO - CDS - seq=contig_34, start=51370, stop=52053, strand=-, nt=[ATGAAATTAA..GAATTTATAA]
11:40:03.117 - INFO - CDS - seq=contig_34, start=52436, stop=53647, strand=-, nt=[ATGAGTAATA..GTTCTTATAA]
11:40:03.117 - INFO - CDS - seq=contig_34, start=53640, stop=55196, strand=-, nt=[ATGTCTATTA..AGATGAGTAA]
11:40:03.117 - INFO - CDS - seq=contig_34, start=55460, stop=56143, strand=-, nt=[ATGAAATTTA..CTTAAAGTAA]
11:40:03.118 - INFO - CDS - seq=contig_34, start=56509, stop=57207, strand=-, nt=[ATGAAATTGA..TTTGAATTAG]
11:40:03.118 - INFO - CDS - seq=contig_34, start=57584, stop=58282, strand=-, nt=[ATGAAATTTA..TTTGAAATAA]
11:40:03.118 - INFO - CDS - seq=contig_34, start=58621, stop=59316, strand=-, nt=[ATGAAATTAA..TCAAATTTAA]
11:40:03.118 - INFO - CDS - seq=contig_34, start=59762, stop=60466, strand=-, nt=[ATGAAAATGG..CATTAGATAA]
11:40:03.118 - INFO - CDS - seq=contig_34, start=60830, stop=61708, strand=-, nt=[ATGAAAATAA..TATAAAATAA]
11:40:03.118 - INFO - CDS - seq=contig_34, start=62072, stop=63142, strand=-, nt=[ATGAATATGA..TATAAAATAA]
11:40:03.118 - INFO - CDS - seq=contig_34, start=63433, stop=64128, strand=-, nt=[ATGAAAATGA..AAAAGCTTAA]
11:40:03.118 - INFO - CDS - seq=contig_34, start=64414, stop=65094, strand=-, nt=[ATGAAATTTA..AATGAAATAA]
11:40:03.118 - INFO - CDS - seq=contig_34, start=65566, stop=66411, strand=+, nt=[ATGAATATTA..AAATATTTAA]
11:40:03.118 - INFO - CDS - seq=contig_34, start=66430, stop=66789, strand=+, nt=[GTGAATATCA..GCTTTGGTAA]
11:40:03.119 - INFO - CDS - seq=contig_34, start=67321, stop=67473, strand=+, nt=[ATGGTACCAG..AAAATCTTAA]
11:40:03.119 - INFO - CDS - seq=contig_34, start=67734, stop=68006, strand=+, nt=[ATGACAAAAG..GTTGATTTAG]
11:40:03.119 - INFO - CDS - seq=contig_34, start=68405, stop=69109, strand=+, nt=[ATGTCTAAAA..TTCTAATTGA]
11:40:03.119 - INFO - CDS - seq=contig_34, start=69501, stop=70037, strand=+, nt=[ATGCACAACA..GCCTTATTGA]
11:40:03.119 - INFO - CDS - seq=contig_34, start=70150, stop=71691, strand=-, nt=[ATGGAAATGG..GTGGGAATAA]
11:40:03.119 - INFO - CDS - seq=contig_34, start=71716, stop=73182, strand=-, nt=[ATGTGGGAAA..CTCATTCTAA]
11:40:03.119 - INFO - CDS - seq=contig_34, start=73220, stop=74488, strand=-, nt=[ATGAAAAATT..TGTGAAATAA]
11:40:03.119 - INFO - CDS - seq=contig_34, start=74488, stop=75066, strand=-, nt=[GTGGAGTTAC..AGAAGAATAA]
11:40:03.119 - INFO - CDS - seq=contig_34, start=75579, stop=75986, strand=+, nt=[ATGGCAGATA..CAAAGCTTAG]
11:40:03.119 - INFO - CDS - seq=contig_34, start=76129, stop=76791, strand=+, nt=[ATGGAATTTA..ACCATTTTAA]
11:40:03.119 - INFO - CDS - seq=contig_34, start=76909, stop=77865, strand=+, nt=[ATGTTAACTA..CAACCTGTAA]
11:40:03.120 - INFO - CDS - seq=contig_35, start=28, stop=564, strand=+, frame=1, truncated=no, start-type=ATG, RBS-motif=GGAGG
11:40:03.120 - INFO - CDS - seq=contig_35, start=569, stop=1102, strand=+, frame=2, truncated=no, start-type=ATG, RBS-motif=AGGAGG
11:40:03.120 - INFO - CDS - seq=contig_35, start=1139, stop=1345, strand=+, frame=2, truncated=no, start-type=GTG, RBS-motif=AGGAGG
11:40:03.120 - INFO - CDS - seq=contig_35, start=1342, stop=1536, strand=+, frame=1, truncated=no, start-type=ATG, RBS-motif=GGAG/GAGG
11:40:03.120 - INFO - CDS - seq=contig_35, start=1533, stop=1736, strand=+, frame=3, truncated=no, start-type=ATG, RBS-motif=AGGAG
11:40:03.120 - INFO - CDS - seq=contig_35, start=1729, stop=1902, strand=+, frame=1, truncated=no, start-type=ATG, RBS-motif=AGGAGG
11:40:03.120 - INFO - CDS - seq=contig_35, start=1903, stop=2304, strand=+, frame=1, truncated=no, start-type=ATG, RBS-motif=AGGAG/GGAGG
11:40:03.120 - INFO - CDS - seq=contig_35, start=2655, stop=3149, strand=+, frame=3, truncated=no, start-type=TTG, RBS-motif=None
11:40:03.120 - INFO - CDS - seq=contig_35, start=3139, stop=4350, strand=+, frame=1, truncated=no, start-type=ATG, RBS-motif=None
11:40:03.120 - INFO - CDS - seq=contig_35, start=4364, stop=5782, strand=+, frame=2, truncated=no, start-type=TTG, RBS-motif=AGGAGG
11:40:03.121 - INFO - CDS - seq=contig_35, start=5739, stop=6701, strand=+, frame=3, truncated=no, start-type=GTG, RBS-motif=GGAGG
11:40:03.121 - INFO - CDS - seq=contig_35, start=6799, stop=7395, strand=+, frame=1, truncated=no, start-type=ATG, RBS-motif=AGGAG
11:40:03.121 - INFO - CDS - seq=contig_35, start=7416, stop=8240, strand=+, frame=3, truncated=no, start-type=ATG, RBS-motif=GGAG/GAGG
11:40:03.121 - INFO - CDS - seq=contig_35, start=8257, stop=8583, strand=+, frame=1, truncated=no, start-type=ATG, RBS-motif=GGAGG
11:40:03.121 - INFO - CDS - seq=contig_35, start=8583, stop=8897, strand=+, frame=3, truncated=no, start-type=ATG, RBS-motif=GGAG/GAGG
11:40:03.121 - INFO - CDS - seq=contig_35, start=8890, stop=9225, strand=+, frame=1, truncated=no, start-type=ATG, RBS-motif=None
11:40:03.121 - INFO - CDS - seq=contig_35, start=9212, stop=9625, strand=+, frame=2, truncated=no, start-type=TTG, RBS-motif=GGAG/GAGG
11:40:03.121 - INFO - CDS - seq=contig_35, start=9638, stop=10075, strand=+, frame=2, truncated=no, start-type=ATG, RBS-motif=GGAG/GAGG
11:40:03.121 - INFO - CDS - seq=contig_35, start=10062, stop=10622, strand=+, frame=3, truncated=no, start-type=ATG, RBS-motif=AGGAG
11:40:03.121 - INFO - CDS - seq=contig_35, start=10684, stop=11178, strand=+, frame=1, truncated=no, start-type=ATG, RBS-motif=GGAG/GAGG
11:40:03.122 - INFO - CDS - seq=contig_35, start=11199, stop=11540, strand=+, frame=3, truncated=no, start-type=ATG, RBS-motif=GGA/GAG/AGG
11:40:03.122 - INFO - CDS - seq=contig_35, start=11543, stop=14512, strand=+, frame=2, truncated=no, start-type=ATG, RBS-motif=AGGAGG
11:40:03.122 - INFO - CDS - seq=contig_35, start=14527, stop=15462, strand=+, frame=1, truncated=no, start-type=TTG, RBS-motif=GGAGG
11:40:03.122 - INFO - CDS - seq=contig_35, start=15473, stop=17359, strand=+, frame=2, truncated=no, start-type=ATG, RBS-motif=AGGAG
11:40:03.122 - INFO - CDS - seq=contig_35, start=17372, stop=19270, strand=+, frame=2, truncated=no, start-type=ATG, RBS-motif=AGGAGG
11:40:03.122 - INFO - CDS - seq=contig_35, start=19270, stop=21093, strand=+, frame=1, truncated=no, start-type=ATG, RBS-motif=AGGAGG
11:40:03.122 - INFO - CDS - seq=contig_35, start=21093, stop=21470, strand=+, frame=3, truncated=no, start-type=ATG, RBS-motif=GGxGG
11:40:03.122 - INFO - CDS - seq=contig_35, start=21471, stop=21647, strand=+, frame=3, truncated=no, start-type=ATG, RBS-motif=AGxAGG/AGGxGG
11:40:03.122 - INFO - CDS - seq=contig_35, start=21688, stop=21987, strand=+, frame=1, truncated=no, start-type=ATG, RBS-motif=AGxAGG/AGGxGG
11:40:03.122 - INFO - CDS - seq=contig_35, start=22124, stop=23998, strand=+, frame=2, truncated=no, start-type=ATG, RBS-motif=GGAG/GAGG
11:40:03.122 - INFO - CDS - seq=contig_35, start=24011, stop=25249, strand=+, frame=2, truncated=no, start-type=ATG, RBS-motif=GGAG/GAGG
11:40:03.123 - INFO - CDS - seq=contig_35, start=25254, stop=25649, strand=+, frame=3, truncated=no, start-type=ATG, RBS-motif=GGA/GAG/AGG
11:40:03.123 - INFO - CDS - seq=contig_35, start=25705, stop=26142, strand=+, frame=1, truncated=no, start-type=ATG, RBS-motif=AGGAG
11:40:03.123 - INFO - CDS - seq=contig_35, start=26123, stop=27568, strand=+, frame=2, truncated=no, start-type=ATG, RBS-motif=GGAGG
11:40:03.123 - INFO - CDS - seq=contig_35, start=28300, stop=29865, strand=-, frame=3, truncated=no, start-type=TTG, RBS-motif=None
11:40:03.124 - INFO - CDS - seq=contig_35, start=29849, stop=30238, strand=-, frame=2, truncated=no, start-type=ATG, RBS-motif=AGGAG(G)/GGAGG
11:40:03.124 - INFO - CDS - seq=contig_35, start=30441, stop=31493, strand=-, frame=1, truncated=no, start-type=ATG, RBS-motif=AGGAGG
11:40:03.124 - INFO - CDS - seq=contig_35, start=31702, stop=32385, strand=+, frame=1, truncated=no, start-type=TTG, RBS-motif=AGGAGG
11:40:03.124 - INFO - CDS - seq=contig_35, start=32385, stop=33461, strand=+, frame=3, truncated=no, start-type=ATG, RBS-motif=GGA/GAG/AGG
11:40:03.124 - INFO - CDS - seq=contig_35, start=33458, stop=34336, strand=+, frame=2, truncated=no, start-type=TTG, RBS-motif=GGAG/GAGG
11:40:03.124 - INFO - CDS - seq=contig_35, start=34346, stop=35314, strand=+, frame=2, truncated=no, start-type=ATG, RBS-motif=GGA/GAG/AGG
11:40:03.124 - INFO - CDS - seq=contig_35, start=35376, stop=36110, strand=+, frame=3, truncated=no, start-type=ATG, RBS-motif=GGAG/GAGG
11:40:03.124 - INFO - CDS - seq=contig_35, start=36129, stop=36452, strand=+, frame=3, truncated=no, start-type=ATG, RBS-motif=GGAG/GAGG
11:40:03.124 - INFO - CDS - seq=contig_35, start=36836, stop=37576, strand=+, frame=2, truncated=no, start-type=ATG, RBS-motif=AGGAG
11:40:03.125 - INFO - CDS - seq=contig_35, start=37956, stop=39014, strand=+, frame=3, truncated=no, start-type=ATG, RBS-motif=GGAGG
11:40:03.125 - INFO - CDS - seq=contig_35, start=39014, stop=41416, strand=+, frame=2, truncated=no, start-type=ATG, RBS-motif=GGAG/GAGG
11:40:03.125 - INFO - CDS - seq=contig_35, start=41848, stop=42786, strand=-, frame=3, truncated=no, start-type=ATG, RBS-motif=AGGA
11:40:03.125 - INFO - CDS - seq=contig_35, start=43156, stop=43422, strand=+, frame=1, truncated=no, start-type=ATG, RBS-motif=AGGAG
11:40:03.125 - INFO - CDS - seq=contig_35, start=43423, stop=43944, strand=+, frame=1, truncated=no, start-type=ATG, RBS-motif=GGA/GAG/AGG
11:40:03.125 - INFO - CDS - seq=contig_35, start=44017, stop=45729, strand=+, frame=1, truncated=no, start-type=ATG, RBS-motif=GGAG/GAGG
11:40:03.125 - INFO - CDS - seq=contig_35, start=45739, stop=48087, strand=+, frame=1, truncated=no, start-type=ATG, RBS-motif=GGAG/GAGG
11:40:03.125 - INFO - CDS - seq=contig_35, start=48260, stop=48574, strand=+, frame=2, truncated=no, start-type=ATG, RBS-motif=AGGAGG
11:40:03.125 - INFO - CDS - seq=contig_35, start=48898, stop=50679, strand=+, frame=1, truncated=no, start-type=TTG, RBS-motif=AGxAGG/AGGxGG
11:40:03.125 - INFO - CDS - seq=contig_35, start=51003, stop=51617, strand=+, frame=3, truncated=no, start-type=TTG, RBS-motif=AGxAGG/AGGxGG
11:40:03.126 - INFO - CDS - seq=contig_35, start=51669, stop=53435, strand=+, frame=3, truncated=no, start-type=ATG, RBS-motif=GGAG/GAGG
11:40:03.126 - INFO - CDS - seq=contig_35, start=53435, stop=54250, strand=+, frame=2, truncated=no, start-type=ATG, RBS-motif=AGxAGG/AGGxGG
11:40:03.126 - INFO - CDS - seq=contig_35, start=54486, stop=55286, strand=+, frame=3, truncated=no, start-type=ATG, RBS-motif=AGGA
11:40:03.126 - INFO - CDS - seq=contig_35, start=55298, stop=55885, strand=+, frame=2, truncated=no, start-type=ATG, RBS-motif=AGGAGG
11:40:03.126 - INFO - CDS - seq=contig_35, start=55878, stop=56381, strand=+, frame=3, truncated=no, start-type=ATG, RBS-motif=GGA/GAG/AGG
11:40:03.126 - INFO - CDS - seq=contig_35, start=56870, stop=57199, strand=+, frame=2, truncated=no, start-type=ATG, RBS-motif=GGA/GAG/AGG
11:40:03.126 - INFO - CDS - seq=contig_35, start=57568, stop=57969, strand=-, frame=3, truncated=no, start-type=ATG, RBS-motif=GGAG/GAGG
11:40:03.126 - INFO - CDS - seq=contig_35, start=58639, stop=59145, strand=+, frame=1, truncated=no, start-type=ATG, RBS-motif=GGAG/GAGG
11:40:03.126 - INFO - CDS - seq=contig_35, start=59405, stop=59902, strand=+, frame=2, truncated=no, start-type=ATG, RBS-motif=GGAGG
11:40:03.126 - INFO - CDS - seq=contig_35, start=60052, stop=60402, strand=+, frame=1, truncated=no, start-type=ATG, RBS-motif=AGGAG
11:40:03.127 - INFO - CDS - seq=contig_35, start=61112, stop=61297, strand=-, frame=2, truncated=no, start-type=ATG, RBS-motif=AGGAG
11:40:03.127 - INFO - CDS - seq=contig_35, start=61919, stop=62152, strand=-, frame=2, truncated=no, start-type=ATG, RBS-motif=AGGAGG
11:40:03.127 - INFO - CDS - seq=contig_35, start=28, stop=564, strand=+, nt=[ATGACGTTCA..GGAGGAATAG]
11:40:03.127 - INFO - CDS - seq=contig_35, start=569, stop=1102, strand=+, nt=[ATGACTAACA..CGGAGTGTAA]
11:40:03.127 - INFO - CDS - seq=contig_35, start=1139, stop=1345, strand=+, nt=[GTGACGCAAT..TGGGAAATGA]
11:40:03.127 - INFO - CDS - seq=contig_35, start=1342, stop=1536, strand=+, nt=[ATGACGGATG..TGGGAAATGA]
11:40:03.127 - INFO - CDS - seq=contig_35, start=1533, stop=1736, strand=+, nt=[ATGAATCAGC..CGATGACTAA]
11:40:03.127 - INFO - CDS - seq=contig_35, start=1729, stop=1902, strand=+, nt=[ATGACTAAAC..GTCAGAATAG]
11:40:03.127 - INFO - CDS - seq=contig_35, start=1903, stop=2304, strand=+, nt=[ATGTATAGCA..ACTACAGTGA]
11:40:03.127 - INFO - CDS - seq=contig_35, start=2655, stop=3149, strand=+, nt=[TTGATTAAAT..TGATGATTAA]
11:40:03.127 - INFO - CDS - seq=contig_35, start=3139, stop=4350, strand=+, nt=[ATGATGATTA..CTTTAATTAA]
11:40:03.128 - INFO - CDS - seq=contig_35, start=4364, stop=5782, strand=+, nt=[TTGTACCCTA..ATCAGAATGA]
11:40:03.128 - INFO - CDS - seq=contig_35, start=5739, stop=6701, strand=+, nt=[GTGCCCAACA..AAGAAAGTAG]
11:40:03.128 - INFO - CDS - seq=contig_35, start=6799, stop=7395, strand=+, nt=[ATGGATTTAT..TCAAAATTAA]
11:40:03.128 - INFO - CDS - seq=contig_35, start=7416, stop=8240, strand=+, nt=[ATGCCACAAG..AGAAATGTAA]
11:40:03.128 - INFO - CDS - seq=contig_35, start=8257, stop=8583, strand=+, nt=[ATGTATAAAG..TGTTAAGTAA]
11:40:03.128 - INFO - CDS - seq=contig_35, start=8583, stop=8897, strand=+, nt=[ATGGACGCAA..ATATGTTTAA]
11:40:03.128 - INFO - CDS - seq=contig_35, start=8890, stop=9225, strand=+, nt=[ATGTTTAATC..CAAAGGTTAA]
11:40:03.128 - INFO - CDS - seq=contig_35, start=9212, stop=9625, strand=+, nt=[TTGGCAAAGG..TTTTTCATGA]
11:40:03.128 - INFO - CDS - seq=contig_35, start=9638, stop=10075, strand=+, nt=[ATGTGGGTAT..CGCAGGATAA]
11:40:03.128 - INFO - CDS - seq=contig_35, start=10062, stop=10622, strand=+, nt=[ATGGCGCAGG..AAGTATGTAA]
11:40:03.128 - INFO - CDS - seq=contig_35, start=10684, stop=11178, strand=+, nt=[ATGACTGAAA..ACCTTATTAG]
11:40:03.128 - INFO - CDS - seq=contig_35, start=11199, stop=11540, strand=+, nt=[ATGACAAGTC..AGGAGGTTAG]
11:40:03.128 - INFO - CDS - seq=contig_35, start=11543, stop=14512, strand=+, nt=[ATGGAAAAGA..CTTAATGTAA]
11:40:03.129 - INFO - CDS - seq=contig_35, start=14527, stop=15462, strand=+, nt=[TTGATAGCCC..TTACAGATAA]
11:40:03.129 - INFO - CDS - seq=contig_35, start=15473, stop=17359, strand=+, nt=[ATGCCGGTAT..TTACGACTAA]
11:40:03.129 - INFO - CDS - seq=contig_35, start=17372, stop=19270, strand=+, nt=[ATGGCTTACG..GGTTGAATAA]
11:40:03.129 - INFO - CDS - seq=contig_35, start=19270, stop=21093, strand=+, nt=[ATGGTAGTAG..GTGGAAATAA]
11:40:03.129 - INFO - CDS - seq=contig_35, start=21093, stop=21470, strand=+, nt=[ATGAAAATCA..GGACGTTTAA]
11:40:03.129 - INFO - CDS - seq=contig_35, start=21471, stop=21647, strand=+, nt=[ATGATGAAGA..ACAGGTGTAA]
11:40:03.129 - INFO - CDS - seq=contig_35, start=21688, stop=21987, strand=+, nt=[ATGTTTGGAT..TGGTATTTAA]
11:40:03.130 - INFO - CDS - seq=contig_35, start=22124, stop=23998, strand=+, nt=[ATGGGATTAC..ATATAAATAA]
11:40:03.130 - INFO - CDS - seq=contig_35, start=24011, stop=25249, strand=+, nt=[ATGTACAAAA..TAAGGGGTGA]
11:40:03.130 - INFO - CDS - seq=contig_35, start=25254, stop=25649, strand=+, nt=[ATGGAAGGTA..CATTGAATAA]
11:40:03.130 - INFO - CDS - seq=contig_35, start=25705, stop=26142, strand=+, nt=[ATGGATATTA..AATTAACTAA]
11:40:03.130 - INFO - CDS - seq=contig_35, start=26123, stop=27568, strand=+, nt=[ATGCAAGCAA..AATCAGTTAG]
11:40:03.130 - INFO - CDS - seq=contig_35, start=28300, stop=29865, strand=-, nt=[TTGAATCAGG..TAAAAACTAA]
11:40:03.130 - INFO - CDS - seq=contig_35, start=29849, stop=30238, strand=-, nt=[ATGAACAAAC..AGGAACTTAG]
11:40:03.130 - INFO - CDS - seq=contig_35, start=30441, stop=31493, strand=-, nt=[ATGACAAAAC..ATCTAAATAA]
11:40:03.130 - INFO - CDS - seq=contig_35, start=31702, stop=32385, strand=+, nt=[TTGAAAAATA..TGTGGAATAA]
11:40:03.131 - INFO - CDS - seq=contig_35, start=32385, stop=33461, strand=+, nt=[ATGAGAAATG..CCAAGTTTGA]
11:40:03.131 - INFO - CDS - seq=contig_35, start=33458, stop=34336, strand=+, nt=[TTGAGAATCA..TAAAAAATAG]
11:40:03.131 - INFO - CDS - seq=contig_35, start=34346, stop=35314, strand=+, nt=[ATGATGATAA..TCGAATCTAA]
11:40:03.131 - INFO - CDS - seq=contig_35, start=35376, stop=36110, strand=+, nt=[ATGAGAATGA..GGTAAGTTAA]
11:40:03.131 - INFO - CDS - seq=contig_35, start=36129, stop=36452, strand=+, nt=[ATGAAATTTA..CATGAAATAA]
11:40:03.131 - INFO - CDS - seq=contig_35, start=36836, stop=37576, strand=+, nt=[ATGGAACAAA..GAAAGGTTGA]
11:40:03.131 - INFO - CDS - seq=contig_35, start=37956, stop=39014, strand=+, nt=[ATGTCTGAAC..TGACATGTAA]
11:40:03.131 - INFO - CDS - seq=contig_35, start=39014, stop=41416, strand=+, nt=[ATGTTGATAT..TATTAGATAA]
11:40:03.131 - INFO - CDS - seq=contig_35, start=41848, stop=42786, strand=-, nt=[ATGGCGAATA..GCCTCTTTGA]
11:40:03.131 - INFO - CDS - seq=contig_35, start=43156, stop=43422, strand=+, nt=[ATGGCACAGT..TGAGCAATAA]
11:40:03.131 - INFO - CDS - seq=contig_35, start=43423, stop=43944, strand=+, nt=[ATGGTCATTG..TAATTTATAA]
11:40:03.131 - INFO - CDS - seq=contig_35, start=44017, stop=45729, strand=+, nt=[ATGACAAAAA..TAAGAAATAG]
11:40:03.132 - INFO - CDS - seq=contig_35, start=45739, stop=48087, strand=+, nt=[ATGAGACAAA..ACTAAAATAA]
11:40:03.132 - INFO - CDS - seq=contig_35, start=48260, stop=48574, strand=+, nt=[ATGGCAATCG..ACATTTATAA]
11:40:03.132 - INFO - CDS - seq=contig_35, start=48898, stop=50679, strand=+, nt=[TTGGAAGACT..GCATAAATAA]
11:40:03.132 - INFO - CDS - seq=contig_35, start=51003, stop=51617, strand=+, nt=[TTGGCTCAAT..CTTTATGTAA]
11:40:03.132 - INFO - CDS - seq=contig_35, start=51669, stop=53435, strand=+, nt=[ATGGCAGAGA..TAAAAAATAA]
11:40:03.132 - INFO - CDS - seq=contig_35, start=53435, stop=54250, strand=+, nt=[ATGACTGAAC..AGTAGAATAA]
11:40:03.132 - INFO - CDS - seq=contig_35, start=54486, stop=55286, strand=+, nt=[ATGAATAAAC..GAATGACTAG]
11:40:03.132 - INFO - CDS - seq=contig_35, start=55298, stop=55885, strand=+, nt=[ATGAAAGAGA..AAATGTCTAA]
11:40:03.132 - INFO - CDS - seq=contig_35, start=55878, stop=56381, strand=+, nt=[ATGTCTAAAT..TACTTTTTAA]
11:40:03.132 - INFO - CDS - seq=contig_35, start=56870, stop=57199, strand=+, nt=[ATGAAAAAGA..TTTAAAATAA]
11:40:03.132 - INFO - CDS - seq=contig_35, start=57568, stop=57969, strand=-, nt=[ATGAAAAAAA..TTGGGATTAA]
11:40:03.133 - INFO - CDS - seq=contig_35, start=58639, stop=59145, strand=+, nt=[ATGATAATTA..TTACAAATAA]
11:40:03.133 - INFO - CDS - seq=contig_35, start=59405, stop=59902, strand=+, nt=[ATGAAAAATA..AGTGAGATAA]
11:40:03.133 - INFO - CDS - seq=contig_35, start=60052, stop=60402, strand=+, nt=[ATGAAATTTA..AAATAGATAA]
11:40:03.133 - INFO - CDS - seq=contig_35, start=61112, stop=61297, strand=-, nt=[ATGAATAAAC..CTTCCAGTAA]
11:40:03.133 - INFO - CDS - seq=contig_35, start=61919, stop=62152, strand=-, nt=[ATGGTTTTTA..TGAGCATTAA]
11:40:03.133 - INFO - CDS - seq=contig_37, start=274, stop=1260, strand=-, frame=2, truncated=no, start-type=ATG, RBS-motif=GGAG/GAGG
11:40:03.133 - INFO - CDS - seq=contig_37, start=1791, stop=2549, strand=+, frame=3, truncated=no, start-type=ATG, RBS-motif=AGGA
11:40:03.133 - INFO - CDS - seq=contig_37, start=2766, stop=3152, strand=+, frame=3, truncated=no, start-type=ATG, RBS-motif=GGA/GAG/AGG
11:40:03.133 - INFO - CDS - seq=contig_37, start=3167, stop=3868, strand=+, frame=2, truncated=no, start-type=ATG, RBS-motif=AGxAGG/AGGxGG
11:40:03.133 - INFO - CDS - seq=contig_37, start=3865, stop=4908, strand=+, frame=1, truncated=no, start-type=ATG, RBS-motif=GGAG/GAGG
11:40:03.134 - INFO - CDS - seq=contig_37, start=4898, stop=5527, strand=+, frame=2, truncated=no, start-type=ATG, RBS-motif=AGGAGG
11:40:03.134 - INFO - CDS - seq=contig_37, start=5640, stop=6857, strand=-, frame=3, truncated=no, start-type=ATG, RBS-motif=AGGAG
11:40:03.134 - INFO - CDS - seq=contig_37, start=7135, stop=7410, strand=-, frame=2, truncated=no, start-type=ATG, RBS-motif=AGGA/GGAG/GAGG
11:40:03.134 - INFO - CDS - seq=contig_37, start=7417, stop=7881, strand=-, frame=2, truncated=no, start-type=ATG, RBS-motif=GGAGG
11:40:03.134 - INFO - CDS - seq=contig_37, start=8022, stop=8228, strand=+, frame=3, truncated=no, start-type=GTG, RBS-motif=GGAG/GAGG
11:40:03.134 - INFO - CDS - seq=contig_37, start=8240, stop=9487, strand=+, frame=2, truncated=no, start-type=TTG, RBS-motif=AGGAG
11:40:03.134 - INFO - CDS - seq=contig_37, start=9577, stop=10107, strand=+, frame=1, truncated=no, start-type=ATG, RBS-motif=GGAG/GAGG
11:40:03.134 - INFO - CDS - seq=contig_37, start=10367, stop=11518, strand=-, frame=1, truncated=no, start-type=ATG, RBS-motif=AGxAGG/AGGxGG
11:40:03.134 - INFO - CDS - seq=contig_37, start=11742, stop=11903, strand=+, frame=3, truncated=no, start-type=ATG, RBS-motif=AGGAG
11:40:03.135 - INFO - CDS - seq=contig_37, start=12034, stop=12549, strand=+, frame=1, truncated=no, start-type=ATG, RBS-motif=None
11:40:03.135 - INFO - CDS - seq=contig_37, start=12889, stop=13698, strand=+, frame=1, truncated=no, start-type=ATG, RBS-motif=AGGAG
11:40:03.135 - INFO - CDS - seq=contig_37, start=13958, stop=14776, strand=+, frame=2, truncated=no, start-type=GTG, RBS-motif=None
11:40:03.135 - INFO - CDS - seq=contig_37, start=14754, stop=15068, strand=+, frame=3, truncated=no, start-type=ATG, RBS-motif=3Base/5BMM
11:40:03.135 - INFO - CDS - seq=contig_37, start=15083, stop=16600, strand=+, frame=2, truncated=no, start-type=ATG, RBS-motif=AGxAGG/AGGxGG
11:40:03.135 - INFO - CDS - seq=contig_37, start=16609, stop=17445, strand=+, frame=1, truncated=no, start-type=ATG, RBS-motif=GGA/GAG/AGG
11:40:03.135 - INFO - CDS - seq=contig_37, start=17706, stop=18683, strand=-, frame=3, truncated=no, start-type=ATG, RBS-motif=GGA/GAG/AGG
11:40:03.136 - INFO - CDS - seq=contig_37, start=18835, stop=19872, strand=+, frame=1, truncated=no, start-type=ATG, RBS-motif=GGA/GAG/AGG
11:40:03.136 - INFO - CDS - seq=contig_37, start=20175, stop=20717, strand=+, frame=3, truncated=no, start-type=ATG, RBS-motif=AGxAGG/AGGxGG
11:40:03.136 - INFO - CDS - seq=contig_37, start=21008, stop=22744, strand=+, frame=2, truncated=no, start-type=ATG, RBS-motif=AGxAGG/AGGxGG
11:40:03.136 - INFO - CDS - seq=contig_37, start=22934, stop=24079, strand=-, frame=1, truncated=no, start-type=ATG, RBS-motif=None
11:40:03.137 - INFO - CDS - seq=contig_37, start=24321, stop=25610, strand=-, frame=3, truncated=no, start-type=ATG, RBS-motif=GGAG/GAGG
11:40:03.137 - INFO - CDS - seq=contig_37, start=25691, stop=26146, strand=+, frame=2, truncated=no, start-type=ATG, RBS-motif=GGA/GAG/AGG
11:40:03.137 - INFO - CDS - seq=contig_37, start=26143, stop=27102, strand=+, frame=1, truncated=no, start-type=GTG, RBS-motif=None
11:40:03.137 - INFO - CDS - seq=contig_37, start=27199, stop=27645, strand=+, frame=1, truncated=no, start-type=ATG, RBS-motif=None
11:40:03.137 - INFO - CDS - seq=contig_37, start=274, stop=1260, strand=-, nt=[ATGAACGATC..ATATGCTTAA]
11:40:03.137 - INFO - CDS - seq=contig_37, start=1791, stop=2549, strand=+, nt=[ATGATTGTAA..AGAAGAATAG]
11:40:03.137 - INFO - CDS - seq=contig_37, start=2766, stop=3152, strand=+, nt=[ATGAACTATG..TGTGGCATAG]
11:40:03.137 - INFO - CDS - seq=contig_37, start=3167, stop=3868, strand=+, nt=[ATGACACACA..TTATCGATGA]
11:40:03.137 - INFO - CDS - seq=contig_37, start=3865, stop=4908, strand=+, nt=[ATGAACCACT..TGACGATTAA]
11:40:03.137 - INFO - CDS - seq=contig_37, start=4898, stop=5527, strand=+, nt=[ATGACGATTA..AATTCAATAG]
11:40:03.137 - INFO - CDS - seq=contig_37, start=5640, stop=6857, strand=-, nt=[ATGTCGAAAA..AAAAGACTAA]
11:40:03.137 - INFO - CDS - seq=contig_37, start=7135, stop=7410, strand=-, nt=[ATGGAAAATA..TCAACGCTAA]
11:40:03.138 - INFO - CDS - seq=contig_37, start=7417, stop=7881, strand=-, nt=[ATGGTAGATG..AGAGGGGTAG]
11:40:03.138 - INFO - CDS - seq=contig_37, start=8022, stop=8228, strand=+, nt=[GTGGCTATGA..ACACGACTAG]
11:40:03.138 - INFO - CDS - seq=contig_37, start=8240, stop=9487, strand=+, nt=[TTGACTAATT..AACATTTTAA]
11:40:03.138 - INFO - CDS - seq=contig_37, start=9577, stop=10107, strand=+, nt=[ATGACAAATC..TAGAGACTAA]
11:40:03.138 - INFO - CDS - seq=contig_37, start=10367, stop=11518, strand=-, nt=[ATGAATAGCG..ACAATTTTAA]
11:40:03.138 - INFO - CDS - seq=contig_37, start=11742, stop=11903, strand=+, nt=[ATGAATGAAC..ATCTAAGTAA]
11:40:03.138 - INFO - CDS - seq=contig_37, start=12034, stop=12549, strand=+, nt=[ATGACTAAAA..ATTACAATAG]
11:40:03.138 - INFO - CDS - seq=contig_37, start=12889, stop=13698, strand=+, nt=[ATGAAAAGAA..AAATCGTTAA]
11:40:03.138 - INFO - CDS - seq=contig_37, start=13958, stop=14776, strand=+, nt=[GTGCCGAAGA..AATTGAGTGA]
11:40:03.138 - INFO - CDS - seq=contig_37, start=14754, stop=15068, strand=+, nt=[ATGGAACAGA..ACAATTATAG]
11:40:03.138 - INFO - CDS - seq=contig_37, start=15083, stop=16600, strand=+, nt=[ATGGGAAGTT..TGAATTGTAG]
11:40:03.139 - INFO - CDS - seq=contig_37, start=16609, stop=17445, strand=+, nt=[ATGCTAGATA..TTCTTCATGA]
11:40:03.139 - INFO - CDS - seq=contig_37, start=17706, stop=18683, strand=-, nt=[ATGGACACTG..TGCTAAATAA]
11:40:03.139 - INFO - CDS - seq=contig_37, start=18835, stop=19872, strand=+, nt=[ATGTATCAGC..AAATGGGTAA]
11:40:03.139 - INFO - CDS - seq=contig_37, start=20175, stop=20717, strand=+, nt=[ATGGTCAGAG..ACAGTATTAA]
11:40:03.139 - INFO - CDS - seq=contig_37, start=21008, stop=22744, strand=+, nt=[ATGATTAAAC..AAACTTATAA]
11:40:03.139 - INFO - CDS - seq=contig_37, start=22934, stop=24079, strand=-, nt=[ATGAATACGA..TGATTTATAA]
11:40:03.139 - INFO - CDS - seq=contig_37, start=24321, stop=25610, strand=-, nt=[ATGAATTTTA..AATGAAATAA]
11:40:03.139 - INFO - CDS - seq=contig_37, start=25691, stop=26146, strand=+, nt=[ATGTTGCAAA..TTTGGGGTGA]
11:40:03.139 - INFO - CDS - seq=contig_37, start=26143, stop=27102, strand=+, nt=[GTGACATATA..AGGCTATTAA]
11:40:03.139 - INFO - CDS - seq=contig_37, start=27199, stop=27645, strand=+, nt=[ATGAGTGTTG..AGATAAATAA]
11:40:03.139 - INFO - CDS - seq=contig_38, start=480, stop=722, strand=+, frame=3, truncated=no, start-type=ATG, RBS-motif=None
11:40:03.139 - INFO - CDS - seq=contig_38, start=1248, stop=1667, strand=-, frame=2, truncated=no, start-type=GTG, RBS-motif=GGAG/GAGG
11:40:03.140 - INFO - CDS - seq=contig_38, start=1791, stop=2762, strand=+, frame=3, truncated=no, start-type=ATG, RBS-motif=AGxAGG/AGGxGG
11:40:03.140 - INFO - CDS - seq=contig_38, start=3183, stop=3530, strand=-, frame=2, truncated=no, start-type=ATG, RBS-motif=GGA/GAG/AGG
11:40:03.140 - INFO - CDS - seq=contig_38, start=3549, stop=4166, strand=-, frame=2, truncated=no, start-type=ATG, RBS-motif=GGAG/GAGG
11:40:03.140 - INFO - CDS - seq=contig_38, start=5283, stop=5477, strand=-, frame=2, truncated=no, start-type=ATG, RBS-motif=AGGAG
11:40:03.140 - INFO - CDS - seq=contig_38, start=5587, stop=6279, strand=+, frame=1, truncated=no, start-type=ATG, RBS-motif=GGAGG
11:40:03.140 - INFO - CDS - seq=contig_38, start=6447, stop=6596, strand=-, frame=2, truncated=no, start-type=ATG, RBS-motif=AGGAG
11:40:03.140 - INFO - CDS - seq=contig_38, start=7151, stop=7321, strand=-, frame=3, truncated=no, start-type=ATG, RBS-motif=None
11:40:03.140 - INFO - CDS - seq=contig_38, start=7452, stop=7886, strand=-, frame=2, truncated=no, start-type=ATG, RBS-motif=GGA/GAG/AGG
11:40:03.140 - INFO - CDS - seq=contig_38, start=7936, stop=8412, strand=-, frame=1, truncated=no, start-type=ATG, RBS-motif=GGAG/GAGG
11:40:03.141 - INFO - CDS - seq=contig_38, start=8838, stop=9581, strand=+, frame=3, truncated=no, start-type=ATG, RBS-motif=GGA/GAG/AGG
11:40:03.141 - INFO - CDS - seq=contig_38, start=9797, stop=9982, strand=-, frame=3, truncated=no, start-type=ATG, RBS-motif=GGxGG
11:40:03.141 - INFO - CDS - seq=contig_38, start=10541, stop=10780, strand=-, frame=3, truncated=no, start-type=ATG, RBS-motif=AGGAG
11:40:03.141 - INFO - CDS - seq=contig_38, start=10867, stop=11727, strand=-, frame=1, truncated=no, start-type=ATG, RBS-motif=AGxAGG/AGGxGG
11:40:03.141 - INFO - CDS - seq=contig_38, start=12091, stop=12591, strand=-, frame=1, truncated=no, start-type=ATG, RBS-motif=None
11:40:03.141 - INFO - CDS - seq=contig_38, start=12659, stop=12985, strand=-, frame=3, truncated=no, start-type=TTG, RBS-motif=None
11:40:03.141 - INFO - CDS - seq=contig_38, start=12925, stop=13302, strand=-, frame=1, truncated=no, start-type=ATG, RBS-motif=GGA/GAG/AGG
11:40:03.141 - INFO - CDS - seq=contig_38, start=13540, stop=14166, strand=-, frame=1, truncated=no, start-type=GTG, RBS-motif=GGAG/GAGG
11:40:03.141 - INFO - CDS - seq=contig_38, start=14178, stop=14489, strand=-, frame=2, truncated=no, start-type=ATG, RBS-motif=GGAG/GAGG
11:40:03.141 - INFO - CDS - seq=contig_38, start=14493, stop=16427, strand=-, frame=2, truncated=no, start-type=ATG, RBS-motif=GGA/GAG/AGG
11:40:03.142 - INFO - CDS - seq=contig_38, start=16502, stop=16795, strand=-, frame=3, truncated=no, start-type=ATG, RBS-motif=GGAGG
11:40:03.142 - INFO - CDS - seq=contig_38, start=17175, stop=17570, strand=-, frame=2, truncated=no, start-type=ATG, RBS-motif=GGA/GAG/AGG
11:40:03.142 - INFO - CDS - seq=contig_38, start=17588, stop=18877, strand=-, frame=3, truncated=no, start-type=ATG, RBS-motif=GGA/GAG/AGG
11:40:03.142 - INFO - CDS - seq=contig_38, start=18877, stop=19191, strand=-, frame=1, truncated=no, start-type=ATG, RBS-motif=AGGAGG
11:40:03.143 - INFO - CDS - seq=contig_38, start=19252, stop=20010, strand=-, frame=1, truncated=no, start-type=ATG, RBS-motif=GGAG/GAGG
11:40:03.143 - INFO - CDS - seq=contig_38, start=20003, stop=21445, strand=-, frame=3, truncated=no, start-type=ATG, RBS-motif=GGAGG
11:40:03.143 - INFO - CDS - seq=contig_38, start=21417, stop=22010, strand=-, frame=2, truncated=no, start-type=TTG, RBS-motif=AGGAGG
11:40:03.143 - INFO - CDS - seq=contig_38, start=22274, stop=22654, strand=-, frame=3, truncated=no, start-type=ATG, RBS-motif=4Base/6BMM
11:40:03.143 - INFO - CDS - seq=contig_38, start=22644, stop=24401, strand=-, frame=2, truncated=no, start-type=ATG, RBS-motif=AGxAGG/AGGxGG
11:40:03.143 - INFO - CDS - seq=contig_38, start=24508, stop=24987, strand=+, frame=1, truncated=no, start-type=TTG, RBS-motif=GGAGG
11:40:03.143 - INFO - CDS - seq=contig_38, start=480, stop=722, strand=+, nt=[ATGTTTAATA..GGAATTTTAA]
11:40:03.143 - INFO - CDS - seq=contig_38, start=1248, stop=1667, strand=-, nt=[GTGGAATTAG..TACGTTTTAA]
11:40:03.143 - INFO - CDS - seq=contig_38, start=1791, stop=2762, strand=+, nt=[ATGTTCAATG..AAAAGTATAA]
11:40:03.143 - INFO - CDS - seq=contig_38, start=3183, stop=3530, strand=-, nt=[ATGAGTTATG..GGGTTTTTGA]
11:40:03.144 - INFO - CDS - seq=contig_38, start=3549, stop=4166, strand=-, nt=[ATGATTCAAA..TATATTTTAA]
11:40:03.144 - INFO - CDS - seq=contig_38, start=5283, stop=5477, strand=-, nt=[ATGAATGAAA..AAGAAAGTAA]
11:40:03.144 - INFO - CDS - seq=contig_38, start=5587, stop=6279, strand=+, nt=[ATGAAAATTA..TGTAGGTTGA]
11:40:03.144 - INFO - CDS - seq=contig_38, start=6447, stop=6596, strand=-, nt=[ATGAAGATTA..GGATAAATAA]
11:40:03.144 - INFO - CDS - seq=contig_38, start=7151, stop=7321, strand=-, nt=[ATGTTAAGTT..TATTATTTAA]
11:40:03.144 - INFO - CDS - seq=contig_38, start=7452, stop=7886, strand=-, nt=[ATGAATGACT..TAATCAATAA]
11:40:03.144 - INFO - CDS - seq=contig_38, start=7936, stop=8412, strand=-, nt=[ATGCAAAATC..CGAACACTAA]
11:40:03.144 - INFO - CDS - seq=contig_38, start=8838, stop=9581, strand=+, nt=[ATGAAAAGTG..TGGTAGCTAA]
11:40:03.144 - INFO - CDS - seq=contig_38, start=9797, stop=9982, strand=-, nt=[ATGTTTGGCG..AACTGAATAA]
11:40:03.144 - INFO - CDS - seq=contig_38, start=10541, stop=10780, strand=-, nt=[ATGAAATTAG..TAGAGAGTAA]
11:40:03.144 - INFO - CDS - seq=contig_38, start=10867, stop=11727, strand=-, nt=[ATGACAGGAG..TTGGGAATAA]
11:40:03.145 - INFO - CDS - seq=contig_38, start=12091, stop=12591, strand=-, nt=[ATGTATGAAA..ACAAGAATGA]
11:40:03.145 - INFO - CDS - seq=contig_38, start=12659, stop=12985, strand=-, nt=[TTGGAAGAAG..TTTAAAGTGA]
11:40:03.145 - INFO - CDS - seq=contig_38, start=12925, stop=13302, strand=-, nt=[ATGTCTTATT..GATGAGATAA]
11:40:03.145 - INFO - CDS - seq=contig_38, start=13540, stop=14166, strand=-, nt=[GTGATAAAAC..TAGAAGTTAA]
11:40:03.145 - INFO - CDS - seq=contig_38, start=14178, stop=14489, strand=-, nt=[ATGAAAAGAA..TTTAAAATGA]
11:40:03.145 - INFO - CDS - seq=contig_38, start=14493, stop=16427, strand=-, nt=[ATGAAAAAAT..GGAGATTTAA]
11:40:03.145 - INFO - CDS - seq=contig_38, start=16502, stop=16795, strand=-, nt=[ATGAAAAAGA..TCTTCACTAA]
11:40:03.145 - INFO - CDS - seq=contig_38, start=17175, stop=17570, strand=-, nt=[ATGGATAAGA..ATTGAGATAA]
11:40:03.145 - INFO - CDS - seq=contig_38, start=17588, stop=18877, strand=-, nt=[ATGACTATTT..CATATTTTAA]
11:40:03.145 - INFO - CDS - seq=contig_38, start=18877, stop=19191, strand=-, nt=[ATGTCTTATA..TGACTGTTGA]
11:40:03.145 - INFO - CDS - seq=contig_38, start=19252, stop=20010, strand=-, nt=[ATGACTAAAA..TAGTAAATAA]
11:40:03.146 - INFO - CDS - seq=contig_38, start=20003, stop=21445, strand=-, nt=[ATGAAAAACA..TAATGACTAA]
11:40:03.146 - INFO - CDS - seq=contig_38, start=21417, stop=22010, strand=-, nt=[TTGAAAATAG..ATCTAACTAA]
11:40:03.146 - INFO - CDS - seq=contig_38, start=22274, stop=22654, strand=-, nt=[ATGACCAATA..TAAAAAGTAA]
11:40:03.146 - INFO - CDS - seq=contig_38, start=22644, stop=24401, strand=-, nt=[ATGGCTAAAT..TGACCAATAA]
11:40:03.146 - INFO - CDS - seq=contig_38, start=24508, stop=24987, strand=+, nt=[TTGAAAAAGT..TATAGTATAA]
11:40:03.146 - INFO - CDS - seq=contig_39, start=107, stop=304, strand=-, frame=1, truncated=no, start-type=ATG, RBS-motif=AGGAG
11:40:03.146 - INFO - CDS - seq=contig_39, start=835, stop=1500, strand=+, frame=1, truncated=no, start-type=ATG, RBS-motif=AGGAG
11:40:03.146 - INFO - CDS - seq=contig_39, start=107, stop=304, strand=-, nt=[ATGAACTATT..AAAAGCATAA]
11:40:03.146 - INFO - CDS - seq=contig_39, start=835, stop=1500, strand=+, nt=[ATGAACTATT..TATATGTTAG]
11:40:03.146 - INFO - CDS - seq=contig_40, start=300, stop=1043, strand=+, frame=3, truncated=no, start-type=ATG, RBS-motif=GGA/GAG/AGG
11:40:03.147 - INFO - CDS - seq=contig_40, start=1260, stop=1664, strand=+, frame=3, truncated=no, start-type=GTG, RBS-motif=GGA/GAG/AGG
11:40:03.147 - INFO - CDS - seq=contig_40, start=2171, stop=3433, strand=+, frame=2, truncated=no, start-type=ATG, RBS-motif=AGGAG
11:40:03.147 - INFO - CDS - seq=contig_40, start=3678, stop=4451, strand=+, frame=3, truncated=no, start-type=ATG, RBS-motif=3Base/5BMM
11:40:03.147 - INFO - CDS - seq=contig_40, start=4455, stop=4661, strand=+, frame=3, truncated=no, start-type=TTG, RBS-motif=None
11:40:03.147 - INFO - CDS - seq=contig_40, start=300, stop=1043, strand=+, nt=[ATGACTAGAG..ACCATTTTGA]
11:40:03.147 - INFO - CDS - seq=contig_40, start=1260, stop=1664, strand=+, nt=[GTGAGAATGT..AAAAAGCTAA]
11:40:03.147 - INFO - CDS - seq=contig_40, start=2171, stop=3433, strand=+, nt=[ATGAGTTATG..GAGTTTATAA]
11:40:03.147 - INFO - CDS - seq=contig_40, start=3678, stop=4451, strand=+, nt=[ATGTGTCCTA..GAATTTGTAA]
11:40:03.147 - INFO - CDS - seq=contig_40, start=4455, stop=4661, strand=+, nt=[TTGTCTGATT..TAAAGAGTAG]
11:40:03.147 - INFO - CDS - seq=contig_41, start=551, stop=1888, strand=+, frame=2, truncated=no, start-type=ATG, RBS-motif=AGGA
11:40:03.148 - INFO - CDS - seq=contig_41, start=1890, stop=2507, strand=+, frame=3, truncated=no, start-type=ATG, RBS-motif=GGAG/GAGG
11:40:03.148 - INFO - CDS - seq=contig_41, start=2535, stop=2864, strand=+, frame=3, truncated=no, start-type=ATG, RBS-motif=GGAG/GAGG
11:40:03.148 - INFO - CDS - seq=contig_41, start=3078, stop=4004, strand=+, frame=3, truncated=no, start-type=ATG, RBS-motif=GGAG/GAGG
11:40:03.148 - INFO - CDS - seq=contig_41, start=4005, stop=4808, strand=+, frame=3, truncated=no, start-type=ATG, RBS-motif=GGA/GAG/AGG
11:40:03.149 - INFO - CDS - seq=contig_41, start=4825, stop=5172, strand=+, frame=1, truncated=no, start-type=TTG, RBS-motif=AGGAGG
11:40:03.149 - INFO - CDS - seq=contig_41, start=5446, stop=6171, strand=+, frame=1, truncated=no, start-type=ATG, RBS-motif=AGGAG
11:40:03.149 - INFO - CDS - seq=contig_41, start=6164, stop=6412, strand=+, frame=2, truncated=no, start-type=ATG, RBS-motif=AGGA
11:40:03.149 - INFO - CDS - seq=contig_41, start=6414, stop=7253, strand=+, frame=3, truncated=no, start-type=ATG, RBS-motif=AGGAG
11:40:03.149 - INFO - CDS - seq=contig_41, start=7538, stop=9511, strand=+, frame=2, truncated=no, start-type=ATG, RBS-motif=AGGAGG
11:40:03.149 - INFO - CDS - seq=contig_41, start=9542, stop=10315, strand=+, frame=2, truncated=no, start-type=ATG, RBS-motif=AGGAG
11:40:03.149 - INFO - CDS - seq=contig_41, start=10482, stop=11018, strand=+, frame=3, truncated=no, start-type=ATG, RBS-motif=GGA/GAG/AGG
11:40:03.149 - INFO - CDS - seq=contig_41, start=11029, stop=11922, strand=+, frame=1, truncated=no, start-type=ATG, RBS-motif=GGAG/GAGG
11:40:03.149 - INFO - CDS - seq=contig_41, start=12022, stop=12285, strand=+, frame=1, truncated=no, start-type=ATG, RBS-motif=GGAG/GAGG
11:40:03.150 - INFO - CDS - seq=contig_41, start=12595, stop=13443, strand=+, frame=1, truncated=no, start-type=ATG, RBS-motif=GGAG/GAGG
11:40:03.150 - INFO - CDS - seq=contig_41, start=13457, stop=14281, strand=+, frame=2, truncated=no, start-type=ATG, RBS-motif=AGxAGG/AGGxGG
11:40:03.150 - INFO - CDS - seq=contig_41, start=14298, stop=14678, strand=+, frame=3, truncated=no, start-type=ATG, RBS-motif=AGGAG
11:40:03.150 - INFO - CDS - seq=contig_41, start=14750, stop=15052, strand=+, frame=2, truncated=no, start-type=ATG, RBS-motif=AGxAGG/AGGxGG
11:40:03.150 - INFO - CDS - seq=contig_41, start=15417, stop=16769, strand=+, frame=3, truncated=no, start-type=ATG, RBS-motif=GGxGG
11:40:03.150 - INFO - CDS - seq=contig_41, start=16916, stop=17881, strand=+, frame=2, truncated=no, start-type=ATG, RBS-motif=GGAGG
11:40:03.150 - INFO - CDS - seq=contig_41, start=18031, stop=18684, strand=+, frame=1, truncated=no, start-type=ATG, RBS-motif=AGxAGG/AGGxGG
11:40:03.150 - INFO - CDS - seq=contig_41, start=18995, stop=19567, strand=+, frame=2, truncated=no, start-type=ATG, RBS-motif=GGAGG
11:40:03.150 - INFO - CDS - seq=contig_41, start=19567, stop=23073, strand=+, frame=1, truncated=no, start-type=ATG, RBS-motif=None
11:40:03.150 - INFO - CDS - seq=contig_41, start=23063, stop=24589, strand=+, frame=2, truncated=no, start-type=ATG, RBS-motif=GGA/GAG/AGG
11:40:03.151 - INFO - CDS - seq=contig_41, start=24589, stop=25782, strand=+, frame=1, truncated=no, start-type=ATG, RBS-motif=AGGA
11:40:03.151 - INFO - CDS - seq=contig_41, start=25779, stop=26042, strand=+, frame=3, truncated=no, start-type=ATG, RBS-motif=GGAG/GAGG
11:40:03.151 - INFO - CDS - seq=contig_41, start=26060, stop=26452, strand=+, frame=2, truncated=no, start-type=ATG, RBS-motif=GGAGG
11:40:03.151 - INFO - CDS - seq=contig_41, start=26557, stop=26958, strand=+, frame=1, truncated=no, start-type=ATG, RBS-motif=AGGA/GGAG/GAGG
11:40:03.151 - INFO - CDS - seq=contig_41, start=27138, stop=28433, strand=+, frame=3, truncated=no, start-type=ATG, RBS-motif=GGAG/GAGG
11:40:03.151 - INFO - CDS - seq=contig_41, start=28438, stop=28977, strand=+, frame=1, truncated=no, start-type=ATG, RBS-motif=AGGA/GGAG/GAGG
11:40:03.151 - INFO - CDS - seq=contig_41, start=29234, stop=31327, strand=+, frame=2, truncated=no, start-type=ATG, RBS-motif=AGGAGG
11:40:03.151 - INFO - CDS - seq=contig_41, start=31555, stop=32436, strand=+, frame=1, truncated=no, start-type=ATG, RBS-motif=AGGAG
11:40:03.151 - INFO - CDS - seq=contig_41, start=32615, stop=33547, strand=+, frame=2, truncated=no, start-type=ATG, RBS-motif=AGGAG
11:40:03.151 - INFO - CDS - seq=contig_41, start=33763, stop=34566, strand=+, frame=1, truncated=no, start-type=ATG, RBS-motif=GGxGG
11:40:03.151 - INFO - CDS - seq=contig_41, start=34544, stop=34909, strand=+, frame=2, truncated=no, start-type=ATG, RBS-motif=AGGAG
11:40:03.152 - INFO - CDS - seq=contig_41, start=34906, stop=35382, strand=+, frame=1, truncated=no, start-type=ATG, RBS-motif=GGAG/GAGG
11:40:03.152 - INFO - CDS - seq=contig_41, start=35921, stop=37408, strand=+, frame=2, truncated=no, start-type=ATG, RBS-motif=AGGAG
11:40:03.152 - INFO - CDS - seq=contig_41, start=551, stop=1888, strand=+, nt=[ATGAAGCAAC..GGATGAATAA]
11:40:03.152 - INFO - CDS - seq=contig_41, start=1890, stop=2507, strand=+, nt=[ATGTCAGCTT..AAAGATATGA]
11:40:03.152 - INFO - CDS - seq=contig_41, start=2535, stop=2864, strand=+, nt=[ATGAAAATGA..TCAATTTTAA]
11:40:03.152 - INFO - CDS - seq=contig_41, start=3078, stop=4004, strand=+, nt=[ATGGATGAAC..TGTGAGTTAG]
11:40:03.152 - INFO - CDS - seq=contig_41, start=4005, stop=4808, strand=+, nt=[ATGCCAAATG..TATGCATTAA]
11:40:03.152 - INFO - CDS - seq=contig_41, start=4825, stop=5172, strand=+, nt=[TTGGATCGCA..AAGTGATTAA]
11:40:03.152 - INFO - CDS - seq=contig_41, start=5446, stop=6171, strand=+, nt=[ATGTTAAAAG..TTATGGATAG]
11:40:03.152 - INFO - CDS - seq=contig_41, start=6164, stop=6412, strand=+, nt=[ATGGATAGTC..GGAGCGATAG]
11:40:03.152 - INFO - CDS - seq=contig_41, start=6414, stop=7253, strand=+, nt=[ATGGCTGTAT..AATAAGTTAA]
11:40:03.152 - INFO - CDS - seq=contig_41, start=7538, stop=9511, strand=+, nt=[ATGGCTAAAG..GATTAAATAA]
11:40:03.153 - INFO - CDS - seq=contig_41, start=9542, stop=10315, strand=+, nt=[ATGTTAATCG..AAATTCATAA]
11:40:03.153 - INFO - CDS - seq=contig_41, start=10482, stop=11018, strand=+, nt=[ATGAAAATCA..AGATGAATGA]
11:40:03.153 - INFO - CDS - seq=contig_41, start=11029, stop=11922, strand=+, nt=[ATGTTGGATA..AGAAAATTAA]
11:40:03.153 - INFO - CDS - seq=contig_41, start=12022, stop=12285, strand=+, nt=[ATGCCAAAAT..TGCACACTAA]
11:40:03.153 - INFO - CDS - seq=contig_41, start=12595, stop=13443, strand=+, nt=[ATGATATATG..ATTAGGATAG]
11:40:03.153 - INFO - CDS - seq=contig_41, start=13457, stop=14281, strand=+, nt=[ATGAGATATA..GTTTTCATAA]
11:40:03.153 - INFO - CDS - seq=contig_41, start=14298, stop=14678, strand=+, nt=[ATGAAAATCA..GGAATTATAA]
11:40:03.153 - INFO - CDS - seq=contig_41, start=14750, stop=15052, strand=+, nt=[ATGAAAGTGA..AGAAGCTTAA]
11:40:03.153 - INFO - CDS - seq=contig_41, start=15417, stop=16769, strand=+, nt=[ATGCGAAGAC..TAGGAAATAA]
11:40:03.153 - INFO - CDS - seq=contig_41, start=16916, stop=17881, strand=+, nt=[ATGTTAAATA..ATTTGACTAA]
11:40:03.153 - INFO - CDS - seq=contig_41, start=18031, stop=18684, strand=+, nt=[ATGGCTTCAT..TGAAGAGTAA]
11:40:03.154 - INFO - CDS - seq=contig_41, start=18995, stop=19567, strand=+, nt=[ATGAAATGTA..AGTGAAATAA]
11:40:03.154 - INFO - CDS - seq=contig_41, start=19567, stop=23073, strand=+, nt=[ATGACAATAT..TGAAGCATAA]
11:40:03.154 - INFO - CDS - seq=contig_41, start=23063, stop=24589, strand=+, nt=[ATGAAGCATA..AAGACGTTGA]
11:40:03.154 - INFO - CDS - seq=contig_41, start=24589, stop=25782, strand=+, nt=[ATGGCACATA..TAATACATGA]
11:40:03.154 - INFO - CDS - seq=contig_41, start=25779, stop=26042, strand=+, nt=[ATGAGATTAG..AGAAGCGTAA]
11:40:03.154 - INFO - CDS - seq=contig_41, start=26060, stop=26452, strand=+, nt=[ATGAAAAATA..GAAAAAATAA]
11:40:03.154 - INFO - CDS - seq=contig_41, start=26557, stop=26958, strand=+, nt=[ATGTCAATCG..TAGACGTTAA]
11:40:03.154 - INFO - CDS - seq=contig_41, start=27138, stop=28433, strand=+, nt=[ATGCAGTTAA..AGATGAATAG]
11:40:03.154 - INFO - CDS - seq=contig_41, start=28438, stop=28977, strand=+, nt=[ATGCATAATG..TTCAAATTAA]
11:40:03.154 - INFO - CDS - seq=contig_41, start=29234, stop=31327, strand=+, nt=[ATGCAGAAAG..CAATAAATAA]
11:40:03.154 - INFO - CDS - seq=contig_41, start=31555, stop=32436, strand=+, nt=[ATGACACACG..TTTAGCGTAA]
11:40:03.155 - INFO - CDS - seq=contig_41, start=32615, stop=33547, strand=+, nt=[ATGGCACAAA..CGATGACTAA]
11:40:03.155 - INFO - CDS - seq=contig_41, start=33763, stop=34566, strand=+, nt=[ATGACTAAAA..TCTTTCTTAA]
11:40:03.155 - INFO - CDS - seq=contig_41, start=34544, stop=34909, strand=+, nt=[ATGCAAGACA..GAATAAATGA]
11:40:03.155 - INFO - CDS - seq=contig_41, start=34906, stop=35382, strand=+, nt=[ATGATTCAAG..ATATAAATAA]
11:40:03.155 - INFO - CDS - seq=contig_41, start=35921, stop=37408, strand=+, nt=[ATGTCAGAAG..ACAAAAATAA]
11:40:03.155 - INFO - CDS - seq=contig_42, start=112, stop=351, strand=-, frame=1, truncated=no, start-type=ATG, RBS-motif=GGA/GAG/AGG
11:40:03.156 - INFO - CDS - seq=contig_42, start=766, stop=2022, strand=-, frame=1, truncated=no, start-type=ATG, RBS-motif=AGGAGG
11:40:03.156 - INFO - CDS - seq=contig_42, start=2344, stop=2823, strand=-, frame=1, truncated=no, start-type=ATG, RBS-motif=GGAGG
11:40:03.156 - INFO - CDS - seq=contig_42, start=3191, stop=5509, strand=-, frame=3, truncated=no, start-type=ATG, RBS-motif=GGAGG
11:40:03.156 - INFO - CDS - seq=contig_42, start=5736, stop=6536, strand=-, frame=2, truncated=no, start-type=ATG, RBS-motif=GGA/GAG/AGG
11:40:03.156 - INFO - CDS - seq=contig_42, start=6925, stop=7713, strand=-, frame=1, truncated=no, start-type=ATG, RBS-motif=GGAGG
11:40:03.156 - INFO - CDS - seq=contig_42, start=7714, stop=9048, strand=-, frame=1, truncated=no, start-type=ATG, RBS-motif=None
11:40:03.156 - INFO - CDS - seq=contig_42, start=9041, stop=10867, strand=-, frame=3, truncated=no, start-type=ATG, RBS-motif=GGAG/GAGG
11:40:03.157 - INFO - CDS - seq=contig_42, start=10880, stop=11581, strand=-, frame=3, truncated=no, start-type=ATG, RBS-motif=GGAG/GAGG
11:40:03.157 - INFO - CDS - seq=contig_42, start=12784, stop=14067, strand=-, frame=1, truncated=no, start-type=ATG, RBS-motif=GGAGG
11:40:03.157 - INFO - CDS - seq=contig_42, start=14345, stop=15745, strand=-, frame=3, truncated=no, start-type=ATG, RBS-motif=AGGA/GGAG/GAGG
11:40:03.157 - INFO - CDS - seq=contig_42, start=15777, stop=16223, strand=-, frame=2, truncated=no, start-type=ATG, RBS-motif=AGGAG
11:40:03.157 - INFO - CDS - seq=contig_42, start=16220, stop=18187, strand=-, frame=3, truncated=no, start-type=ATG, RBS-motif=GGAG/GAGG
11:40:03.157 - INFO - CDS - seq=contig_42, start=18202, stop=19125, strand=-, frame=1, truncated=no, start-type=GTG, RBS-motif=GGAG/GAGG
11:40:03.157 - INFO - CDS - seq=contig_42, start=19433, stop=20401, strand=-, frame=3, truncated=no, start-type=ATG, RBS-motif=AGGAGG
11:40:03.157 - INFO - CDS - seq=contig_42, start=20764, stop=21093, strand=-, frame=1, truncated=no, start-type=ATG, RBS-motif=AGGAG(G)/GGAGG
11:40:03.157 - INFO - CDS - seq=contig_42, start=21090, stop=21785, strand=-, frame=2, truncated=no, start-type=ATG, RBS-motif=AGGAGG
11:40:03.157 - INFO - CDS - seq=contig_42, start=22436, stop=23722, strand=-, frame=3, truncated=no, start-type=ATG, RBS-motif=AGGA
11:40:03.158 - INFO - CDS - seq=contig_42, start=24101, stop=25615, strand=-, frame=3, truncated=no, start-type=ATG, RBS-motif=AGxAGG/AGGxGG
11:40:03.158 - INFO - CDS - seq=contig_42, start=25941, stop=26753, strand=+, frame=3, truncated=no, start-type=ATG, RBS-motif=GGAGG
11:40:03.158 - INFO - CDS - seq=contig_42, start=26841, stop=29510, strand=-, frame=2, truncated=no, start-type=ATG, RBS-motif=AGGAGG
11:40:03.158 - INFO - CDS - seq=contig_42, start=29547, stop=31481, strand=-, frame=2, truncated=no, start-type=ATG, RBS-motif=None
11:40:03.158 - INFO - CDS - seq=contig_42, start=31491, stop=32603, strand=-, frame=2, truncated=no, start-type=ATG, RBS-motif=GGA/GAG/AGG
11:40:03.158 - INFO - CDS - seq=contig_42, start=32600, stop=32836, strand=-, frame=3, truncated=no, start-type=TTG, RBS-motif=GGAG/GAGG
11:40:03.158 - INFO - CDS - seq=contig_42, start=33227, stop=34360, strand=-, frame=3, truncated=no, start-type=ATG, RBS-motif=AGGAG
11:40:03.158 - INFO - CDS - seq=contig_42, start=34638, stop=35999, strand=-, frame=2, truncated=no, start-type=ATG, RBS-motif=GGAG/GAGG
11:40:03.158 - INFO - CDS - seq=contig_42, start=36730, stop=36867, strand=+, frame=1, truncated=no, start-type=ATG, RBS-motif=GGAGG
11:40:03.158 - INFO - CDS - seq=contig_42, start=36994, stop=37341, strand=+, frame=1, truncated=no, start-type=TTG, RBS-motif=GGA/GAG/AGG
11:40:03.158 - INFO - CDS - seq=contig_42, start=37498, stop=38877, strand=+, frame=1, truncated=no, start-type=ATG, RBS-motif=AGGAGG
11:40:03.159 - INFO - CDS - seq=contig_42, start=38944, stop=40821, strand=+, frame=1, truncated=no, start-type=GTG, RBS-motif=AGGAGG
11:40:03.159 - INFO - CDS - seq=contig_42, start=40821, stop=41540, strand=+, frame=3, truncated=no, start-type=ATG, RBS-motif=GGA/GAG/AGG
11:40:03.159 - INFO - CDS - seq=contig_42, start=41583, stop=42422, strand=+, frame=3, truncated=no, start-type=ATG, RBS-motif=AGGAG
11:40:03.159 - INFO - CDS - seq=contig_42, start=112, stop=351, strand=-, nt=[ATGAGTGATA..AAAAATATAG]
11:40:03.159 - INFO - CDS - seq=contig_42, start=766, stop=2022, strand=-, nt=[ATGATAGACA..CGAAAAATGA]
11:40:03.159 - INFO - CDS - seq=contig_42, start=2344, stop=2823, strand=-, nt=[ATGAAAATCA..TCATAAATGA]
11:40:03.159 - INFO - CDS - seq=contig_42, start=3191, stop=5509, strand=-, nt=[ATGAAAGCTT..AGCTAGTTAA]
11:40:03.159 - INFO - CDS - seq=contig_42, start=5736, stop=6536, strand=-, nt=[ATGAGCCGCT..TACAATATAA]
11:40:03.159 - INFO - CDS - seq=contig_42, start=6925, stop=7713, strand=-, nt=[ATGAACTGGA..TAATCATTAA]
11:40:03.159 - INFO - CDS - seq=contig_42, start=7714, stop=9048, strand=-, nt=[ATGAATAATA..GCTTGAATAA]
11:40:03.159 - INFO - CDS - seq=contig_42, start=9041, stop=10867, strand=-, nt=[ATGAAGTGGC..GGATGAATAA]
11:40:03.160 - INFO - CDS - seq=contig_42, start=10880, stop=11581, strand=-, nt=[ATGGCTAGAA..ACATGAGTAG]
11:40:03.160 - INFO - CDS - seq=contig_42, start=12784, stop=14067, strand=-, nt=[ATGTCATCAA..ATTGTGGTAG]
11:40:03.160 - INFO - CDS - seq=contig_42, start=14345, stop=15745, strand=-, nt=[ATGGATAGAA..TATGATGTAA]
11:40:03.160 - INFO - CDS - seq=contig_42, start=15777, stop=16223, strand=-, nt=[ATGAAAGTAA..TGAACAATAA]
11:40:03.160 - INFO - CDS - seq=contig_42, start=16220, stop=18187, strand=-, nt=[ATGAATCGGC..AGATGCATGA]
11:40:03.160 - INFO - CDS - seq=contig_42, start=18202, stop=19125, strand=-, nt=[GTGTTTTCAA..TAAAAAGTGA]
11:40:03.160 - INFO - CDS - seq=contig_42, start=19433, stop=20401, strand=-, nt=[ATGACAAATT..GCGTAAGTAA]
11:40:03.160 - INFO - CDS - seq=contig_42, start=20764, stop=21093, strand=-, nt=[ATGATAACTC..TTTCTTTTAA]
11:40:03.160 - INFO - CDS - seq=contig_42, start=21090, stop=21785, strand=-, nt=[ATGGCAACAC..GGAACGATGA]
11:40:03.160 - INFO - CDS - seq=contig_42, start=22436, stop=23722, strand=-, nt=[ATGTTAGACA..AGTTAAATAA]
11:40:03.161 - INFO - CDS - seq=contig_42, start=24101, stop=25615, strand=-, nt=[ATGACTTTAT..ATGTCACTAA]
11:40:03.161 - INFO - CDS - seq=contig_42, start=25941, stop=26753, strand=+, nt=[ATGGAAACGT..AGAAAGTTAA]
11:40:03.161 - INFO - CDS - seq=contig_42, start=26841, stop=29510, strand=-, nt=[ATGGCTGAAT..TGAAGAATAA]
11:40:03.161 - INFO - CDS - seq=contig_42, start=29547, stop=31481, strand=-, nt=[ATGGTGACTG..AGACTTCTAA]
11:40:03.161 - INFO - CDS - seq=contig_42, start=31491, stop=32603, strand=-, nt=[ATGAAGTTAA..TATAAAGTAA]
11:40:03.161 - INFO - CDS - seq=contig_42, start=32600, stop=32836, strand=-, nt=[TTGGTTCAAG..TGAACAATGA]
11:40:03.161 - INFO - CDS - seq=contig_42, start=33227, stop=34360, strand=-, nt=[ATGATGGAAT..AACTTACTAA]
11:40:03.161 - INFO - CDS - seq=contig_42, start=34638, stop=35999, strand=-, nt=[ATGTCGGAAA..AAATGTATAA]
11:40:03.162 - INFO - CDS - seq=contig_42, start=36730, stop=36867, strand=+, nt=[ATGGTAAAAC..ATCTGCATAA]
11:40:03.162 - INFO - CDS - seq=contig_42, start=36994, stop=37341, strand=+, nt=[TTGGAAAAAG..GATTAAGTAA]
11:40:03.162 - INFO - CDS - seq=contig_42, start=37498, stop=38877, strand=+, nt=[ATGGATTTAG..AGGTAAATAG]
11:40:03.162 - INFO - CDS - seq=contig_42, start=38944, stop=40821, strand=+, nt=[GTGGTTCAAG..GAGTGACTAA]
11:40:03.162 - INFO - CDS - seq=contig_42, start=40821, stop=41540, strand=+, nt=[ATGACTGTAG..TGAAAAATAA]
11:40:03.162 - INFO - CDS - seq=contig_42, start=41583, stop=42422, strand=+, nt=[ATGAAAAAAC..TAAACGTTAG]
11:40:03.163 - INFO - CDS - seq=contig_43, start=26, stop=325, strand=+, frame=2, truncated=no, start-type=GTG, RBS-motif=AGGAG/GGAGG
11:40:03.163 - INFO - CDS - seq=contig_43, start=336, stop=821, strand=+, frame=3, truncated=no, start-type=ATG, RBS-motif=GGA/GAG/AGG
11:40:03.163 - INFO - CDS - seq=contig_43, start=1446, stop=1820, strand=+, frame=3, truncated=no, start-type=ATG, RBS-motif=AGGAG
11:40:03.163 - INFO - CDS - seq=contig_43, start=1970, stop=2368, strand=+, frame=2, truncated=no, start-type=ATG, RBS-motif=AGGAG
11:40:03.163 - INFO - CDS - seq=contig_43, start=2584, stop=3408, strand=-, frame=3, truncated=no, start-type=GTG, RBS-motif=GGAG/GAGG
11:40:03.163 - INFO - CDS - seq=contig_43, start=3645, stop=4952, strand=-, frame=1, truncated=no, start-type=TTG, RBS-motif=AGGA
11:40:03.163 - INFO - CDS - seq=contig_43, start=5536, stop=6426, strand=+, frame=1, truncated=no, start-type=ATG, RBS-motif=GGAG/GAGG
11:40:03.163 - INFO - CDS - seq=contig_43, start=6675, stop=7724, strand=+, frame=3, truncated=no, start-type=ATG, RBS-motif=GGAG/GAGG
11:40:03.163 - INFO - CDS - seq=contig_43, start=7737, stop=8414, strand=+, frame=3, truncated=no, start-type=ATG, RBS-motif=AGGAGG
11:40:03.164 - INFO - CDS - seq=contig_43, start=8622, stop=9653, strand=+, frame=3, truncated=no, start-type=ATG, RBS-motif=GGxGG
11:40:03.164 - INFO - CDS - seq=contig_43, start=9996, stop=11114, strand=+, frame=3, truncated=no, start-type=ATG, RBS-motif=AGGAGG
11:40:03.164 - INFO - CDS - seq=contig_43, start=11089, stop=12012, strand=+, frame=1, truncated=no, start-type=ATG, RBS-motif=GGAGG
11:40:03.164 - INFO - CDS - seq=contig_43, start=12023, stop=13243, strand=+, frame=2, truncated=no, start-type=ATG, RBS-motif=GGA/GAG/AGG
11:40:03.164 - INFO - CDS - seq=contig_43, start=13348, stop=14880, strand=-, frame=3, truncated=no, start-type=ATG, RBS-motif=GGA/GAG/AGG
11:40:03.164 - INFO - CDS - seq=contig_43, start=14920, stop=15801, strand=-, frame=3, truncated=no, start-type=ATG, RBS-motif=GGAGG
11:40:03.164 - INFO - CDS - seq=contig_43, start=15959, stop=16819, strand=+, frame=2, truncated=no, start-type=GTG, RBS-motif=GGAG/GAGG
11:40:03.164 - INFO - CDS - seq=contig_43, start=17096, stop=17896, strand=-, frame=2, truncated=no, start-type=ATG, RBS-motif=GGA/GAG/AGG
11:40:03.164 - INFO - CDS - seq=contig_43, start=18036, stop=18704, strand=+, frame=3, truncated=no, start-type=ATG, RBS-motif=GGAG/GAGG
11:40:03.164 - INFO - CDS - seq=contig_43, start=18835, stop=20196, strand=-, frame=3, truncated=no, start-type=ATG, RBS-motif=GGA/GAG/AGG
11:40:03.165 - INFO - CDS - seq=contig_43, start=20566, stop=22641, strand=+, frame=1, truncated=no, start-type=ATG, RBS-motif=GGAG/GAGG
11:40:03.165 - INFO - CDS - seq=contig_43, start=22883, stop=23710, strand=-, frame=2, truncated=no, start-type=GTG, RBS-motif=AGGAG/GGAGG
11:40:03.165 - INFO - CDS - seq=contig_43, start=23783, stop=24982, strand=-, frame=2, truncated=no, start-type=ATG, RBS-motif=AGGA
11:40:03.165 - INFO - CDS - seq=contig_43, start=25284, stop=26285, strand=+, frame=3, truncated=no, start-type=TTG, RBS-motif=GGAG/GAGG
11:40:03.165 - INFO - CDS - seq=contig_43, start=26319, stop=26651, strand=+, frame=3, truncated=no, start-type=ATG, RBS-motif=AGGA
11:40:03.165 - INFO - CDS - seq=contig_43, start=26652, stop=27452, strand=+, frame=3, truncated=no, start-type=ATG, RBS-motif=GGAGG
11:40:03.165 - INFO - CDS - seq=contig_43, start=27442, stop=28386, strand=+, frame=1, truncated=no, start-type=ATG, RBS-motif=AGGAGG
11:40:03.165 - INFO - CDS - seq=contig_43, start=28364, stop=29386, strand=+, frame=2, truncated=no, start-type=ATG, RBS-motif=GGAG/GAGG
11:40:03.165 - INFO - CDS - seq=contig_43, start=29702, stop=30727, strand=+, frame=2, truncated=no, start-type=ATG, RBS-motif=AGGAG
11:40:03.165 - INFO - CDS - seq=contig_43, start=30821, stop=32167, strand=-, frame=2, truncated=no, start-type=ATG, RBS-motif=AGGAGG
11:40:03.165 - INFO - CDS - seq=contig_43, start=32182, stop=32466, strand=-, frame=3, truncated=no, start-type=ATG, RBS-motif=AGGAG
11:40:03.166 - INFO - CDS - seq=contig_43, start=32468, stop=32911, strand=-, frame=2, truncated=no, start-type=GTG, RBS-motif=AGGAGG
11:40:03.166 - INFO - CDS - seq=contig_43, start=32916, stop=34871, strand=-, frame=1, truncated=no, start-type=TTG, RBS-motif=AGGAGG
11:40:03.166 - INFO - CDS - seq=contig_43, start=35083, stop=35502, strand=+, frame=1, truncated=no, start-type=ATG, RBS-motif=GGxGG
11:40:03.166 - INFO - CDS - seq=contig_43, start=35609, stop=36964, strand=+, frame=2, truncated=no, start-type=ATG, RBS-motif=AGGAG
11:40:03.166 - INFO - CDS - seq=contig_43, start=37068, stop=37526, strand=+, frame=3, truncated=no, start-type=ATG, RBS-motif=GGA/GAG/AGG
11:40:03.166 - INFO - CDS - seq=contig_43, start=37590, stop=38948, strand=-, frame=1, truncated=no, start-type=ATG, RBS-motif=AGGAGG
11:40:03.166 - INFO - CDS - seq=contig_43, start=39260, stop=40186, strand=+, frame=2, truncated=no, start-type=ATG, RBS-motif=AGGAGG
11:40:03.166 - INFO - CDS - seq=contig_43, start=40200, stop=41261, strand=+, frame=3, truncated=no, start-type=ATG, RBS-motif=AGGAG
11:40:03.166 - INFO - CDS - seq=contig_43, start=41275, stop=41841, strand=+, frame=1, truncated=no, start-type=ATG, RBS-motif=AGGAGG
11:40:03.166 - INFO - CDS - seq=contig_43, start=41900, stop=42895, strand=-, frame=2, truncated=no, start-type=ATG, RBS-motif=AGGAGG
11:40:03.167 - INFO - CDS - seq=contig_43, start=43260, stop=43805, strand=+, frame=3, truncated=no, start-type=ATG, RBS-motif=GGAG/GAGG
11:40:03.167 - INFO - CDS - seq=contig_43, start=44072, stop=44926, strand=+, frame=2, truncated=no, start-type=ATG, RBS-motif=GGAG/GAGG
11:40:03.167 - INFO - CDS - seq=contig_43, start=44923, stop=46152, strand=+, frame=1, truncated=no, start-type=ATG, RBS-motif=None
11:40:03.167 - INFO - CDS - seq=contig_43, start=46133, stop=47845, strand=+, frame=2, truncated=no, start-type=GTG, RBS-motif=GGAGG
11:40:03.167 - INFO - CDS - seq=contig_43, start=48086, stop=48691, strand=-, frame=2, truncated=no, start-type=ATG, RBS-motif=None
11:40:03.167 - INFO - CDS - seq=contig_43, start=48804, stop=49019, strand=-, frame=1, truncated=no, start-type=ATG, RBS-motif=GGAG/GAGG
11:40:03.167 - INFO - CDS - seq=contig_43, start=49127, stop=49516, strand=-, frame=2, truncated=no, start-type=ATG, RBS-motif=AGGAG
11:40:03.167 - INFO - CDS - seq=contig_43, start=49756, stop=49959, strand=+, frame=1, truncated=no, start-type=GTG, RBS-motif=AGGAG
11:40:03.167 - INFO - CDS - seq=contig_43, start=49956, stop=50669, strand=+, frame=3, truncated=no, start-type=ATG, RBS-motif=AGGAGG
11:40:03.167 - INFO - CDS - seq=contig_43, start=50694, stop=51536, strand=+, frame=3, truncated=no, start-type=ATG, RBS-motif=AGGAG
11:40:03.168 - INFO - CDS - seq=contig_43, start=51536, stop=52165, strand=+, frame=2, truncated=no, start-type=ATG, RBS-motif=GGAG/GAGG
11:40:03.168 - INFO - CDS - seq=contig_43, start=52552, stop=53685, strand=-, frame=3, truncated=no, start-type=ATG, RBS-motif=AGGAG
11:40:03.168 - INFO - CDS - seq=contig_43, start=54224, stop=55405, strand=+, frame=2, truncated=no, start-type=ATG, RBS-motif=AGGAG/GGAGG
11:40:03.169 - INFO - CDS - seq=contig_43, start=55488, stop=56240, strand=-, frame=1, truncated=no, start-type=ATG, RBS-motif=None
11:40:03.169 - INFO - CDS - seq=contig_43, start=56283, stop=58511, strand=-, frame=1, truncated=no, start-type=ATG, RBS-motif=AGGAGG
11:40:03.169 - INFO - CDS - seq=contig_43, start=58508, stop=60349, strand=-, frame=2, truncated=no, start-type=ATG, RBS-motif=AGGAGG
11:40:03.169 - INFO - CDS - seq=contig_43, start=60318, stop=61478, strand=-, frame=1, truncated=no, start-type=ATG, RBS-motif=GGAG/GAGG
11:40:03.169 - INFO - CDS - seq=contig_43, start=61475, stop=62578, strand=-, frame=2, truncated=no, start-type=ATG, RBS-motif=AGGAGG
11:40:03.169 - INFO - CDS - seq=contig_43, start=63240, stop=64085, strand=+, frame=3, truncated=no, start-type=GTG, RBS-motif=None
11:40:03.169 - INFO - CDS - seq=contig_43, start=64239, stop=65120, strand=+, frame=3, truncated=no, start-type=ATG, RBS-motif=AGGA/GGAG/GAGG
11:40:03.169 - INFO - CDS - seq=contig_43, start=65150, stop=65353, strand=+, frame=2, truncated=no, start-type=ATG, RBS-motif=GGAGG
11:40:03.169 - INFO - CDS - seq=contig_43, start=65365, stop=66462, strand=+, frame=1, truncated=no, start-type=ATG, RBS-motif=AGGAG
11:40:03.169 - INFO - CDS - seq=contig_43, start=66548, stop=66739, strand=-, frame=2, truncated=no, start-type=ATG, RBS-motif=GGAG/GAGG
11:40:03.170 - INFO - CDS - seq=contig_43, start=66983, stop=67279, strand=+, frame=2, truncated=no, start-type=ATG, RBS-motif=AGGAGG
11:40:03.170 - INFO - CDS - seq=contig_43, start=67300, stop=67803, strand=+, frame=1, truncated=no, start-type=ATG, RBS-motif=GGAG/GAGG
11:40:03.170 - INFO - CDS - seq=contig_43, start=67855, stop=68097, strand=+, frame=1, truncated=no, start-type=ATG, RBS-motif=AGGAGG
11:40:03.170 - INFO - CDS - seq=contig_43, start=68374, stop=69348, strand=-, frame=3, truncated=no, start-type=TTG, RBS-motif=GGAG/GAGG
11:40:03.170 - INFO - CDS - seq=contig_43, start=70270, stop=70881, strand=+, frame=1, truncated=no, start-type=ATG, RBS-motif=AGGAGG
11:40:03.170 - INFO - CDS - seq=contig_43, start=71250, stop=71618, strand=+, frame=3, truncated=no, start-type=TTG, RBS-motif=GGAG/GAGG
11:40:03.170 - INFO - CDS - seq=contig_43, start=71799, stop=72371, strand=+, frame=3, truncated=no, start-type=ATG, RBS-motif=GGA/GAG/AGG
11:40:03.170 - INFO - CDS - seq=contig_43, start=72508, stop=72771, strand=-, frame=3, truncated=no, start-type=ATG, RBS-motif=GGAG/GAGG
11:40:03.170 - INFO - CDS - seq=contig_43, start=73071, stop=73322, strand=+, frame=3, truncated=no, start-type=ATG, RBS-motif=AGGAG
11:40:03.170 - INFO - CDS - seq=contig_43, start=73748, stop=74329, strand=+, frame=2, truncated=no, start-type=ATG, RBS-motif=AGGAG
11:40:03.171 - INFO - CDS - seq=contig_43, start=74395, stop=74781, strand=-, frame=3, truncated=no, start-type=ATG, RBS-motif=AGGA
11:40:03.171 - INFO - CDS - seq=contig_43, start=74840, stop=74935, strand=+, frame=2, truncated=no, start-type=ATG, RBS-motif=GGA/GAG/AGG
11:40:03.171 - INFO - CDS - seq=contig_43, start=75048, stop=75674, strand=-, frame=1, truncated=no, start-type=ATG, RBS-motif=AGGAG/GGAGG
11:40:03.171 - INFO - CDS - seq=contig_43, start=75747, stop=75992, strand=-, frame=1, truncated=no, start-type=ATG, RBS-motif=None
11:40:03.171 - INFO - CDS - seq=contig_43, start=76118, stop=77641, strand=-, frame=2, truncated=no, start-type=ATG, RBS-motif=AGGAGG
11:40:03.171 - INFO - CDS - seq=contig_43, start=77657, stop=78226, strand=-, frame=2, truncated=no, start-type=ATG, RBS-motif=AGGAGG
11:40:03.171 - INFO - CDS - seq=contig_43, start=78718, stop=79473, strand=+, frame=1, truncated=no, start-type=GTG, RBS-motif=AGGAG
11:40:03.171 - INFO - CDS - seq=contig_43, start=79553, stop=80941, strand=-, frame=2, truncated=no, start-type=ATG, RBS-motif=AGGAG
11:40:03.171 - INFO - CDS - seq=contig_43, start=81895, stop=83112, strand=-, frame=3, truncated=no, start-type=ATG, RBS-motif=AGGAG
11:40:03.171 - INFO - CDS - seq=contig_43, start=83194, stop=83397, strand=-, frame=3, truncated=no, start-type=ATG, RBS-motif=AGGAGG
11:40:03.172 - INFO - CDS - seq=contig_43, start=83858, stop=84088, strand=-, frame=2, truncated=no, start-type=ATG, RBS-motif=GGAGG
11:40:03.172 - INFO - CDS - seq=contig_43, start=84085, stop=84507, strand=-, frame=3, truncated=no, start-type=ATG, RBS-motif=AGxAGG/AGGxGG
11:40:03.172 - INFO - CDS - seq=contig_43, start=85012, stop=85365, strand=+, frame=1, truncated=no, start-type=ATG, RBS-motif=GGAG/GAGG
11:40:03.172 - INFO - CDS - seq=contig_43, start=85711, stop=87630, strand=-, frame=3, truncated=no, start-type=ATG, RBS-motif=GGAGG
11:40:03.172 - INFO - CDS - seq=contig_43, start=88007, stop=88939, strand=-, frame=2, truncated=no, start-type=ATG, RBS-motif=AGxAGG/AGGxGG
11:40:03.172 - INFO - CDS - seq=contig_43, start=88936, stop=89937, strand=-, frame=3, truncated=no, start-type=ATG, RBS-motif=None
11:40:03.172 - INFO - CDS - seq=contig_43, start=89934, stop=92111, strand=-, frame=1, truncated=no, start-type=GTG, RBS-motif=GGAG/GAGG
11:40:03.172 - INFO - CDS - seq=contig_43, start=92114, stop=94561, strand=-, frame=2, truncated=no, start-type=ATG, RBS-motif=AGGAG
11:40:03.172 - INFO - CDS - seq=contig_43, start=95026, stop=95523, strand=-, frame=3, truncated=no, start-type=ATG, RBS-motif=AGGA
11:40:03.172 - INFO - CDS - seq=contig_43, start=95640, stop=95861, strand=-, frame=1, truncated=no, start-type=ATG, RBS-motif=AGGAG
11:40:03.173 - INFO - CDS - seq=contig_43, start=95904, stop=97109, strand=-, frame=1, truncated=no, start-type=TTG, RBS-motif=None
11:40:03.173 - INFO - CDS - seq=contig_43, start=97287, stop=98672, strand=-, frame=1, truncated=no, start-type=ATG, RBS-motif=AGGAG
11:40:03.173 - INFO - CDS - seq=contig_43, start=98701, stop=99084, strand=-, frame=3, truncated=no, start-type=ATG, RBS-motif=GGAG/GAGG
11:40:03.173 - INFO - CDS - seq=contig_43, start=99103, stop=99417, strand=-, frame=3, truncated=no, start-type=ATG, RBS-motif=GGA/GAG/AGG
11:40:03.173 - INFO - CDS - seq=contig_43, start=26, stop=325, strand=+, nt=[GTGCAAGTAT..TGAACTATAG]
11:40:03.173 - INFO - CDS - seq=contig_43, start=336, stop=821, strand=+, nt=[ATGATTTTCG..CCAAGAGTAG]
11:40:03.173 - INFO - CDS - seq=contig_43, start=1446, stop=1820, strand=+, nt=[ATGAAAAGAA..AAAAGATTAA]
11:40:03.173 - INFO - CDS - seq=contig_43, start=1970, stop=2368, strand=+, nt=[ATGGAAAAAT..CTTATCATAA]
11:40:03.173 - INFO - CDS - seq=contig_43, start=2584, stop=3408, strand=-, nt=[GTGAAGGAGA..AAATAATTAA]
11:40:03.173 - INFO - CDS - seq=contig_43, start=3645, stop=4952, strand=-, nt=[TTGAAAAAAC..GACAACTTAA]
11:40:03.173 - INFO - CDS - seq=contig_43, start=5536, stop=6426, strand=+, nt=[ATGAATAAAA..AGTTAAATAA]
11:40:03.174 - INFO - CDS - seq=contig_43, start=6675, stop=7724, strand=+, nt=[ATGTTTTTAG..GATTGGGTAG]
11:40:03.174 - INFO - CDS - seq=contig_43, start=7737, stop=8414, strand=+, nt=[ATGTTGAAAT..AGTAGAATAG]
11:40:03.174 - INFO - CDS - seq=contig_43, start=8622, stop=9653, strand=+, nt=[ATGGATTTAA..TGACGCATAG]
11:40:03.174 - INFO - CDS - seq=contig_43, start=9996, stop=11114, strand=+, nt=[ATGAGCGATT..AGTATATTGA]
11:40:03.174 - INFO - CDS - seq=contig_43, start=11089, stop=12012, strand=+, nt=[ATGGCAAATT..ATTATTGTAG]
11:40:03.174 - INFO - CDS - seq=contig_43, start=12023, stop=13243, strand=+, nt=[ATGAATATTT..AGTATTGTAA]
11:40:03.175 - INFO - CDS - seq=contig_43, start=13348, stop=14880, strand=-, nt=[ATGAAAGAAG..GAATAAGTAG]
11:40:03.175 - INFO - CDS - seq=contig_43, start=14920, stop=15801, strand=-, nt=[ATGAACAAAG..CGATTTATAG]
11:40:03.175 - INFO - CDS - seq=contig_43, start=15959, stop=16819, strand=+, nt=[GTGTATTACA..TTTGCAATGA]
11:40:03.175 - INFO - CDS - seq=contig_43, start=17096, stop=17896, strand=-, nt=[ATGAAATTTG..CAACAAATAA]
11:40:03.175 - INFO - CDS - seq=contig_43, start=18036, stop=18704, strand=+, nt=[ATGTTACCAC..GGAAGATTAA]
11:40:03.175 - INFO - CDS - seq=contig_43, start=18835, stop=20196, strand=-, nt=[ATGCATCATA..TTTTGGATAA]
11:40:03.175 - INFO - CDS - seq=contig_43, start=20566, stop=22641, strand=+, nt=[ATGTTAAGAG..AGCAAGTTAA]
11:40:03.175 - INFO - CDS - seq=contig_43, start=22883, stop=23710, strand=-, nt=[GTGACTGAAA..AATGGTGTAA]
11:40:03.175 - INFO - CDS - seq=contig_43, start=23783, stop=24982, strand=-, nt=[ATGTACCGAT..ATCGTCTTAA]
11:40:03.175 - INFO - CDS - seq=contig_43, start=25284, stop=26285, strand=+, nt=[TTGGTTAAAT..TTATTTGTAG]
11:40:03.176 - INFO - CDS - seq=contig_43, start=26319, stop=26651, strand=+, nt=[ATGAAAAAGT..GGAGGCTTAA]
11:40:03.176 - INFO - CDS - seq=contig_43, start=26652, stop=27452, strand=+, nt=[ATGGAAACGT..TGCAGAGTAG]
11:40:03.176 - INFO - CDS - seq=contig_43, start=27442, stop=28386, strand=+, nt=[ATGCAGAGTA..AACCGATTAG]
11:40:03.176 - INFO - CDS - seq=contig_43, start=28364, stop=29386, strand=+, nt=[ATGTACTTAA..TTTAAGTTAA]
11:40:03.176 - INFO - CDS - seq=contig_43, start=29702, stop=30727, strand=+, nt=[ATGAATAATA..TTTAATATAA]
11:40:03.176 - INFO - CDS - seq=contig_43, start=30821, stop=32167, strand=-, nt=[ATGCAAGCAA..ACAGCAATAG]
11:40:03.176 - INFO - CDS - seq=contig_43, start=32182, stop=32466, strand=-, nt=[ATGAAAATTT..CATGATTTAA]
11:40:03.176 - INFO - CDS - seq=contig_43, start=32468, stop=32911, strand=-, nt=[GTGTCATTAG..GCATGATTAA]
11:40:03.176 - INFO - CDS - seq=contig_43, start=32916, stop=34871, strand=-, nt=[TTGTTAAGTT..GGAGGTTTAA]
11:40:03.176 - INFO - CDS - seq=contig_43, start=35083, stop=35502, strand=+, nt=[ATGGAATTCA..TTTACAATAA]
11:40:03.176 - INFO - CDS - seq=contig_43, start=35609, stop=36964, strand=+, nt=[ATGAAAGACG..AGAAGGTTAA]
11:40:03.176 - INFO - CDS - seq=contig_43, start=37068, stop=37526, strand=+, nt=[ATGTACAAAT..ATATGGTTGA]
11:40:03.177 - INFO - CDS - seq=contig_43, start=37590, stop=38948, strand=-, nt=[ATGAATTTTC..TCATCATTAA]
11:40:03.177 - INFO - CDS - seq=contig_43, start=39260, stop=40186, strand=+, nt=[ATGAATATAG..CGAAATATAA]
11:40:03.177 - INFO - CDS - seq=contig_43, start=40200, stop=41261, strand=+, nt=[ATGGCCAAAT..ATCAAAATAG]
11:40:03.177 - INFO - CDS - seq=contig_43, start=41275, stop=41841, strand=+, nt=[ATGAATATTG..CGACTTTTAA]
11:40:03.177 - INFO - CDS - seq=contig_43, start=41900, stop=42895, strand=-, nt=[ATGGCATCAT..ATATAGTTAA]
11:40:03.177 - INFO - CDS - seq=contig_43, start=43260, stop=43805, strand=+, nt=[ATGTTTGGAA..CCAAAAATGA]
11:40:03.177 - INFO - CDS - seq=contig_43, start=44072, stop=44926, strand=+, nt=[ATGAAAAAGT..TACTGAATGA]
11:40:03.177 - INFO - CDS - seq=contig_43, start=44923, stop=46152, strand=+, nt=[ATGACAAATT..ATTTGACTAA]
11:40:03.177 - INFO - CDS - seq=contig_43, start=46133, stop=47845, strand=+, nt=[GTGAAACATT..TAAAAAATAA]
11:40:03.177 - INFO - CDS - seq=contig_43, start=48086, stop=48691, strand=-, nt=[ATGACACCAT..AACACATTAA]
11:40:03.178 - INFO - CDS - seq=contig_43, start=48804, stop=49019, strand=-, nt=[ATGATAACTA..AGAGCAATAG]
11:40:03.178 - INFO - CDS - seq=contig_43, start=49127, stop=49516, strand=-, nt=[ATGGCATTTA..ACCTCAGTAA]
11:40:03.178 - INFO - CDS - seq=contig_43, start=49756, stop=49959, strand=+, nt=[GTGCGTAATC..TGAAGCATGA]
11:40:03.178 - INFO - CDS - seq=contig_43, start=49956, stop=50669, strand=+, nt=[ATGAAAATAC..TTTTTATTAA]
11:40:03.178 - INFO - CDS - seq=contig_43, start=50694, stop=51536, strand=+, nt=[ATGACAACAT..TGAAGTATAA]
11:40:03.178 - INFO - CDS - seq=contig_43, start=51536, stop=52165, strand=+, nt=[ATGAAAGGTA..AGAACTATAA]
11:40:03.178 - INFO - CDS - seq=contig_43, start=52552, stop=53685, strand=-, nt=[ATGGTTAATG..ACATGAATAA]
11:40:03.178 - INFO - CDS - seq=contig_43, start=54224, stop=55405, strand=+, nt=[ATGACGAGAG..GTATAAATAA]
11:40:03.178 - INFO - CDS - seq=contig_43, start=55488, stop=56240, strand=-, nt=[ATGACACAAT..AAATGACTAA]
11:40:03.178 - INFO - CDS - seq=contig_43, start=56283, stop=58511, strand=-, nt=[ATGACAACAA..CCAAGAATAA]
11:40:03.178 - INFO - CDS - seq=contig_43, start=58508, stop=60349, strand=-, nt=[ATGAGTCAAT..AATATTATGA]
11:40:03.178 - INFO - CDS - seq=contig_43, start=60318, stop=61478, strand=-, nt=[ATGACACTTT..TGAAAGATAA]
11:40:03.179 - INFO - CDS - seq=contig_43, start=61475, stop=62578, strand=-, nt=[ATGAAGGATA..GATTGTATGA]
11:40:03.179 - INFO - CDS - seq=contig_43, start=63240, stop=64085, strand=+, nt=[GTGAGTGAAT..TGGTAAATAG]
11:40:03.179 - INFO - CDS - seq=contig_43, start=64239, stop=65120, strand=+, nt=[ATGGATCAAG..CGGTGTTTAG]
11:40:03.179 - INFO - CDS - seq=contig_43, start=65150, stop=65353, strand=+, nt=[ATGGCGTCAA..ACAAAGATAG]
11:40:03.179 - INFO - CDS - seq=contig_43, start=65365, stop=66462, strand=+, nt=[ATGGCTTTAA..TAATGTATAA]
11:40:03.179 - INFO - CDS - seq=contig_43, start=66548, stop=66739, strand=-, nt=[ATGAATTTAA..ATTCTTTTAA]
11:40:03.179 - INFO - CDS - seq=contig_43, start=66983, stop=67279, strand=+, nt=[ATGAGAACAT..AGACAAGTAA]
11:40:03.179 - INFO - CDS - seq=contig_43, start=67300, stop=67803, strand=+, nt=[ATGCTAAATA..ACCATTCTAA]
11:40:03.179 - INFO - CDS - seq=contig_43, start=67855, stop=68097, strand=+, nt=[ATGGCAGGTG..AGAACAATAA]
11:40:03.179 - INFO - CDS - seq=contig_43, start=68374, stop=69348, strand=-, nt=[TTGGAAAAAG..AAAAGTATAA]
11:40:03.179 - INFO - CDS - seq=contig_43, start=70270, stop=70881, strand=+, nt=[ATGTTCAAAA..ACAAGTTTGA]
11:40:03.179 - INFO - CDS - seq=contig_43, start=71250, stop=71618, strand=+, nt=[TTGAAAACGA..GAGTCGATAA]
11:40:03.180 - INFO - CDS - seq=contig_43, start=71799, stop=72371, strand=+, nt=[ATGAAATTAA..AGATCACTAA]
11:40:03.180 - INFO - CDS - seq=contig_43, start=72508, stop=72771, strand=-, nt=[ATGAATATGC..GGATAAATAG]
11:40:03.180 - INFO - CDS - seq=contig_43, start=73071, stop=73322, strand=+, nt=[ATGTTTGGAT..GCGTAAATAA]
11:40:03.180 - INFO - CDS - seq=contig_43, start=73748, stop=74329, strand=+, nt=[ATGACGATTT..CATTGAATAG]
11:40:03.180 - INFO - CDS - seq=contig_43, start=74395, stop=74781, strand=-, nt=[ATGATGAAAG..TTCCCATTAA]
11:40:03.180 - INFO - CDS - seq=contig_43, start=74840, stop=74935, strand=+, nt=[ATGCGTCAAC..AAAATGGTAA]
11:40:03.180 - INFO - CDS - seq=contig_43, start=75048, stop=75674, strand=-, nt=[ATGAAAAAGA..CGATAAATAA]
11:40:03.181 - INFO - CDS - seq=contig_43, start=75747, stop=75992, strand=-, nt=[ATGTACCTCT..TCCAAACTAA]
11:40:03.181 - INFO - CDS - seq=contig_43, start=76118, stop=77641, strand=-, nt=[ATGCTTAATG..CAGAAACTAA]
11:40:03.181 - INFO - CDS - seq=contig_43, start=77657, stop=78226, strand=-, nt=[ATGTCATTAA..TAAAATCTAA]
11:40:03.181 - INFO - CDS - seq=contig_43, start=78718, stop=79473, strand=+, nt=[GTGTCAGATT..ACAGCGATAG]
11:40:03.181 - INFO - CDS - seq=contig_43, start=79553, stop=80941, strand=-, nt=[ATGAATGCTT..TTCACACTAA]
11:40:03.181 - INFO - CDS - seq=contig_43, start=81895, stop=83112, strand=-, nt=[ATGTCAGAAA..TGTTGCTTAG]
11:40:03.181 - INFO - CDS - seq=contig_43, start=83194, stop=83397, strand=-, nt=[ATGAAGCAGA..CGCAATCTAG]
11:40:03.181 - INFO - CDS - seq=contig_43, start=83858, stop=84088, strand=-, nt=[ATGAAAACAC..AATTAAGTAA]
11:40:03.182 - INFO - CDS - seq=contig_43, start=84085, stop=84507, strand=-, nt=[ATGAAACCAT..TGAAGAATGA]
11:40:03.182 - INFO - CDS - seq=contig_43, start=85012, stop=85365, strand=+, nt=[ATGCGTAAAA..CGAAGACTAA]
11:40:03.182 - INFO - CDS - seq=contig_43, start=85711, stop=87630, strand=-, nt=[ATGAAAATTA..AATAACTTAG]
11:40:03.182 - INFO - CDS - seq=contig_43, start=88007, stop=88939, strand=-, nt=[ATGAGAAAGG..TATAGAATAA]
11:40:03.182 - INFO - CDS - seq=contig_43, start=88936, stop=89937, strand=-, nt=[ATGAAGTTGA..CAAACAATGA]
11:40:03.182 - INFO - CDS - seq=contig_43, start=89934, stop=92111, strand=-, nt=[GTGAAACCAT..GAAACCATGA]
11:40:03.182 - INFO - CDS - seq=contig_43, start=92114, stop=94561, strand=-, nt=[ATGGCATATC..AGAGGTGTAA]
11:40:03.182 - INFO - CDS - seq=contig_43, start=95026, stop=95523, strand=-, nt=[ATGGACGATA..CGTCTATTAA]
11:40:03.182 - INFO - CDS - seq=contig_43, start=95640, stop=95861, strand=-, nt=[ATGAATTTTG..TGGTGCTTAA]
11:40:03.182 - INFO - CDS - seq=contig_43, start=95904, stop=97109, strand=-, nt=[TTGGAGGGAT..AAAAAAATAA]
11:40:03.182 - INFO - CDS - seq=contig_43, start=97287, stop=98672, strand=-, nt=[ATGAAACAGC..TGTGGACTGA]
11:40:03.182 - INFO - CDS - seq=contig_43, start=98701, stop=99084, strand=-, nt=[ATGAGATTAG..AGACAAATAG]
11:40:03.183 - INFO - CDS - seq=contig_43, start=99103, stop=99417, strand=-, nt=[ATGGAACTTA..AAAAGAATAA]
11:40:03.183 - INFO - CDS - seq=contig_44, start=62, stop=565, strand=-, frame=1, truncated=no, start-type=TTG, RBS-motif=None
11:40:03.183 - INFO - CDS - seq=contig_44, start=62, stop=565, strand=-, nt=[TTGTATCAAA..AGCAAGTTAA]
11:40:03.183 - INFO - CDS - seq=contig_47, start=458, stop=871, strand=-, frame=1, truncated=no, start-type=ATG, RBS-motif=AGGA
11:40:03.183 - INFO - CDS - seq=contig_47, start=1096, stop=1827, strand=-, frame=2, truncated=no, start-type=ATG, RBS-motif=AGGAGG
11:40:03.183 - INFO - CDS - seq=contig_47, start=1829, stop=3142, strand=-, frame=1, truncated=no, start-type=ATG, RBS-motif=AGGAGG
11:40:03.183 - INFO - CDS - seq=contig_47, start=3434, stop=3934, strand=+, frame=2, truncated=no, start-type=ATG, RBS-motif=GGAG/GAGG
11:40:03.183 - INFO - CDS - seq=contig_47, start=4324, stop=4878, strand=+, frame=1, truncated=no, start-type=ATG, RBS-motif=AGGA
11:40:03.184 - INFO - CDS - seq=contig_47, start=4946, stop=6016, strand=-, frame=1, truncated=no, start-type=TTG, RBS-motif=GGAGG
11:40:03.184 - INFO - CDS - seq=contig_47, start=6263, stop=6793, strand=-, frame=1, truncated=no, start-type=ATG, RBS-motif=GGAGG
11:40:03.184 - INFO - CDS - seq=contig_47, start=6963, stop=8324, strand=-, frame=3, truncated=no, start-type=TTG, RBS-motif=GGAGG
11:40:03.184 - INFO - CDS - seq=contig_47, start=8405, stop=9352, strand=-, frame=1, truncated=no, start-type=ATG, RBS-motif=GGAG/GAGG
11:40:03.184 - INFO - CDS - seq=contig_47, start=10120, stop=11547, strand=-, frame=2, truncated=no, start-type=ATG, RBS-motif=AGGAG
11:40:03.184 - INFO - CDS - seq=contig_47, start=11560, stop=13017, strand=-, frame=2, truncated=no, start-type=ATG, RBS-motif=AGGAGG
11:40:03.184 - INFO - CDS - seq=contig_47, start=13019, stop=13321, strand=-, frame=1, truncated=no, start-type=ATG, RBS-motif=AGGAGG
11:40:03.184 - INFO - CDS - seq=contig_47, start=13688, stop=15226, strand=+, frame=2, truncated=no, start-type=ATG, RBS-motif=GGAG/GAGG
11:40:03.185 - INFO - CDS - seq=contig_47, start=15315, stop=16514, strand=-, frame=3, truncated=no, start-type=ATG, RBS-motif=GGAG/GAGG
11:40:03.185 - INFO - CDS - seq=contig_47, start=16527, stop=18530, strand=-, frame=3, truncated=no, start-type=ATG, RBS-motif=AGGAGG
11:40:03.185 - INFO - CDS - seq=contig_47, start=18534, stop=20726, strand=-, frame=3, truncated=no, start-type=ATG, RBS-motif=AGGAG
11:40:03.185 - INFO - CDS - seq=contig_47, start=20723, stop=21415, strand=-, frame=1, truncated=no, start-type=ATG, RBS-motif=AGGAG
11:40:03.185 - INFO - CDS - seq=contig_47, start=21587, stop=21889, strand=-, frame=1, truncated=no, start-type=ATG, RBS-motif=GGA/GAG/AGG
11:40:03.185 - INFO - CDS - seq=contig_47, start=21998, stop=23293, strand=-, frame=1, truncated=no, start-type=ATG, RBS-motif=AGGAG
11:40:03.185 - INFO - CDS - seq=contig_47, start=24153, stop=25319, strand=+, frame=3, truncated=no, start-type=ATG, RBS-motif=AGGAG
11:40:03.185 - INFO - CDS - seq=contig_47, start=25350, stop=25676, strand=+, frame=3, truncated=no, start-type=ATG, RBS-motif=GGA/GAG/AGG
11:40:03.185 - INFO - CDS - seq=contig_47, start=25968, stop=26141, strand=-, frame=3, truncated=no, start-type=ATG, RBS-motif=3Base/5BMM
11:40:03.185 - INFO - CDS - seq=contig_47, start=26122, stop=26724, strand=-, frame=2, truncated=no, start-type=ATG, RBS-motif=GGA/GAG/AGG
11:40:03.186 - INFO - CDS - seq=contig_47, start=26995, stop=27816, strand=-, frame=2, truncated=no, start-type=ATG, RBS-motif=GGA/GAG/AGG
11:40:03.186 - INFO - CDS - seq=contig_47, start=27809, stop=29278, strand=-, frame=1, truncated=no, start-type=GTG, RBS-motif=GGAG/GAGG
11:40:03.186 - INFO - CDS - seq=contig_47, start=29462, stop=30538, strand=+, frame=2, truncated=no, start-type=ATG, RBS-motif=GGAG/GAGG
11:40:03.186 - INFO - CDS - seq=contig_47, start=30558, stop=31352, strand=+, frame=3, truncated=no, start-type=ATG, RBS-motif=GGAG/GAGG
11:40:03.186 - INFO - CDS - seq=contig_47, start=31542, stop=33104, strand=-, frame=3, truncated=no, start-type=ATG, RBS-motif=GGAG/GAGG
11:40:03.186 - INFO - CDS - seq=contig_47, start=33309, stop=34406, strand=-, frame=3, truncated=no, start-type=ATG, RBS-motif=AGGA
11:40:03.186 - INFO - CDS - seq=contig_47, start=34775, stop=35335, strand=+, frame=2, truncated=no, start-type=ATG, RBS-motif=AGGAG
11:40:03.186 - INFO - CDS - seq=contig_47, start=35388, stop=36317, strand=+, frame=3, truncated=no, start-type=ATG, RBS-motif=GGAG/GAGG
11:40:03.186 - INFO - CDS - seq=contig_47, start=36735, stop=38114, strand=+, frame=3, truncated=no, start-type=ATG, RBS-motif=AGGAGG
11:40:03.186 - INFO - CDS - seq=contig_47, start=38234, stop=39262, strand=-, frame=1, truncated=no, start-type=ATG, RBS-motif=GGAGG
11:40:03.187 - INFO - CDS - seq=contig_47, start=39532, stop=39933, strand=+, frame=1, truncated=no, start-type=ATG, RBS-motif=None
11:40:03.187 - INFO - CDS - seq=contig_47, start=40506, stop=40679, strand=-, frame=3, truncated=no, start-type=ATG, RBS-motif=GGAG/GAGG
11:40:03.187 - INFO - CDS - seq=contig_47, start=41058, stop=42170, strand=+, frame=3, truncated=no, start-type=ATG, RBS-motif=None
11:40:03.187 - INFO - CDS - seq=contig_47, start=42227, stop=43069, strand=-, frame=1, truncated=no, start-type=ATG, RBS-motif=AGGA/GGAG/GAGG
11:40:03.187 - INFO - CDS - seq=contig_47, start=43066, stop=43623, strand=-, frame=2, truncated=no, start-type=ATG, RBS-motif=GGA/GAG/AGG
11:40:03.188 - INFO - CDS - seq=contig_47, start=43683, stop=44207, strand=-, frame=3, truncated=no, start-type=ATG, RBS-motif=GGAGG
11:40:03.188 - INFO - CDS - seq=contig_47, start=44328, stop=44891, strand=+, frame=3, truncated=no, start-type=ATG, RBS-motif=AGGAGG
11:40:03.188 - INFO - CDS - seq=contig_47, start=44957, stop=45697, strand=-, frame=1, truncated=no, start-type=ATG, RBS-motif=GGAG/GAGG
11:40:03.188 - INFO - CDS - seq=contig_47, start=45697, stop=46569, strand=-, frame=2, truncated=no, start-type=ATG, RBS-motif=AGGAGG
11:40:03.188 - INFO - CDS - seq=contig_47, start=46566, stop=47246, strand=-, frame=3, truncated=no, start-type=ATG, RBS-motif=AGxAGG/AGGxGG
11:40:03.188 - INFO - CDS - seq=contig_47, start=47247, stop=48143, strand=-, frame=3, truncated=no, start-type=ATG, RBS-motif=AGGAGG
11:40:03.188 - INFO - CDS - seq=contig_47, start=48140, stop=48520, strand=-, frame=1, truncated=no, start-type=ATG, RBS-motif=AGxAGG/AGGxGG
11:40:03.188 - INFO - CDS - seq=contig_47, start=48778, stop=48954, strand=-, frame=2, truncated=no, start-type=TTG, RBS-motif=GGAG/GAGG
11:40:03.188 - INFO - CDS - seq=contig_47, start=49495, stop=50781, strand=+, frame=1, truncated=no, start-type=ATG, RBS-motif=GGAG/GAGG
11:40:03.188 - INFO - CDS - seq=contig_47, start=51060, stop=51350, strand=-, frame=3, truncated=no, start-type=GTG, RBS-motif=None
11:40:03.189 - INFO - CDS - seq=contig_47, start=51365, stop=52795, strand=-, frame=1, truncated=no, start-type=ATG, RBS-motif=AGGAG
11:40:03.189 - INFO - CDS - seq=contig_47, start=53181, stop=53381, strand=+, frame=3, truncated=no, start-type=ATG, RBS-motif=AGGAG
11:40:03.189 - INFO - CDS - seq=contig_47, start=54556, stop=54906, strand=-, frame=2, truncated=no, start-type=ATG, RBS-motif=AGGAG
11:40:03.189 - INFO - CDS - seq=contig_47, start=55591, stop=56040, strand=+, frame=1, truncated=no, start-type=ATG, RBS-motif=AGGAG(G)/GGAGG
11:40:03.189 - INFO - CDS - seq=contig_47, start=56135, stop=56431, strand=-, frame=1, truncated=no, start-type=GTG, RBS-motif=None
11:40:03.189 - INFO - CDS - seq=contig_47, start=57120, stop=57611, strand=-, frame=3, truncated=no, start-type=ATG, RBS-motif=GGAGG
11:40:03.189 - INFO - CDS - seq=contig_47, start=57802, stop=58557, strand=-, frame=2, truncated=no, start-type=ATG, RBS-motif=AGGAGG
11:40:03.189 - INFO - CDS - seq=contig_47, start=58569, stop=58823, strand=-, frame=3, truncated=no, start-type=ATG, RBS-motif=AGGAG
11:40:03.189 - INFO - CDS - seq=contig_47, start=59414, stop=60196, strand=-, frame=1, truncated=no, start-type=GTG, RBS-motif=3Base/5BMM
11:40:03.189 - INFO - CDS - seq=contig_47, start=60305, stop=60481, strand=-, frame=1, truncated=no, start-type=ATG, RBS-motif=GGAG/GAGG
11:40:03.189 - INFO - CDS - seq=contig_47, start=60608, stop=60982, strand=-, frame=1, truncated=no, start-type=TTG, RBS-motif=AGxAGG/AGGxGG
11:40:03.190 - INFO - CDS - seq=contig_47, start=61038, stop=61325, strand=-, frame=3, truncated=no, start-type=ATG, RBS-motif=AGGAGG
11:40:03.190 - INFO - CDS - seq=contig_47, start=61371, stop=61523, strand=-, frame=3, truncated=no, start-type=ATG, RBS-motif=GGAGG
11:40:03.190 - INFO - CDS - seq=contig_47, start=61516, stop=65298, strand=-, frame=2, truncated=no, start-type=GTG, RBS-motif=AGGAG
11:40:03.190 - INFO - CDS - seq=contig_47, start=65314, stop=66798, strand=-, frame=2, truncated=no, start-type=ATG, RBS-motif=AGGAGG
11:40:03.190 - INFO - CDS - seq=contig_47, start=66795, stop=71306, strand=-, frame=3, truncated=no, start-type=ATG, RBS-motif=AGGAGG
11:40:03.190 - INFO - CDS - seq=contig_47, start=71363, stop=71500, strand=-, frame=1, truncated=no, start-type=ATG, RBS-motif=GGA/GAG/AGG
11:40:03.190 - INFO - CDS - seq=contig_47, start=71551, stop=71901, strand=-, frame=2, truncated=no, start-type=ATG, RBS-motif=AGGAG/GGAGG
11:40:03.190 - INFO - CDS - seq=contig_47, start=72218, stop=72859, strand=-, frame=1, truncated=no, start-type=ATG, RBS-motif=AGGAGG
11:40:03.190 - INFO - CDS - seq=contig_47, start=72860, stop=73267, strand=-, frame=1, truncated=no, start-type=GTG, RBS-motif=AGGA/GGAG/GAGG
11:40:03.190 - INFO - CDS - seq=contig_47, start=73264, stop=73668, strand=-, frame=2, truncated=no, start-type=ATG, RBS-motif=GGAGG
11:40:03.191 - INFO - CDS - seq=contig_47, start=73665, stop=74027, strand=-, frame=3, truncated=no, start-type=ATG, RBS-motif=GGAGG
11:40:03.191 - INFO - CDS - seq=contig_47, start=74011, stop=74295, strand=-, frame=2, truncated=no, start-type=ATG, RBS-motif=None
11:40:03.191 - INFO - CDS - seq=contig_47, start=74285, stop=74569, strand=-, frame=1, truncated=no, start-type=ATG, RBS-motif=GGAG/GAGG
11:40:03.191 - INFO - CDS - seq=contig_47, start=74589, stop=75734, strand=-, frame=3, truncated=no, start-type=ATG, RBS-motif=AGGAGG
11:40:03.191 - INFO - CDS - seq=contig_47, start=75758, stop=76495, strand=-, frame=1, truncated=no, start-type=ATG, RBS-motif=AGxAGG/AGGxGG
11:40:03.191 - INFO - CDS - seq=contig_47, start=76479, stop=77666, strand=-, frame=3, truncated=no, start-type=ATG, RBS-motif=AGGAGG
11:40:03.191 - INFO - CDS - seq=contig_47, start=77682, stop=79343, strand=-, frame=3, truncated=no, start-type=ATG, RBS-motif=None
11:40:03.191 - INFO - CDS - seq=contig_47, start=79340, stop=79684, strand=-, frame=1, truncated=no, start-type=ATG, RBS-motif=GGA/GAG/AGG
11:40:03.191 - INFO - CDS - seq=contig_47, start=79815, stop=80114, strand=-, frame=3, truncated=no, start-type=ATG, RBS-motif=GGA/GAG/AGG
11:40:03.191 - INFO - CDS - seq=contig_47, start=80346, stop=80762, strand=-, frame=3, truncated=no, start-type=ATG, RBS-motif=AGGAG/GGAGG
11:40:03.192 - INFO - CDS - seq=contig_47, start=80790, stop=80990, strand=-, frame=3, truncated=no, start-type=ATG, RBS-motif=GGAGG
11:40:03.192 - INFO - CDS - seq=contig_47, start=80990, stop=81139, strand=-, frame=1, truncated=no, start-type=ATG, RBS-motif=GGAG/GAGG
11:40:03.192 - INFO - CDS - seq=contig_47, start=81136, stop=81342, strand=-, frame=2, truncated=no, start-type=ATG, RBS-motif=GGAG/GAGG
11:40:03.192 - INFO - CDS - seq=contig_47, start=81339, stop=81584, strand=-, frame=3, truncated=no, start-type=GTG, RBS-motif=AGGAGG
11:40:03.192 - INFO - CDS - seq=contig_47, start=81621, stop=82157, strand=-, frame=3, truncated=no, start-type=ATG, RBS-motif=AGGAGG
11:40:03.192 - INFO - CDS - seq=contig_47, start=82154, stop=82399, strand=-, frame=1, truncated=no, start-type=ATG, RBS-motif=AGGAG
11:40:03.192 - INFO - CDS - seq=contig_47, start=82414, stop=82656, strand=-, frame=2, truncated=no, start-type=ATG, RBS-motif=GGAG/GAGG
11:40:03.192 - INFO - CDS - seq=contig_47, start=82659, stop=82916, strand=-, frame=3, truncated=no, start-type=ATG, RBS-motif=GGAG/GAGG
11:40:03.192 - INFO - CDS - seq=contig_47, start=82916, stop=83224, strand=-, frame=1, truncated=no, start-type=ATG, RBS-motif=3Base/5BMM
11:40:03.192 - INFO - CDS - seq=contig_47, start=458, stop=871, strand=-, nt=[ATGAAGCCCA..TTTATATTAA]
11:40:03.193 - INFO - CDS - seq=contig_47, start=1096, stop=1827, strand=-, nt=[ATGCATGAAT..ATCTCGTTAA]
11:40:03.193 - INFO - CDS - seq=contig_47, start=1829, stop=3142, strand=-, nt=[ATGAGACAGT..TCAATCATAA]
11:40:03.193 - INFO - CDS - seq=contig_47, start=3434, stop=3934, strand=+, nt=[ATGTTAAGTA..CGAAGAATAA]
11:40:03.194 - INFO - CDS - seq=contig_47, start=4324, stop=4878, strand=+, nt=[ATGATACAAG..TAAAGGCTAG]
11:40:03.194 - INFO - CDS - seq=contig_47, start=4946, stop=6016, strand=-, nt=[TTGACTGAGA..CTTTATATAA]
11:40:03.194 - INFO - CDS - seq=contig_47, start=6263, stop=6793, strand=-, nt=[ATGCATAAAA..GACTCAATAA]
11:40:03.194 - INFO - CDS - seq=contig_47, start=6963, stop=8324, strand=-, nt=[TTGCAAGCAA..TTTGAAATAG]
11:40:03.194 - INFO - CDS - seq=contig_47, start=8405, stop=9352, strand=-, nt=[ATGAGGAAAC..CGAAGAATAA]
11:40:03.194 - INFO - CDS - seq=contig_47, start=10120, stop=11547, strand=-, nt=[ATGCATTTTG..TAAAAGATAA]
11:40:03.194 - INFO - CDS - seq=contig_47, start=11560, stop=13017, strand=-, nt=[ATGAGCATTC..AAAATTATAA]
11:40:03.194 - INFO - CDS - seq=contig_47, start=13019, stop=13321, strand=-, nt=[ATGACAAAAG..GGACGCGTAA]
11:40:03.194 - INFO - CDS - seq=contig_47, start=13688, stop=15226, strand=+, nt=[ATGCTTACAA..AGAAAAATAA]
11:40:03.194 - INFO - CDS - seq=contig_47, start=15315, stop=16514, strand=-, nt=[ATGAAGCGTA..CAGTAATTAA]
11:40:03.195 - INFO - CDS - seq=contig_47, start=16527, stop=18530, strand=-, nt=[ATGGCTGATT..AAATAGTTAG]
11:40:03.195 - INFO - CDS - seq=contig_47, start=18534, stop=20726, strand=-, nt=[ATGAATGCGT..GGAGGATTAA]
11:40:03.195 - INFO - CDS - seq=contig_47, start=20723, stop=21415, strand=-, nt=[ATGTATGACA..TAGTAAATGA]
11:40:03.195 - INFO - CDS - seq=contig_47, start=21587, stop=21889, strand=-, nt=[ATGCAAATTG..AAATGAATAA]
11:40:03.195 - INFO - CDS - seq=contig_47, start=21998, stop=23293, strand=-, nt=[ATGATTGAAC..ATTAGCATAA]
11:40:03.195 - INFO - CDS - seq=contig_47, start=24153, stop=25319, strand=+, nt=[ATGAAAAGAA..TGGTTATTAA]
11:40:03.195 - INFO - CDS - seq=contig_47, start=25350, stop=25676, strand=+, nt=[ATGGAACAAA..TAAGTCATAA]
11:40:03.195 - INFO - CDS - seq=contig_47, start=25968, stop=26141, strand=-, nt=[ATGAAATTCA..AATCCAATAA]
11:40:03.195 - INFO - CDS - seq=contig_47, start=26122, stop=26724, strand=-, nt=[ATGTCATTCG..AAGTAAATGA]
11:40:03.195 - INFO - CDS - seq=contig_47, start=26995, stop=27816, strand=-, nt=[ATGAGTAAAT..AAAATCCTAA]
11:40:03.195 - INFO - CDS - seq=contig_47, start=27809, stop=29278, strand=-, nt=[GTGTACCAAT..TAATGAGTAA]
11:40:03.195 - INFO - CDS - seq=contig_47, start=29462, stop=30538, strand=+, nt=[ATGTTATTTA..CCATCATTAA]
11:40:03.196 - INFO - CDS - seq=contig_47, start=30558, stop=31352, strand=+, nt=[ATGCAATTAT..TTTTAATTAA]
11:40:03.196 - INFO - CDS - seq=contig_47, start=31542, stop=33104, strand=-, nt=[ATGGCTTATT..ATTGAAATAG]
11:40:03.196 - INFO - CDS - seq=contig_47, start=33309, stop=34406, strand=-, nt=[ATGTATATCA..AAAAAAGTAA]
11:40:03.196 - INFO - CDS - seq=contig_47, start=34775, stop=35335, strand=+, nt=[ATGACACATC..ACACGTTTAA]
11:40:03.196 - INFO - CDS - seq=contig_47, start=35388, stop=36317, strand=+, nt=[ATGGCTAAAA..AACAAAATAA]
11:40:03.196 - INFO - CDS - seq=contig_47, start=36735, stop=38114, strand=+, nt=[ATGAATATCA..TAAAAATTAA]
11:40:03.196 - INFO - CDS - seq=contig_47, start=38234, stop=39262, strand=-, nt=[ATGACAAATG..CATATTTTAA]
11:40:03.196 - INFO - CDS - seq=contig_47, start=39532, stop=39933, strand=+, nt=[ATGACAAGTT..GTTACCTTAA]
11:40:03.196 - INFO - CDS - seq=contig_47, start=40506, stop=40679, strand=-, nt=[ATGTGGAATT..AAATAACTAA]
11:40:03.196 - INFO - CDS - seq=contig_47, start=41058, stop=42170, strand=+, nt=[ATGACATTCA..CAACAAATAA]
11:40:03.196 - INFO - CDS - seq=contig_47, start=42227, stop=43069, strand=-, nt=[ATGAAGAAAT..AGTTGAATAA]
11:40:03.197 - INFO - CDS - seq=contig_47, start=43066, stop=43623, strand=-, nt=[ATGAACAAGA..TAGAAAATGA]
11:40:03.197 - INFO - CDS - seq=contig_47, start=43683, stop=44207, strand=-, nt=[ATGCTATATT..TAGTAAATAG]
11:40:03.197 - INFO - CDS - seq=contig_47, start=44328, stop=44891, strand=+, nt=[ATGACAAATT..AAATAAATAA]
11:40:03.197 - INFO - CDS - seq=contig_47, start=44957, stop=45697, strand=-, nt=[ATGAGAATTT..AGACATTTAA]
11:40:03.197 - INFO - CDS - seq=contig_47, start=45697, stop=46569, strand=-, nt=[ATGAAATTAG..TGATAAATAA]
11:40:03.197 - INFO - CDS - seq=contig_47, start=46566, stop=47246, strand=-, nt=[ATGAAGGCAT..CAGTCGATGA]
11:40:03.197 - INFO - CDS - seq=contig_47, start=47247, stop=48143, strand=-, nt=[ATGAATGCCA..AGGTTTTTAA]
11:40:03.197 - INFO - CDS - seq=contig_47, start=48140, stop=48520, strand=-, nt=[ATGAAAATAA..ATCATCATGA]
11:40:03.197 - INFO - CDS - seq=contig_47, start=48778, stop=48954, strand=-, nt=[TTGAAACATC..TAGTAAATAG]
11:40:03.197 - INFO - CDS - seq=contig_47, start=49495, stop=50781, strand=+, nt=[ATGAATCCTT..CTTAAGATAA]
11:40:03.197 - INFO - CDS - seq=contig_47, start=51060, stop=51350, strand=-, nt=[GTGAAATTCC..TAAATTCTAA]
11:40:03.198 - INFO - CDS - seq=contig_47, start=51365, stop=52795, strand=-, nt=[ATGAAATTTA..AAAAAAATAA]
11:40:03.198 - INFO - CDS - seq=contig_47, start=53181, stop=53381, strand=+, nt=[ATGATGGTAA..TTTAACATAA]
11:40:03.198 - INFO - CDS - seq=contig_47, start=54556, stop=54906, strand=-, nt=[ATGAAAATTA..TAAATATTAA]
11:40:03.198 - INFO - CDS - seq=contig_47, start=55591, stop=56040, strand=+, nt=[ATGAAAAAGA..TGCATACTAA]
11:40:03.198 - INFO - CDS - seq=contig_47, start=56135, stop=56431, strand=-, nt=[GTGCCAGCAG..TGCAGTTTGA]
11:40:03.198 - INFO - CDS - seq=contig_47, start=57120, stop=57611, strand=-, nt=[ATGCTCAAAA..AAAGAAATAA]
11:40:03.198 - INFO - CDS - seq=contig_47, start=57802, stop=58557, strand=-, nt=[ATGAAAACAT..AGTGTTTTAA]
11:40:03.198 - INFO - CDS - seq=contig_47, start=58569, stop=58823, strand=-, nt=[ATGATTAATT..AAAATACTAG]
11:40:03.198 - INFO - CDS - seq=contig_47, start=59414, stop=60196, strand=-, nt=[GTGAGTAAAA..TACAACTTGA]
11:40:03.198 - INFO - CDS - seq=contig_47, start=60305, stop=60481, strand=-, nt=[ATGGTATTAC..AAGTAAATAA]
11:40:03.198 - INFO - CDS - seq=contig_47, start=60608, stop=60982, strand=-, nt=[TTGGATGATA..ATTACCTTAA]
11:40:03.199 - INFO - CDS - seq=contig_47, start=61038, stop=61325, strand=-, nt=[ATGGCAAATG..AACAATGTAA]
11:40:03.199 - INFO - CDS - seq=contig_47, start=61371, stop=61523, strand=-, nt=[ATGAATGATA..GGAAGAGTAA]
11:40:03.199 - INFO - CDS - seq=contig_47, start=61516, stop=65298, strand=-, nt=[GTGATACATG..AAATGAATGA]
11:40:03.199 - INFO - CDS - seq=contig_47, start=65314, stop=66798, strand=-, nt=[ATGATAGACA..ATATTTATAG]
11:40:03.199 - INFO - CDS - seq=contig_47, start=66795, stop=71306, strand=-, nt=[ATGGGAGAAA..TATTCAATGA]
11:40:03.200 - INFO - CDS - seq=contig_47, start=71363, stop=71500, strand=-, nt=[ATGATGGACT..TGCGTTTTAA]
11:40:03.200 - INFO - CDS - seq=contig_47, start=71551, stop=71901, strand=-, nt=[ATGGCAAAAT..CATGAAATAA]
11:40:03.200 - INFO - CDS - seq=contig_47, start=72218, stop=72859, strand=-, nt=[ATGGCAGTAA..AACTTTGTAA]
11:40:03.200 - INFO - CDS - seq=contig_47, start=72860, stop=73267, strand=-, nt=[GTGATTGATA..GGAAAATTAA]
11:40:03.200 - INFO - CDS - seq=contig_47, start=73264, stop=73668, strand=-, nt=[ATGAGTGTGA..AAAATTGTGA]
11:40:03.200 - INFO - CDS - seq=contig_47, start=73665, stop=74027, strand=-, nt=[ATGAAGAAAG..TAGTTCATGA]
11:40:03.200 - INFO - CDS - seq=contig_47, start=74011, stop=74295, strand=-, nt=[ATGACGATTG..AAGTGTTTAA]
11:40:03.200 - INFO - CDS - seq=contig_47, start=74285, stop=74569, strand=-, nt=[ATGGTGAAAT..TGACGATTGA]
11:40:03.200 - INFO - CDS - seq=contig_47, start=74589, stop=75734, strand=-, nt=[ATGACTATAA..AACACTATAA]
11:40:03.201 - INFO - CDS - seq=contig_47, start=75758, stop=76495, strand=-, nt=[ATGAAAGCGG..CCTTTTTTAA]
11:40:03.201 - INFO - CDS - seq=contig_47, start=76479, stop=77666, strand=-, nt=[ATGAGTATTC..CGGAGATTAA]
11:40:03.201 - INFO - CDS - seq=contig_47, start=77682, stop=79343, strand=-, nt=[ATGATTAGTA..AGATTTCTAA]
11:40:03.201 - INFO - CDS - seq=contig_47, start=79340, stop=79684, strand=-, nt=[ATGGAGATTA..TTACCTATGA]
11:40:03.201 - INFO - CDS - seq=contig_47, start=79815, stop=80114, strand=-, nt=[ATGATGACTA..AAAATGGTAA]
11:40:03.201 - INFO - CDS - seq=contig_47, start=80346, stop=80762, strand=-, nt=[ATGATAAAGA..TTATGTGTAG]
11:40:03.201 - INFO - CDS - seq=contig_47, start=80790, stop=80990, strand=-, nt=[ATGTGGATTA..TAAAAAGTAA]
11:40:03.201 - INFO - CDS - seq=contig_47, start=80990, stop=81139, strand=-, nt=[ATGATTAAGC..AAGTGAGTGA]
11:40:03.201 - INFO - CDS - seq=contig_47, start=81136, stop=81342, strand=-, nt=[ATGACACAAT..TGGGAAATGA]
11:40:03.201 - INFO - CDS - seq=contig_47, start=81339, stop=81584, strand=-, nt=[GTGAGCGACA..TGAGGAATGA]
11:40:03.201 - INFO - CDS - seq=contig_47, start=81621, stop=82157, strand=-, nt=[ATGACTAACA..ATACGTGTAA]
11:40:03.202 - INFO - CDS - seq=contig_47, start=82154, stop=82399, strand=-, nt=[ATGAATAATC..AGGAAAATGA]
11:40:03.202 - INFO - CDS - seq=contig_47, start=82414, stop=82656, strand=-, nt=[ATGACATATA..TTTATTTTAG]
11:40:03.202 - INFO - CDS - seq=contig_47, start=82659, stop=82916, strand=-, nt=[ATGAGTGTAA..GGAGCAATGA]
11:40:03.202 - INFO - CDS - seq=contig_47, start=82916, stop=83224, strand=-, nt=[ATGGAATTAA..TGAAGCATAA]
11:40:03.202 - INFO - CDS - seq=contig_48, start=568, stop=1581, strand=+, frame=1, truncated=no, start-type=GTG, RBS-motif=AGGAGG
11:40:03.202 - INFO - CDS - seq=contig_48, start=1634, stop=2644, strand=+, frame=2, truncated=no, start-type=ATG, RBS-motif=AGGAGG
11:40:03.202 - INFO - CDS - seq=contig_48, start=2783, stop=3973, strand=+, frame=2, truncated=no, start-type=ATG, RBS-motif=AGGAGG
11:40:03.202 - INFO - CDS - seq=contig_48, start=4095, stop=4856, strand=+, frame=3, truncated=no, start-type=ATG, RBS-motif=AGGAG
11:40:03.202 - INFO - CDS - seq=contig_48, start=4859, stop=6376, strand=+, frame=2, truncated=no, start-type=ATG, RBS-motif=AGxAGG/AGGxGG
11:40:03.202 - INFO - CDS - seq=contig_48, start=6506, stop=7810, strand=+, frame=2, truncated=no, start-type=ATG, RBS-motif=AGGAG
11:40:03.203 - INFO - CDS - seq=contig_48, start=8149, stop=8607, strand=+, frame=1, truncated=no, start-type=ATG, RBS-motif=AGGAG
11:40:03.203 - INFO - CDS - seq=contig_48, start=8674, stop=8907, strand=+, frame=1, truncated=no, start-type=ATG, RBS-motif=GGAGG
11:40:03.203 - INFO - CDS - seq=contig_48, start=9023, stop=9763, strand=+, frame=2, truncated=no, start-type=ATG, RBS-motif=GGAG/GAGG
11:40:03.203 - INFO - CDS - seq=contig_48, start=9797, stop=12169, strand=+, frame=2, truncated=no, start-type=ATG, RBS-motif=AGGAGG
11:40:03.203 - INFO - CDS - seq=contig_48, start=12191, stop=12655, strand=+, frame=2, truncated=no, start-type=ATG, RBS-motif=GGAG/GAGG
11:40:03.203 - INFO - CDS - seq=contig_48, start=13211, stop=13426, strand=-, frame=2, truncated=no, start-type=ATG, RBS-motif=AGGAG
11:40:03.203 - INFO - CDS - seq=contig_48, start=13438, stop=14553, strand=-, frame=3, truncated=no, start-type=GTG, RBS-motif=None
11:40:03.203 - INFO - CDS - seq=contig_48, start=14559, stop=15296, strand=-, frame=1, truncated=no, start-type=ATG, RBS-motif=AGGAGG
11:40:03.203 - INFO - CDS - seq=contig_48, start=15448, stop=15666, strand=+, frame=1, truncated=no, start-type=ATG, RBS-motif=AGGAGG
11:40:03.203 - INFO - CDS - seq=contig_48, start=15678, stop=15824, strand=+, frame=3, truncated=no, start-type=ATG, RBS-motif=AGGA
11:40:03.204 - INFO - CDS - seq=contig_48, start=15817, stop=16041, strand=+, frame=1, truncated=no, start-type=ATG, RBS-motif=AGGAGG
11:40:03.204 - INFO - CDS - seq=contig_48, start=16042, stop=16341, strand=+, frame=1, truncated=no, start-type=ATG, RBS-motif=GGAGG
11:40:03.204 - INFO - CDS - seq=contig_48, start=16434, stop=18806, strand=+, frame=3, truncated=no, start-type=GTG, RBS-motif=AGGAGG
11:40:03.204 - INFO - CDS - seq=contig_48, start=19494, stop=19838, strand=+, frame=3, truncated=no, start-type=ATG, RBS-motif=AGGAG/GGAGG
11:40:03.204 - INFO - CDS - seq=contig_48, start=20063, stop=20269, strand=+, frame=2, truncated=no, start-type=GTG, RBS-motif=AGGAG/GGAGG
11:40:03.204 - INFO - CDS - seq=contig_48, start=20256, stop=21314, strand=+, frame=3, truncated=no, start-type=ATG, RBS-motif=AGGAG
11:40:03.204 - INFO - CDS - seq=contig_48, start=21492, stop=21983, strand=+, frame=3, truncated=no, start-type=TTG, RBS-motif=GGA/GAG/AGG
11:40:03.204 - INFO - CDS - seq=contig_48, start=22412, stop=23380, strand=+, frame=2, truncated=no, start-type=ATG, RBS-motif=GGA/GAG/AGG
11:40:03.204 - INFO - CDS - seq=contig_48, start=23605, stop=23799, strand=+, frame=1, truncated=no, start-type=GTG, RBS-motif=GGAG/GAGG
11:40:03.204 - INFO - CDS - seq=contig_48, start=24537, stop=25337, strand=+, frame=3, truncated=no, start-type=ATG, RBS-motif=AGGAG
11:40:03.205 - INFO - CDS - seq=contig_48, start=25415, stop=25972, strand=-, frame=2, truncated=no, start-type=ATG, RBS-motif=AGGAG
11:40:03.205 - INFO - CDS - seq=contig_48, start=27439, stop=27762, strand=-, frame=3, truncated=no, start-type=ATG, RBS-motif=GGA/GAG/AGG
11:40:03.205 - INFO - CDS - seq=contig_48, start=28116, stop=28844, strand=-, frame=1, truncated=no, start-type=ATG, RBS-motif=AGGAG
11:40:03.205 - INFO - CDS - seq=contig_48, start=29442, stop=29963, strand=+, frame=3, truncated=no, start-type=ATG, RBS-motif=GGA/GAG/AGG
11:40:03.205 - INFO - CDS - seq=contig_48, start=30102, stop=30632, strand=+, frame=3, truncated=no, start-type=ATG, RBS-motif=AGGAGG
11:40:03.205 - INFO - CDS - seq=contig_48, start=568, stop=1581, strand=+, nt=[GTGAAAGACT..ACTTGAATAA]
11:40:03.205 - INFO - CDS - seq=contig_48, start=1634, stop=2644, strand=+, nt=[ATGGCAGTAA..TTCTAAATAA]
11:40:03.206 - INFO - CDS - seq=contig_48, start=2783, stop=3973, strand=+, nt=[ATGGCTAAAA..TAATAAATAA]
11:40:03.206 - INFO - CDS - seq=contig_48, start=4095, stop=4856, strand=+, nt=[ATGAGAACAC..TGCAAAATAA]
11:40:03.206 - INFO - CDS - seq=contig_48, start=4859, stop=6376, strand=+, nt=[ATGGCTAAGA..TAAACACTAA]
11:40:03.206 - INFO - CDS - seq=contig_48, start=6506, stop=7810, strand=+, nt=[ATGCCAATTA..AGATAAATAA]
11:40:03.206 - INFO - CDS - seq=contig_48, start=8149, stop=8607, strand=+, nt=[ATGGCTGATA..TAATCGCTAG]
11:40:03.206 - INFO - CDS - seq=contig_48, start=8674, stop=8907, strand=+, nt=[ATGCATACAT..TGGTATGTAA]
11:40:03.206 - INFO - CDS - seq=contig_48, start=9023, stop=9763, strand=+, nt=[ATGCAGATAA..GTCAGAATAA]
11:40:03.206 - INFO - CDS - seq=contig_48, start=9797, stop=12169, strand=+, nt=[ATGAATTTAA..GAAAAAATAA]
11:40:03.207 - INFO - CDS - seq=contig_48, start=12191, stop=12655, strand=+, nt=[ATGGCTAAGA..CCGTTATTAA]
11:40:03.207 - INFO - CDS - seq=contig_48, start=13211, stop=13426, strand=-, nt=[ATGATAATTA..TGATAAATAA]
11:40:03.207 - INFO - CDS - seq=contig_48, start=13438, stop=14553, strand=-, nt=[GTGATTGCCA..ATATTTGTAA]
11:40:03.207 - INFO - CDS - seq=contig_48, start=14559, stop=15296, strand=-, nt=[ATGATAATTT..CAAGAAATGA]
11:40:03.207 - INFO - CDS - seq=contig_48, start=15448, stop=15666, strand=+, nt=[ATGACAAAAC..AGGAGAATAG]
11:40:03.207 - INFO - CDS - seq=contig_48, start=15678, stop=15824, strand=+, nt=[ATGAAATTGA..AAATGAATAA]
11:40:03.207 - INFO - CDS - seq=contig_48, start=15817, stop=16041, strand=+, nt=[ATGAATAATG..GGAATTATAA]
11:40:03.207 - INFO - CDS - seq=contig_48, start=16042, stop=16341, strand=+, nt=[ATGAATTGGG..TAACGCATAA]
11:40:03.207 - INFO - CDS - seq=contig_48, start=16434, stop=18806, strand=+, nt=[GTGGCAATTA..AGCAATATAG]
11:40:03.207 - INFO - CDS - seq=contig_48, start=19494, stop=19838, strand=+, nt=[ATGAATAGAA..AGTAAATTAA]
11:40:03.208 - INFO - CDS - seq=contig_48, start=20063, stop=20269, strand=+, nt=[GTGCTAGATC..AAGAGTTTAA]
11:40:03.208 - INFO - CDS - seq=contig_48, start=20256, stop=21314, strand=+, nt=[ATGAAAGAGT..TATTAAATAA]
11:40:03.208 - INFO - CDS - seq=contig_48, start=21492, stop=21983, strand=+, nt=[TTGGTATCTG..ACTTTCATAG]
11:40:03.208 - INFO - CDS - seq=contig_48, start=22412, stop=23380, strand=+, nt=[ATGAAGCCAT..TATGTTATAA]
11:40:03.208 - INFO - CDS - seq=contig_48, start=23605, stop=23799, strand=+, nt=[GTGGCTAAAA..TCCATACTAA]
11:40:03.208 - INFO - CDS - seq=contig_48, start=24537, stop=25337, strand=+, nt=[ATGTATAATA..GAAAAAGTGA]
11:40:03.208 - INFO - CDS - seq=contig_48, start=25415, stop=25972, strand=-, nt=[ATGAATAAAA..AACTAAATAA]
11:40:03.208 - INFO - CDS - seq=contig_48, start=27439, stop=27762, strand=-, nt=[ATGAATAATG..CCTAAAATAA]
11:40:03.208 - INFO - CDS - seq=contig_48, start=28116, stop=28844, strand=-, nt=[ATGAAAAAAG..TGAAGTATAA]
11:40:03.208 - INFO - CDS - seq=contig_48, start=29442, stop=29963, strand=+, nt=[ATGATTAATA..GTTTATCTAA]
11:40:03.208 - INFO - CDS - seq=contig_48, start=30102, stop=30632, strand=+, nt=[ATGCAAATTA..AAAAATATGA]
11:40:03.209 - INFO - CDS - seq=contig_49, start=237, stop=899, strand=-, frame=2, truncated=no, start-type=TTG, RBS-motif=GGxGG
11:40:03.209 - INFO - CDS - seq=contig_49, start=1433, stop=2164, strand=+, frame=2, truncated=no, start-type=ATG, RBS-motif=AGGAG
11:40:03.209 - INFO - CDS - seq=contig_49, start=2290, stop=3072, strand=-, frame=1, truncated=no, start-type=ATG, RBS-motif=GGAG/GAGG
11:40:03.209 - INFO - CDS - seq=contig_49, start=3223, stop=3600, strand=-, frame=1, truncated=no, start-type=ATG, RBS-motif=None
11:40:03.209 - INFO - CDS - seq=contig_49, start=3607, stop=5499, strand=-, frame=1, truncated=no, start-type=ATG, RBS-motif=AGGAG
11:40:03.209 - INFO - CDS - seq=contig_49, start=5496, stop=6581, strand=-, frame=2, truncated=no, start-type=GTG, RBS-motif=GGAG/GAGG
11:40:03.209 - INFO - CDS - seq=contig_49, start=237, stop=899, strand=-, nt=[TTGAATACAA..GACAAAATAA]
11:40:03.209 - INFO - CDS - seq=contig_49, start=1433, stop=2164, strand=+, nt=[ATGAACCAGA..GTTTCACTAA]
11:40:03.210 - INFO - CDS - seq=contig_49, start=2290, stop=3072, strand=-, nt=[ATGAGCAATT..TCTCAATTAG]
11:40:03.210 - INFO - CDS - seq=contig_49, start=3223, stop=3600, strand=-, nt=[ATGGATAAAC..TAAAGAATAA]
11:40:03.210 - INFO - CDS - seq=contig_49, start=3607, stop=5499, strand=-, nt=[ATGAATGCTT..GACGGGGTAA]
11:40:03.210 - INFO - CDS - seq=contig_49, start=5496, stop=6581, strand=-, nt=[GTGAAGGTTC..TAAGAAATGA]
11:40:03.210 - INFO - CDS - seq=contig_50, start=223, stop=1056, strand=-, frame=1, truncated=no, start-type=ATG, RBS-motif=GGAG/GAGG
11:40:03.210 - INFO - CDS - seq=contig_50, start=1268, stop=2176, strand=-, frame=3, truncated=no, start-type=ATG, RBS-motif=AGGAG
11:40:03.210 - INFO - CDS - seq=contig_50, start=2298, stop=3494, strand=-, frame=2, truncated=no, start-type=ATG, RBS-motif=AGGAG
11:40:03.210 - INFO - CDS - seq=contig_50, start=3866, stop=5458, strand=+, frame=2, truncated=no, start-type=ATG, RBS-motif=GGAGG
11:40:03.210 - INFO - CDS - seq=contig_50, start=5836, stop=6606, strand=-, frame=1, truncated=no, start-type=TTG, RBS-motif=GGAG/GAGG
11:40:03.210 - INFO - CDS - seq=contig_50, start=6587, stop=7066, strand=-, frame=3, truncated=no, start-type=ATG, RBS-motif=GGA/GAG/AGG
11:40:03.210 - INFO - CDS - seq=contig_50, start=7126, stop=7383, strand=+, frame=1, truncated=no, start-type=ATG, RBS-motif=GGAGG
11:40:03.211 - INFO - CDS - seq=contig_50, start=7380, stop=8381, strand=-, frame=2, truncated=no, start-type=ATG, RBS-motif=GGAG/GAGG
11:40:03.211 - INFO - CDS - seq=contig_50, start=8386, stop=9864, strand=-, frame=1, truncated=no, start-type=ATG, RBS-motif=GGAGG
11:40:03.211 - INFO - CDS - seq=contig_50, start=10023, stop=10505, strand=-, frame=2, truncated=no, start-type=TTG, RBS-motif=GGAG/GAGG
11:40:03.211 - INFO - CDS - seq=contig_50, start=10818, stop=11432, strand=+, frame=3, truncated=no, start-type=TTG, RBS-motif=AGGAG
11:40:03.211 - INFO - CDS - seq=contig_50, start=11513, stop=12508, strand=+, frame=2, truncated=no, start-type=ATG, RBS-motif=AGGA/GGAG/GAGG
11:40:03.211 - INFO - CDS - seq=contig_50, start=12583, stop=13209, strand=+, frame=1, truncated=no, start-type=ATG, RBS-motif=AGGAG
11:40:03.211 - INFO - CDS - seq=contig_50, start=13250, stop=13591, strand=+, frame=2, truncated=no, start-type=ATG, RBS-motif=AGGAG
11:40:03.211 - INFO - CDS - seq=contig_50, start=13692, stop=14264, strand=+, frame=3, truncated=no, start-type=GTG, RBS-motif=GGAG/GAGG
11:40:03.211 - INFO - CDS - seq=contig_50, start=14462, stop=15031, strand=-, frame=3, truncated=no, start-type=ATG, RBS-motif=None
11:40:03.211 - INFO - CDS - seq=contig_50, start=15382, stop=15474, strand=-, frame=1, truncated=no, start-type=ATG, RBS-motif=GGA/GAG/AGG
11:40:03.212 - INFO - CDS - seq=contig_50, start=16062, stop=16562, strand=-, frame=2, truncated=no, start-type=ATG, RBS-motif=GGA/GAG/AGG
11:40:03.212 - INFO - CDS - seq=contig_50, start=17014, stop=18243, strand=-, frame=1, truncated=no, start-type=ATG, RBS-motif=None
11:40:03.212 - INFO - CDS - seq=contig_50, start=18236, stop=19372, strand=-, frame=3, truncated=no, start-type=ATG, RBS-motif=None
11:40:03.212 - INFO - CDS - seq=contig_50, start=223, stop=1056, strand=-, nt=[ATGGAGGTTA..TGAAGGATAG]
11:40:03.213 - INFO - CDS - seq=contig_50, start=1268, stop=2176, strand=-, nt=[ATGGATTTAT..ATTCAATTAA]
11:40:03.213 - INFO - CDS - seq=contig_50, start=2298, stop=3494, strand=-, nt=[ATGTTAAATA..AAAATATTAA]
11:40:03.213 - INFO - CDS - seq=contig_50, start=3866, stop=5458, strand=+, nt=[ATGTCAGTAG..CAACAAATAA]
11:40:03.213 - INFO - CDS - seq=contig_50, start=5836, stop=6606, strand=-, nt=[TTGGATTTTA..GCATAGCTAG]
11:40:03.213 - INFO - CDS - seq=contig_50, start=6587, stop=7066, strand=-, nt=[ATGCGCGTGA..TCAAACGTAA]
11:40:03.213 - INFO - CDS - seq=contig_50, start=7126, stop=7383, strand=+, nt=[ATGAAAAAGA..TAACCATTAA]
11:40:03.213 - INFO - CDS - seq=contig_50, start=7380, stop=8381, strand=-, nt=[ATGAAGTTGA..ACCATATTAA]
11:40:03.213 - INFO - CDS - seq=contig_50, start=8386, stop=9864, strand=-, nt=[ATGGACTTTT..TAGAGGATGA]
11:40:03.213 - INFO - CDS - seq=contig_50, start=10023, stop=10505, strand=-, nt=[TTGAAAAAGT..AAATAACTGA]
11:40:03.213 - INFO - CDS - seq=contig_50, start=10818, stop=11432, strand=+, nt=[TTGAATACAG..TAAAAATTAA]
11:40:03.214 - INFO - CDS - seq=contig_50, start=11513, stop=12508, strand=+, nt=[ATGAGCAATC..AACAGAATAA]
11:40:03.214 - INFO - CDS - seq=contig_50, start=12583, stop=13209, strand=+, nt=[ATGAAATTCA..AGTTAAATAA]
11:40:03.214 - INFO - CDS - seq=contig_50, start=13250, stop=13591, strand=+, nt=[ATGATAACAT..ACAAGAGTAA]
11:40:03.214 - INFO - CDS - seq=contig_50, start=13692, stop=14264, strand=+, nt=[GTGGAGAAAA..GTCTAGATAA]
11:40:03.214 - INFO - CDS - seq=contig_50, start=14462, stop=15031, strand=-, nt=[ATGAAAGCTA..AACTGTCTAA]
11:40:03.214 - INFO - CDS - seq=contig_50, start=15382, stop=15474, strand=-, nt=[ATGGTTAGAT..GATAAAGTAA]
11:40:03.214 - INFO - CDS - seq=contig_50, start=16062, stop=16562, strand=-, nt=[ATGAAATTAT..GGTCCTTTAG]
11:40:03.214 - INFO - CDS - seq=contig_50, start=17014, stop=18243, strand=-, nt=[ATGAGTAATA..GTTTGTTTAA]
11:40:03.214 - INFO - CDS - seq=contig_50, start=18236, stop=19372, strand=-, nt=[ATGGATTTGA..AGATGAGTAA]
11:40:03.214 - INFO - CDS - seq=contig_51, start=289, stop=1032, strand=-, frame=3, truncated=no, start-type=ATG, RBS-motif=GGA/GAG/AGG
11:40:03.214 - INFO - CDS - seq=contig_51, start=1112, stop=1558, strand=+, frame=2, truncated=no, start-type=TTG, RBS-motif=GGAGG
11:40:03.215 - INFO - CDS - seq=contig_51, start=1673, stop=2830, strand=+, frame=2, truncated=no, start-type=ATG, RBS-motif=AGGAGG
11:40:03.215 - INFO - CDS - seq=contig_51, start=2817, stop=4421, strand=+, frame=3, truncated=no, start-type=ATG, RBS-motif=GGAGG
11:40:03.215 - INFO - CDS - seq=contig_51, start=4571, stop=5701, strand=-, frame=2, truncated=no, start-type=GTG, RBS-motif=GGAG/GAGG
11:40:03.215 - INFO - CDS - seq=contig_51, start=5808, stop=7274, strand=-, frame=1, truncated=no, start-type=ATG, RBS-motif=AGxAGG/AGGxGG
11:40:03.215 - INFO - CDS - seq=contig_51, start=7402, stop=8019, strand=-, frame=3, truncated=no, start-type=ATG, RBS-motif=AGxAGG/AGGxGG
11:40:03.215 - INFO - CDS - seq=contig_51, start=8191, stop=9465, strand=+, frame=1, truncated=no, start-type=ATG, RBS-motif=GGAGG
11:40:03.215 - INFO - CDS - seq=contig_51, start=9559, stop=10821, strand=-, frame=3, truncated=no, start-type=ATG, RBS-motif=AGGAGG
11:40:03.215 - INFO - CDS - seq=contig_51, start=11203, stop=12108, strand=+, frame=1, truncated=no, start-type=ATG, RBS-motif=AGGAGG
11:40:03.215 - INFO - CDS - seq=contig_51, start=12311, stop=14986, strand=-, frame=2, truncated=no, start-type=ATG, RBS-motif=AGGAG/GGAGG
11:40:03.215 - INFO - CDS - seq=contig_51, start=15319, stop=16986, strand=-, frame=3, truncated=no, start-type=TTG, RBS-motif=GGA/GAG/AGG
11:40:03.216 - INFO - CDS - seq=contig_51, start=17426, stop=19132, strand=-, frame=2, truncated=no, start-type=ATG, RBS-motif=GGAG/GAGG
11:40:03.216 - INFO - CDS - seq=contig_51, start=19301, stop=19933, strand=+, frame=2, truncated=no, start-type=ATG, RBS-motif=AGGAG
11:40:03.216 - INFO - CDS - seq=contig_51, start=19958, stop=21127, strand=+, frame=2, truncated=no, start-type=ATG, RBS-motif=GGAGG
11:40:03.216 - INFO - CDS - seq=contig_51, start=21225, stop=22214, strand=-, frame=1, truncated=no, start-type=ATG, RBS-motif=AGGAGG
11:40:03.216 - INFO - CDS - seq=contig_51, start=22754, stop=23845, strand=-, frame=2, truncated=no, start-type=ATG, RBS-motif=GGAG/GAGG
11:40:03.216 - INFO - CDS - seq=contig_51, start=24539, stop=25897, strand=-, frame=2, truncated=no, start-type=ATG, RBS-motif=AGGAGG
11:40:03.216 - INFO - CDS - seq=contig_51, start=25971, stop=26462, strand=-, frame=1, truncated=no, start-type=ATG, RBS-motif=AGGAGG
11:40:03.216 - INFO - CDS - seq=contig_51, start=26536, stop=27849, strand=-, frame=3, truncated=no, start-type=ATG, RBS-motif=AGGAG
11:40:03.216 - INFO - CDS - seq=contig_51, start=27873, stop=31697, strand=-, frame=1, truncated=no, start-type=ATG, RBS-motif=GGA/GAG/AGG
11:40:03.217 - INFO - CDS - seq=contig_51, start=31718, stop=32314, strand=-, frame=2, truncated=no, start-type=ATG, RBS-motif=AGGAG
11:40:03.217 - INFO - CDS - seq=contig_51, start=32343, stop=33200, strand=-, frame=1, truncated=no, start-type=ATG, RBS-motif=AGGAG
11:40:03.217 - INFO - CDS - seq=contig_51, start=33300, stop=33611, strand=-, frame=1, truncated=no, start-type=ATG, RBS-motif=AGGAG
11:40:03.217 - INFO - CDS - seq=contig_51, start=33676, stop=34752, strand=-, frame=3, truncated=no, start-type=ATG, RBS-motif=AGGAG/GGAGG
11:40:03.217 - INFO - CDS - seq=contig_51, start=34836, stop=35150, strand=+, frame=3, truncated=no, start-type=ATG, RBS-motif=GGAG/GAGG
11:40:03.217 - INFO - CDS - seq=contig_51, start=35275, stop=36117, strand=-, frame=3, truncated=no, start-type=ATG, RBS-motif=GGA/GAG/AGG
11:40:03.217 - INFO - CDS - seq=contig_51, start=36588, stop=37232, strand=-, frame=1, truncated=no, start-type=ATG, RBS-motif=AGGAG
11:40:03.217 - INFO - CDS - seq=contig_51, start=37247, stop=38038, strand=-, frame=2, truncated=no, start-type=TTG, RBS-motif=GGAG/GAGG
11:40:03.217 - INFO - CDS - seq=contig_51, start=38588, stop=39436, strand=-, frame=2, truncated=no, start-type=ATG, RBS-motif=GGAGG
11:40:03.217 - INFO - CDS - seq=contig_51, start=39440, stop=40849, strand=-, frame=2, truncated=no, start-type=ATG, RBS-motif=AGGA/GGAG/GAGG
11:40:03.217 - INFO - CDS - seq=contig_51, start=41407, stop=41829, strand=-, frame=3, truncated=no, start-type=ATG, RBS-motif=GGAG/GAGG
11:40:03.218 - INFO - CDS - seq=contig_51, start=41846, stop=42541, strand=-, frame=2, truncated=no, start-type=ATG, RBS-motif=GGA/GAG/AGG
11:40:03.218 - INFO - CDS - seq=contig_51, start=42538, stop=44199, strand=-, frame=3, truncated=no, start-type=ATG, RBS-motif=GGAG/GAGG
11:40:03.218 - INFO - CDS - seq=contig_51, start=44606, stop=45874, strand=+, frame=2, truncated=no, start-type=ATG, RBS-motif=GGAGG
11:40:03.218 - INFO - CDS - seq=contig_51, start=45991, stop=52551, strand=-, frame=3, truncated=no, start-type=ATG, RBS-motif=AGGAGG
11:40:03.218 - INFO - CDS - seq=contig_51, start=52877, stop=53188, strand=-, frame=2, truncated=no, start-type=ATG, RBS-motif=AGGAGG
11:40:03.219 - INFO - CDS - seq=contig_51, start=53210, stop=55627, strand=-, frame=2, truncated=no, start-type=GTG, RBS-motif=AGGAG
11:40:03.219 - INFO - CDS - seq=contig_51, start=55915, stop=57096, strand=-, frame=3, truncated=no, start-type=ATG, RBS-motif=AGGA
11:40:03.219 - INFO - CDS - seq=contig_51, start=57206, stop=58159, strand=+, frame=2, truncated=no, start-type=ATG, RBS-motif=AGGA
11:40:03.219 - INFO - CDS - seq=contig_51, start=58156, stop=58719, strand=+, frame=1, truncated=no, start-type=ATG, RBS-motif=GGA/GAG/AGG
11:40:03.219 - INFO - CDS - seq=contig_51, start=58842, stop=59243, strand=-, frame=1, truncated=no, start-type=ATG, RBS-motif=GGAG/GAGG
11:40:03.219 - INFO - CDS - seq=contig_51, start=59814, stop=60641, strand=-, frame=1, truncated=no, start-type=ATG, RBS-motif=GGA/GAG/AGG
11:40:03.219 - INFO - CDS - seq=contig_51, start=60875, stop=61876, strand=+, frame=2, truncated=no, start-type=ATG, RBS-motif=GGAGG
11:40:03.220 - INFO - CDS - seq=contig_51, start=61998, stop=62462, strand=-, frame=1, truncated=no, start-type=ATG, RBS-motif=AGGAGG
11:40:03.220 - INFO - CDS - seq=contig_51, start=62475, stop=63656, strand=-, frame=1, truncated=no, start-type=ATG, RBS-motif=AGGAGG
11:40:03.220 - INFO - CDS - seq=contig_51, start=63667, stop=64299, strand=-, frame=3, truncated=no, start-type=ATG, RBS-motif=AGxAG
11:40:03.220 - INFO - CDS - seq=contig_51, start=64306, stop=65349, strand=-, frame=3, truncated=no, start-type=TTG, RBS-motif=GGAG/GAGG
11:40:03.220 - INFO - CDS - seq=contig_51, start=65830, stop=67332, strand=-, frame=3, truncated=no, start-type=ATG, RBS-motif=AGGA
11:40:03.220 - INFO - CDS - seq=contig_51, start=67855, stop=68169, strand=+, frame=1, truncated=no, start-type=ATG, RBS-motif=AGGAGG
11:40:03.220 - INFO - CDS - seq=contig_51, start=68169, stop=69461, strand=+, frame=3, truncated=no, start-type=ATG, RBS-motif=None
11:40:03.220 - INFO - CDS - seq=contig_51, start=69548, stop=70402, strand=-, frame=2, truncated=no, start-type=ATG, RBS-motif=GGAG/GAGG
11:40:03.220 - INFO - CDS - seq=contig_51, start=70678, stop=70902, strand=-, frame=3, truncated=no, start-type=ATG, RBS-motif=GGAGG
11:40:03.220 - INFO - CDS - seq=contig_51, start=71101, stop=71571, strand=+, frame=1, truncated=no, start-type=TTG, RBS-motif=GGAG/GAGG
11:40:03.221 - INFO - CDS - seq=contig_51, start=71684, stop=72127, strand=+, frame=2, truncated=no, start-type=TTG, RBS-motif=AGGAG
11:40:03.221 - INFO - CDS - seq=contig_51, start=72114, stop=72557, strand=-, frame=1, truncated=no, start-type=ATG, RBS-motif=AGGAG(G)/GGAGG
11:40:03.221 - INFO - CDS - seq=contig_51, start=72853, stop=73488, strand=+, frame=1, truncated=no, start-type=ATG, RBS-motif=AGGA
11:40:03.221 - INFO - CDS - seq=contig_51, start=73928, stop=74641, strand=-, frame=2, truncated=no, start-type=ATG, RBS-motif=AGGAGG
11:40:03.221 - INFO - CDS - seq=contig_51, start=74901, stop=75203, strand=+, frame=3, truncated=no, start-type=ATG, RBS-motif=AGGAGG
11:40:03.221 - INFO - CDS - seq=contig_51, start=75459, stop=75824, strand=+, frame=3, truncated=no, start-type=ATG, RBS-motif=GGAG/GAGG
11:40:03.221 - INFO - CDS - seq=contig_51, start=75821, stop=76174, strand=+, frame=2, truncated=no, start-type=ATG, RBS-motif=AGxAGG/AGGxGG
11:40:03.221 - INFO - CDS - seq=contig_51, start=289, stop=1032, strand=-, nt=[ATGACTCTGA..TATTAAGTGA]
11:40:03.221 - INFO - CDS - seq=contig_51, start=1112, stop=1558, strand=+, nt=[TTGCATCAAC..GGCCAAATAA]
11:40:03.221 - INFO - CDS - seq=contig_51, start=1673, stop=2830, strand=+, nt=[ATGTATTATC..AGCAATTTAA]
11:40:03.221 - INFO - CDS - seq=contig_51, start=2817, stop=4421, strand=+, nt=[ATGAAGCAAT..ACAGTCATAA]
11:40:03.221 - INFO - CDS - seq=contig_51, start=4571, stop=5701, strand=-, nt=[GTGAAGAAAA..TAATTTGTAA]
11:40:03.222 - INFO - CDS - seq=contig_51, start=5808, stop=7274, strand=-, nt=[ATGTATAAAT..ACATTTATAA]
11:40:03.222 - INFO - CDS - seq=contig_51, start=7402, stop=8019, strand=-, nt=[ATGTATTCAG..AAGTTTATAA]
11:40:03.222 - INFO - CDS - seq=contig_51, start=8191, stop=9465, strand=+, nt=[ATGTCAGATT..CTTTAGATAA]
11:40:03.222 - INFO - CDS - seq=contig_51, start=9559, stop=10821, strand=-, nt=[ATGACGAATG..CTATCAATAA]
11:40:03.222 - INFO - CDS - seq=contig_51, start=11203, stop=12108, strand=+, nt=[ATGACGAATC..AAAGCGTTAA]
11:40:03.222 - INFO - CDS - seq=contig_51, start=12311, stop=14986, strand=-, nt=[ATGAACAAAC..ATCTAAATAA]
11:40:03.222 - INFO - CDS - seq=contig_51, start=15319, stop=16986, strand=-, nt=[TTGACTCATT..GTTATTCTAA]
11:40:03.222 - INFO - CDS - seq=contig_51, start=17426, stop=19132, strand=-, nt=[ATGAAAGTCG..AATGGAATAA]
11:40:03.222 - INFO - CDS - seq=contig_51, start=19301, stop=19933, strand=+, nt=[ATGAATCATT..TTTCTTTTAA]
11:40:03.222 - INFO - CDS - seq=contig_51, start=19958, stop=21127, strand=+, nt=[ATGCAACAAC..TCGTCAATAA]
11:40:03.223 - INFO - CDS - seq=contig_51, start=21225, stop=22214, strand=-, nt=[ATGACAGTTA..TACAAAATAA]
11:40:03.223 - INFO - CDS - seq=contig_51, start=22754, stop=23845, strand=-, nt=[ATGAGTAATA..GTTAAAATAA]
11:40:03.223 - INFO - CDS - seq=contig_51, start=24539, stop=25897, strand=-, nt=[ATGACGCAGC..CAATGACTAA]
11:40:03.223 - INFO - CDS - seq=contig_51, start=25971, stop=26462, strand=-, nt=[ATGGATTGGA..AGATAAATAA]
11:40:03.223 - INFO - CDS - seq=contig_51, start=26536, stop=27849, strand=-, nt=[ATGACACACT..TGCGTTTTAA]
11:40:03.223 - INFO - CDS - seq=contig_51, start=27873, stop=31697, strand=-, nt=[ATGAGCTGGT..TAAAGAATAA]
11:40:03.223 - INFO - CDS - seq=contig_51, start=31718, stop=32314, strand=-, nt=[ATGAATTTAT..TTTTGAATAA]
11:40:03.223 - INFO - CDS - seq=contig_51, start=32343, stop=33200, strand=-, nt=[ATGAATACCT..AGATAAATAG]
11:40:03.223 - INFO - CDS - seq=contig_51, start=33300, stop=33611, strand=-, nt=[ATGAAACAAC..ATATGTGTAA]
11:40:03.224 - INFO - CDS - seq=contig_51, start=33676, stop=34752, strand=-, nt=[ATGAACATAA..ATATAAATAA]
11:40:03.224 - INFO - CDS - seq=contig_51, start=34836, stop=35150, strand=+, nt=[ATGATGACTA..AGAGCGTTAA]
11:40:03.224 - INFO - CDS - seq=contig_51, start=35275, stop=36117, strand=-, nt=[ATGAAGATCG..TAATAACTAA]
11:40:03.224 - INFO - CDS - seq=contig_51, start=36588, stop=37232, strand=-, nt=[ATGAGAGTTC..ACAAAAATAA]
11:40:03.224 - INFO - CDS - seq=contig_51, start=37247, stop=38038, strand=-, nt=[TTGGAGCAGT..GTTTATTTAA]
11:40:03.225 - INFO - CDS - seq=contig_51, start=38588, stop=39436, strand=-, nt=[ATGGAAAAAA..CAGTATTTAA]
11:40:03.225 - INFO - CDS - seq=contig_51, start=39440, stop=40849, strand=-, nt=[ATGTGGAAAG..GGAGGAATAA]
11:40:03.225 - INFO - CDS - seq=contig_51, start=41407, stop=41829, strand=-, nt=[ATGGCAAAAG..TAAAGAATAA]
11:40:03.225 - INFO - CDS - seq=contig_51, start=41846, stop=42541, strand=-, nt=[ATGAGAATAG..TTATAAATAA]
11:40:03.225 - INFO - CDS - seq=contig_51, start=42538, stop=44199, strand=-, nt=[ATGAGTGAAA..TTTACGATGA]
11:40:03.225 - INFO - CDS - seq=contig_51, start=44606, stop=45874, strand=+, nt=[ATGTATCAAA..AATGGAATAA]
11:40:03.225 - INFO - CDS - seq=contig_51, start=45991, stop=52551, strand=-, nt=[ATGAATTTGT..AGAATCATAA]
11:40:03.225 - INFO - CDS - seq=contig_51, start=52877, stop=53188, strand=-, nt=[ATGAAGTCAA..AAGTATTTAA]
11:40:03.226 - INFO - CDS - seq=contig_51, start=53210, stop=55627, strand=-, nt=[GTGTTGAATT..AGCTAAATAA]
11:40:03.226 - INFO - CDS - seq=contig_51, start=55915, stop=57096, strand=-, nt=[ATGAATATAC..AGATGCATAA]
11:40:03.226 - INFO - CDS - seq=contig_51, start=57206, stop=58159, strand=+, nt=[ATGGGCAATC..GAAGCAATGA]
11:40:03.226 - INFO - CDS - seq=contig_51, start=58156, stop=58719, strand=+, nt=[ATGAAATTAG..AATTTCTTAA]
11:40:03.226 - INFO - CDS - seq=contig_51, start=58842, stop=59243, strand=-, nt=[ATGAAAAAAG..TGCTGTGTAA]
11:40:03.226 - INFO - CDS - seq=contig_51, start=59814, stop=60641, strand=-, nt=[ATGTGGAAGT..AGAAATTTAA]
11:40:03.226 - INFO - CDS - seq=contig_51, start=60875, stop=61876, strand=+, nt=[ATGGCACTAT..CCGTAAATAG]
11:40:03.226 - INFO - CDS - seq=contig_51, start=61998, stop=62462, strand=-, nt=[ATGAATTTTG..AAAAGCATAG]
11:40:03.226 - INFO - CDS - seq=contig_51, start=62475, stop=63656, strand=-, nt=[ATGCAATTCG..TTTAATATAG]
11:40:03.226 - INFO - CDS - seq=contig_51, start=63667, stop=64299, strand=-, nt=[ATGTTTACTG..TGGTTTTTAG]
11:40:03.227 - INFO - CDS - seq=contig_51, start=64306, stop=65349, strand=-, nt=[TTGAGTCAAT..AAAGAAGTGA]
11:40:03.227 - INFO - CDS - seq=contig_51, start=65830, stop=67332, strand=-, nt=[ATGCGTGTAG..CAATCAATAA]
11:40:03.227 - INFO - CDS - seq=contig_51, start=67855, stop=68169, strand=+, nt=[ATGACGTATA..TGAATGCTAA]
11:40:03.227 - INFO - CDS - seq=contig_51, start=68169, stop=69461, strand=+, nt=[ATGATGACAA..CATATTTTAA]
11:40:03.227 - INFO - CDS - seq=contig_51, start=69548, stop=70402, strand=-, nt=[ATGAATAAAC..GAATAAGTAA]
11:40:03.227 - INFO - CDS - seq=contig_51, start=70678, stop=70902, strand=-, nt=[ATGGATTACG..AACTAAGTAA]
11:40:03.227 - INFO - CDS - seq=contig_51, start=71101, stop=71571, strand=+, nt=[TTGAAATTTA..TTTTAATTAG]
11:40:03.227 - INFO - CDS - seq=contig_51, start=71684, stop=72127, strand=+, nt=[TTGCAAGACA..TTCGAATTAA]
11:40:03.227 - INFO - CDS - seq=contig_51, start=72114, stop=72557, strand=-, nt=[ATGAATAAAG..TTCGAAATAG]
11:40:03.228 - INFO - CDS - seq=contig_51, start=72853, stop=73488, strand=+, nt=[ATGCAAAAAT..ATGGGGATAA]
11:40:03.228 - INFO - CDS - seq=contig_51, start=73928, stop=74641, strand=-, nt=[ATGGCTAAAC..TATTCTATAA]
11:40:03.228 - INFO - CDS - seq=contig_51, start=74901, stop=75203, strand=+, nt=[ATGTCTCGTT..TTTTATTTAA]
11:40:03.228 - INFO - CDS - seq=contig_51, start=75459, stop=75824, strand=+, nt=[ATGCAATATG..TTTATCATGA]
11:40:03.228 - INFO - CDS - seq=contig_51, start=75821, stop=76174, strand=+, nt=[ATGATATCAA..TCATATTTAA]
11:40:03.228 - INFO - CDS - seq=contig_52, start=25, stop=183, strand=+, frame=1, truncated=no, start-type=ATG, RBS-motif=AGxAG
11:40:03.228 - INFO - CDS - seq=contig_52, start=462, stop=1763, strand=+, frame=3, truncated=no, start-type=ATG, RBS-motif=AGGA
11:40:03.228 - INFO - CDS - seq=contig_52, start=1777, stop=2127, strand=+, frame=1, truncated=no, start-type=TTG, RBS-motif=AGGAG
11:40:03.228 - INFO - CDS - seq=contig_52, start=2279, stop=2749, strand=-, frame=2, truncated=no, start-type=ATG, RBS-motif=AGGAGG
11:40:03.228 - INFO - CDS - seq=contig_52, start=3060, stop=4244, strand=+, frame=3, truncated=no, start-type=ATG, RBS-motif=GGAG/GAGG
11:40:03.229 - INFO - CDS - seq=contig_52, start=4244, stop=5437, strand=+, frame=2, truncated=no, start-type=ATG, RBS-motif=GGA/GAG/AGG
11:40:03.229 - INFO - CDS - seq=contig_52, start=5836, stop=6507, strand=+, frame=1, truncated=no, start-type=ATG, RBS-motif=GGAG/GAGG
11:40:03.229 - INFO - CDS - seq=contig_52, start=6638, stop=7441, strand=-, frame=2, truncated=no, start-type=ATG, RBS-motif=GGAG/GAGG
11:40:03.229 - INFO - CDS - seq=contig_52, start=7866, stop=8726, strand=+, frame=3, truncated=no, start-type=ATG, RBS-motif=GGA/GAG/AGG
11:40:03.229 - INFO - CDS - seq=contig_52, start=8838, stop=9368, strand=+, frame=3, truncated=no, start-type=ATG, RBS-motif=AGGA/GGAG/GAGG
11:40:03.229 - INFO - CDS - seq=contig_52, start=9704, stop=11314, strand=+, frame=2, truncated=no, start-type=ATG, RBS-motif=AGGAGG
11:40:03.229 - INFO - CDS - seq=contig_52, start=11423, stop=11944, strand=-, frame=2, truncated=no, start-type=ATG, RBS-motif=GGAGG
11:40:03.229 - INFO - CDS - seq=contig_52, start=12162, stop=13022, strand=+, frame=3, truncated=no, start-type=ATG, RBS-motif=AGGAGG
11:40:03.229 - INFO - CDS - seq=contig_52, start=13488, stop=14747, strand=+, frame=3, truncated=no, start-type=ATG, RBS-motif=AGGAG
11:40:03.230 - INFO - CDS - seq=contig_52, start=14836, stop=15171, strand=+, frame=1, truncated=no, start-type=ATG, RBS-motif=GGAG/GAGG
11:40:03.230 - INFO - CDS - seq=contig_52, start=15409, stop=16836, strand=+, frame=1, truncated=no, start-type=ATG, RBS-motif=AGGAG
11:40:03.230 - INFO - CDS - seq=contig_52, start=17083, stop=18399, strand=+, frame=1, truncated=no, start-type=ATG, RBS-motif=None
11:40:03.230 - INFO - CDS - seq=contig_52, start=18517, stop=18771, strand=+, frame=1, truncated=no, start-type=ATG, RBS-motif=AGGAG
11:40:03.230 - INFO - CDS - seq=contig_52, start=19118, stop=19717, strand=+, frame=2, truncated=no, start-type=ATG, RBS-motif=AGxAGG/AGGxGG
11:40:03.230 - INFO - CDS - seq=contig_52, start=19718, stop=20794, strand=+, frame=2, truncated=no, start-type=GTG, RBS-motif=AGGAGG
11:40:03.230 - INFO - CDS - seq=contig_52, start=20781, stop=21617, strand=+, frame=3, truncated=no, start-type=ATG, RBS-motif=None
11:40:03.231 - INFO - CDS - seq=contig_52, start=21701, stop=22747, strand=+, frame=2, truncated=no, start-type=TTG, RBS-motif=GGA/GAG/AGG
11:40:03.231 - INFO - CDS - seq=contig_52, start=22744, stop=23163, strand=+, frame=1, truncated=no, start-type=ATG, RBS-motif=AGGA
11:40:03.231 - INFO - CDS - seq=contig_52, start=23270, stop=23794, strand=+, frame=2, truncated=no, start-type=ATG, RBS-motif=GGxGG
11:40:03.231 - INFO - CDS - seq=contig_52, start=23821, stop=25059, strand=+, frame=1, truncated=no, start-type=ATG, RBS-motif=GGAG/GAGG
11:40:03.231 - INFO - CDS - seq=contig_52, start=25087, stop=25716, strand=+, frame=1, truncated=no, start-type=ATG, RBS-motif=AGGAG
11:40:03.232 - INFO - CDS - seq=contig_52, start=25740, stop=26867, strand=+, frame=3, truncated=no, start-type=ATG, RBS-motif=AGGA/GGAG/GAGG
11:40:03.232 - INFO - CDS - seq=contig_52, start=27034, stop=27387, strand=+, frame=1, truncated=no, start-type=ATG, RBS-motif=GGAGG
11:40:03.232 - INFO - CDS - seq=contig_52, start=27408, stop=28136, strand=+, frame=3, truncated=no, start-type=ATG, RBS-motif=GGAG/GAGG
11:40:03.232 - INFO - CDS - seq=contig_52, start=28179, stop=28391, strand=+, frame=3, truncated=no, start-type=ATG, RBS-motif=AGGAGG
11:40:03.232 - INFO - CDS - seq=contig_52, start=28589, stop=29110, strand=+, frame=2, truncated=no, start-type=GTG, RBS-motif=AGGAG/GGAGG
11:40:03.232 - INFO - CDS - seq=contig_52, start=29110, stop=29649, strand=+, frame=1, truncated=no, start-type=ATG, RBS-motif=GGA/GAG/AGG
11:40:03.232 - INFO - CDS - seq=contig_52, start=29671, stop=31179, strand=+, frame=1, truncated=no, start-type=ATG, RBS-motif=AGGAG
11:40:03.232 - INFO - CDS - seq=contig_52, start=31210, stop=32076, strand=+, frame=1, truncated=no, start-type=GTG, RBS-motif=AGxAGG/AGGxGG
11:40:03.233 - INFO - CDS - seq=contig_52, start=32098, stop=33510, strand=+, frame=1, truncated=no, start-type=ATG, RBS-motif=AGGAGG
11:40:03.233 - INFO - CDS - seq=contig_52, start=33530, stop=33934, strand=+, frame=2, truncated=no, start-type=ATG, RBS-motif=AGGAGG
11:40:03.233 - INFO - CDS - seq=contig_52, start=34496, stop=34729, strand=+, frame=2, truncated=no, start-type=ATG, RBS-motif=GGAG/GAGG
11:40:03.233 - INFO - CDS - seq=contig_52, start=34840, stop=36105, strand=+, frame=1, truncated=no, start-type=ATG, RBS-motif=GGAGG
11:40:03.233 - INFO - CDS - seq=contig_52, start=36139, stop=36579, strand=+, frame=1, truncated=no, start-type=ATG, RBS-motif=GGAGG
11:40:03.233 - INFO - CDS - seq=contig_52, start=36638, stop=37078, strand=-, frame=2, truncated=no, start-type=ATG, RBS-motif=GGA/GAG/AGG
11:40:03.233 - INFO - CDS - seq=contig_52, start=37272, stop=37667, strand=+, frame=3, truncated=no, start-type=ATG, RBS-motif=3Base/5BMM
11:40:03.233 - INFO - CDS - seq=contig_52, start=38056, stop=38751, strand=+, frame=1, truncated=no, start-type=ATG, RBS-motif=AGGAGG
11:40:03.233 - INFO - CDS - seq=contig_52, start=39138, stop=39827, strand=+, frame=3, truncated=no, start-type=ATG, RBS-motif=GGAGG
11:40:03.234 - INFO - CDS - seq=contig_52, start=39820, stop=40650, strand=+, frame=1, truncated=no, start-type=ATG, RBS-motif=GGAGG
11:40:03.234 - INFO - CDS - seq=contig_52, start=40634, stop=41425, strand=+, frame=2, truncated=no, start-type=ATG, RBS-motif=GGAG/GAGG
11:40:03.234 - INFO - CDS - seq=contig_52, start=41427, stop=42068, strand=+, frame=3, truncated=no, start-type=ATG, RBS-motif=GGAG/GAGG
11:40:03.234 - INFO - CDS - seq=contig_52, start=42154, stop=43026, strand=+, frame=1, truncated=no, start-type=ATG, RBS-motif=GGAG/GAGG
11:40:03.234 - INFO - CDS - seq=contig_52, start=43639, stop=44286, strand=-, frame=3, truncated=no, start-type=ATG, RBS-motif=AGGAG
11:40:03.234 - INFO - CDS - seq=contig_52, start=44314, stop=45798, strand=-, frame=3, truncated=no, start-type=ATG, RBS-motif=GGAGG
11:40:03.234 - INFO - CDS - seq=contig_52, start=45964, stop=46257, strand=+, frame=1, truncated=no, start-type=ATG, RBS-motif=AGGAG
11:40:03.234 - INFO - CDS - seq=contig_52, start=46269, stop=46478, strand=+, frame=3, truncated=no, start-type=ATG, RBS-motif=AGGAG
11:40:03.235 - INFO - CDS - seq=contig_52, start=46606, stop=46743, strand=+, frame=1, truncated=no, start-type=ATG, RBS-motif=GGAG/GAGG
11:40:03.235 - INFO - CDS - seq=contig_52, start=47007, stop=48209, strand=-, frame=1, truncated=no, start-type=ATG, RBS-motif=AGGAG
11:40:03.235 - INFO - CDS - seq=contig_52, start=48527, stop=49597, strand=+, frame=2, truncated=no, start-type=ATG, RBS-motif=GGAGG
11:40:03.235 - INFO - CDS - seq=contig_52, start=49612, stop=50970, strand=+, frame=1, truncated=no, start-type=ATG, RBS-motif=GGAG/GAGG
11:40:03.235 - INFO - CDS - seq=contig_52, start=51487, stop=53007, strand=+, frame=1, truncated=no, start-type=TTG, RBS-motif=AGGAG
11:40:03.235 - INFO - CDS - seq=contig_52, start=25, stop=183, strand=+, nt=[ATGAAAGATA..AGATTACTAA]
11:40:03.235 - INFO - CDS - seq=contig_52, start=462, stop=1763, strand=+, nt=[ATGAGAATGA..TACAGAGTAG]
11:40:03.235 - INFO - CDS - seq=contig_52, start=1777, stop=2127, strand=+, nt=[TTGAACATAC..GAAATTATAG]
11:40:03.235 - INFO - CDS - seq=contig_52, start=2279, stop=2749, strand=-, nt=[ATGACAAAAA..AGGAAAATAA]
11:40:03.235 - INFO - CDS - seq=contig_52, start=3060, stop=4244, strand=+, nt=[ATGAGTGAAA..TGGGAAGTAA]
11:40:03.236 - INFO - CDS - seq=contig_52, start=4244, stop=5437, strand=+, nt=[ATGACAAATA..ACACTATTAG]
11:40:03.236 - INFO - CDS - seq=contig_52, start=5836, stop=6507, strand=+, nt=[ATGTCTTATA..TACATTTTAA]
11:40:03.236 - INFO - CDS - seq=contig_52, start=6638, stop=7441, strand=-, nt=[ATGAAAGTTG..AGGTAAATAG]
11:40:03.236 - INFO - CDS - seq=contig_52, start=7866, stop=8726, strand=+, nt=[ATGGCTAAAG..AAATTACTAA]
11:40:03.236 - INFO - CDS - seq=contig_52, start=8838, stop=9368, strand=+, nt=[ATGAAAATTC..CAACGATTAA]
11:40:03.236 - INFO - CDS - seq=contig_52, start=9704, stop=11314, strand=+, nt=[ATGACAAAAT..AAATAAATAA]
11:40:03.236 - INFO - CDS - seq=contig_52, start=11423, stop=11944, strand=-, nt=[ATGTCAAAAA..AGAATTATAA]
11:40:03.236 - INFO - CDS - seq=contig_52, start=12162, stop=13022, strand=+, nt=[ATGCCTTTAG..CGCTAAATAA]
11:40:03.236 - INFO - CDS - seq=contig_52, start=13488, stop=14747, strand=+, nt=[ATGGCTCAAG..AACTGTATAG]
11:40:03.236 - INFO - CDS - seq=contig_52, start=14836, stop=15171, strand=+, nt=[ATGGAAGTAT..TGCTAAATAA]
11:40:03.237 - INFO - CDS - seq=contig_52, start=15409, stop=16836, strand=+, nt=[ATGAGAGACT..TTTTAAATAA]
11:40:03.237 - INFO - CDS - seq=contig_52, start=17083, stop=18399, strand=+, nt=[ATGCCTGAAA..TATAATTTAA]
11:40:03.237 - INFO - CDS - seq=contig_52, start=18517, stop=18771, strand=+, nt=[ATGAAACAAG..AAACAACTAA]
11:40:03.237 - INFO - CDS - seq=contig_52, start=19118, stop=19717, strand=+, nt=[ATGTATGAAA..GGAATTATAA]
11:40:03.238 - INFO - CDS - seq=contig_52, start=19718, stop=20794, strand=+, nt=[GTGTTTGATC..TGAATTATAA]
11:40:03.238 - INFO - CDS - seq=contig_52, start=20781, stop=21617, strand=+, nt=[ATGGTGAATT..TAAATGGTAA]
11:40:03.238 - INFO - CDS - seq=contig_52, start=21701, stop=22747, strand=+, nt=[TTGGATACTA..TGAACTATGA]
11:40:03.238 - INFO - CDS - seq=contig_52, start=22744, stop=23163, strand=+, nt=[ATGAAGATTT..TATTTGCTAG]
11:40:03.238 - INFO - CDS - seq=contig_52, start=23270, stop=23794, strand=+, nt=[ATGAAAGATT..ATACAAATAA]
11:40:03.238 - INFO - CDS - seq=contig_52, start=23821, stop=25059, strand=+, nt=[ATGTCTTATA..ATATCAATAA]
11:40:03.238 - INFO - CDS - seq=contig_52, start=25087, stop=25716, strand=+, nt=[ATGAGTAAAG..TACTAAATAG]
11:40:03.238 - INFO - CDS - seq=contig_52, start=25740, stop=26867, strand=+, nt=[ATGAAAAAGA..CGATTTCTGA]
11:40:03.238 - INFO - CDS - seq=contig_52, start=27034, stop=27387, strand=+, nt=[ATGAGTCGTT..GAGCAAATAA]
11:40:03.239 - INFO - CDS - seq=contig_52, start=27408, stop=28136, strand=+, nt=[ATGGATCACA..TGAACACTAA]
11:40:03.239 - INFO - CDS - seq=contig_52, start=28179, stop=28391, strand=+, nt=[ATGAATTTAA..TGCTGGATAA]
11:40:03.239 - INFO - CDS - seq=contig_52, start=28589, stop=29110, strand=+, nt=[GTGACTGAAA..CGATAAATAA]
11:40:03.239 - INFO - CDS - seq=contig_52, start=29110, stop=29649, strand=+, nt=[ATGGTAAAAG..AGTTAATTAA]
11:40:03.239 - INFO - CDS - seq=contig_52, start=29671, stop=31179, strand=+, nt=[ATGGCCATAA..ATCTGAATAA]
11:40:03.239 - INFO - CDS - seq=contig_52, start=31210, stop=32076, strand=+, nt=[GTGGCTTCTC..GCTTGAATAA]
11:40:03.239 - INFO - CDS - seq=contig_52, start=32098, stop=33510, strand=+, nt=[ATGGGAATTG..TGAAGTATAA]
11:40:03.239 - INFO - CDS - seq=contig_52, start=33530, stop=33934, strand=+, nt=[ATGAATACAT..ATTAAAATAG]
11:40:03.239 - INFO - CDS - seq=contig_52, start=34496, stop=34729, strand=+, nt=[ATGGATTATA..AATAAAATAA]
11:40:03.239 - INFO - CDS - seq=contig_52, start=34840, stop=36105, strand=+, nt=[ATGGATAAAA..TAACGATTAA]
11:40:03.240 - INFO - CDS - seq=contig_52, start=36139, stop=36579, strand=+, nt=[ATGGAAACAA..TGTAAAATAA]
11:40:03.240 - INFO - CDS - seq=contig_52, start=36638, stop=37078, strand=-, nt=[ATGAAAACTT..AGAAGAGTAA]
11:40:03.240 - INFO - CDS - seq=contig_52, start=37272, stop=37667, strand=+, nt=[ATGCTAAATA..AGAAATTTAA]
11:40:03.240 - INFO - CDS - seq=contig_52, start=38056, stop=38751, strand=+, nt=[ATGAAGAAAA..TACTGCATAA]
11:40:03.240 - INFO - CDS - seq=contig_52, start=39138, stop=39827, strand=+, nt=[ATGGAATTTT..AAATGATTAA]
11:40:03.240 - INFO - CDS - seq=contig_52, start=39820, stop=40650, strand=+, nt=[ATGATTAAAC..ATCTAAATAA]
11:40:03.240 - INFO - CDS - seq=contig_52, start=40634, stop=41425, strand=+, nt=[ATGAATTATC..GGTGGAATAA]
11:40:03.240 - INFO - CDS - seq=contig_52, start=41427, stop=42068, strand=+, nt=[ATGTTTAACC..TAATAATTAG]
11:40:03.240 - INFO - CDS - seq=contig_52, start=42154, stop=43026, strand=+, nt=[ATGAAGAAAA..AAAGAAATAA]
11:40:03.241 - INFO - CDS - seq=contig_52, start=43639, stop=44286, strand=-, nt=[ATGCAACAAT..TCACGACTAG]
11:40:03.241 - INFO - CDS - seq=contig_52, start=44314, stop=45798, strand=-, nt=[ATGATAGAGT..TATCTTATAA]
11:40:03.241 - INFO - CDS - seq=contig_52, start=45964, stop=46257, strand=+, nt=[ATGACTGAAC..TAAAGACTAA]
11:40:03.241 - INFO - CDS - seq=contig_52, start=46269, stop=46478, strand=+, nt=[ATGATACATC..TGTATTTTAG]
11:40:03.241 - INFO - CDS - seq=contig_52, start=46606, stop=46743, strand=+, nt=[ATGAAACGTC..ATTAAAATAA]
11:40:03.241 - INFO - CDS - seq=contig_52, start=47007, stop=48209, strand=-, nt=[ATGAATTATT..AAGTAATTAA]
11:40:03.241 - INFO - CDS - seq=contig_52, start=48527, stop=49597, strand=+, nt=[ATGACAAAAG..AATTGACTAA]
11:40:03.241 - INFO - CDS - seq=contig_52, start=49612, stop=50970, strand=+, nt=[ATGATTAATG..AATTTCATAG]
11:40:03.241 - INFO - CDS - seq=contig_52, start=51487, stop=53007, strand=+, nt=[TTGCAAAATT..TCAAAAATAA]
11:40:03.241 - INFO - CDS - seq=contig_54, start=532, stop=1326, strand=+, frame=1, truncated=no, start-type=ATG, RBS-motif=GGAG/GAGG
11:40:03.242 - INFO - CDS - seq=contig_54, start=1313, stop=2638, strand=+, frame=2, truncated=no, start-type=ATG, RBS-motif=GGAG/GAGG
11:40:03.242 - INFO - CDS - seq=contig_54, start=2638, stop=2964, strand=+, frame=1, truncated=no, start-type=ATG, RBS-motif=GGA/GAG/AGG
11:40:03.242 - INFO - CDS - seq=contig_54, start=2967, stop=3254, strand=+, frame=3, truncated=no, start-type=GTG, RBS-motif=AGGAG
11:40:03.242 - INFO - CDS - seq=contig_54, start=3790, stop=4584, strand=+, frame=1, truncated=no, start-type=ATG, RBS-motif=GGAG/GAGG
11:40:03.242 - INFO - CDS - seq=contig_54, start=4571, stop=4663, strand=+, frame=2, truncated=no, start-type=ATG, RBS-motif=GGAG/GAGG
11:40:03.242 - INFO - CDS - seq=contig_54, start=5145, stop=5336, strand=+, frame=3, truncated=no, start-type=ATG, RBS-motif=GGAG/GAGG
11:40:03.242 - INFO - CDS - seq=contig_54, start=5596, stop=5877, strand=-, frame=1, truncated=no, start-type=GTG, RBS-motif=GGAGG
11:40:03.242 - INFO - CDS - seq=contig_54, start=6166, stop=6861, strand=+, frame=1, truncated=no, start-type=ATG, RBS-motif=AGGAG
11:40:03.243 - INFO - CDS - seq=contig_54, start=7111, stop=7533, strand=+, frame=1, truncated=no, start-type=ATG, RBS-motif=AGGAG
11:40:03.243 - INFO - CDS - seq=contig_54, start=7800, stop=8210, strand=+, frame=3, truncated=no, start-type=ATG, RBS-motif=AGGAG
11:40:03.243 - INFO - CDS - seq=contig_54, start=8237, stop=8656, strand=+, frame=2, truncated=no, start-type=ATG, RBS-motif=AGGAG
11:40:03.243 - INFO - CDS - seq=contig_54, start=9108, stop=9530, strand=+, frame=3, truncated=no, start-type=ATG, RBS-motif=AGGAG
11:40:03.243 - INFO - CDS - seq=contig_54, start=9643, stop=11181, strand=-, frame=1, truncated=no, start-type=ATG, RBS-motif=AGxAGG/AGGxGG
11:40:03.243 - INFO - CDS - seq=contig_54, start=11416, stop=12234, strand=+, frame=1, truncated=no, start-type=ATG, RBS-motif=AGGAG
11:40:03.243 - INFO - CDS - seq=contig_54, start=12334, stop=13101, strand=+, frame=1, truncated=no, start-type=ATG, RBS-motif=AGxAGG/AGGxGG
11:40:03.243 - INFO - CDS - seq=contig_54, start=13791, stop=14612, strand=+, frame=3, truncated=no, start-type=ATG, RBS-motif=AGGAG
11:40:03.244 - INFO - CDS - seq=contig_54, start=14623, stop=15441, strand=+, frame=1, truncated=no, start-type=ATG, RBS-motif=AGGAG
11:40:03.244 - INFO - CDS - seq=contig_54, start=15434, stop=16735, strand=+, frame=2, truncated=no, start-type=ATG, RBS-motif=GGA/GAG/AGG
11:40:03.244 - INFO - CDS - seq=contig_54, start=16878, stop=18476, strand=+, frame=3, truncated=no, start-type=ATG, RBS-motif=GGAG/GAGG
11:40:03.244 - INFO - CDS - seq=contig_54, start=18489, stop=19424, strand=+, frame=3, truncated=no, start-type=ATG, RBS-motif=AGGAG
11:40:03.245 - INFO - CDS - seq=contig_54, start=19421, stop=20290, strand=+, frame=2, truncated=no, start-type=ATG, RBS-motif=GGAGG
11:40:03.245 - INFO - CDS - seq=contig_54, start=20287, stop=21102, strand=+, frame=1, truncated=no, start-type=ATG, RBS-motif=AGGAG
11:40:03.245 - INFO - CDS - seq=contig_54, start=21095, stop=21844, strand=+, frame=2, truncated=no, start-type=ATG, RBS-motif=GGAG/GAGG
11:40:03.245 - INFO - CDS - seq=contig_54, start=21856, stop=23049, strand=+, frame=1, truncated=no, start-type=ATG, RBS-motif=AGGAG
11:40:03.245 - INFO - CDS - seq=contig_54, start=23411, stop=24160, strand=-, frame=3, truncated=no, start-type=ATG, RBS-motif=GGAG/GAGG
11:40:03.245 - INFO - CDS - seq=contig_54, start=24355, stop=25932, strand=+, frame=1, truncated=no, start-type=ATG, RBS-motif=GGAGG
11:40:03.245 - INFO - CDS - seq=contig_54, start=26100, stop=26555, strand=-, frame=2, truncated=no, start-type=TTG, RBS-motif=AGxAGG/AGGxGG
11:40:03.245 - INFO - CDS - seq=contig_54, start=26914, stop=27171, strand=+, frame=1, truncated=no, start-type=ATG, RBS-motif=AGGAGG
11:40:03.245 - INFO - CDS - seq=contig_54, start=27171, stop=27437, strand=+, frame=3, truncated=no, start-type=ATG, RBS-motif=GGA/GAG/AGG
11:40:03.246 - INFO - CDS - seq=contig_54, start=27792, stop=28868, strand=+, frame=3, truncated=no, start-type=ATG, RBS-motif=AGGAGG
11:40:03.246 - INFO - CDS - seq=contig_54, start=29116, stop=29778, strand=+, frame=1, truncated=no, start-type=ATG, RBS-motif=AGGAG
11:40:03.246 - INFO - CDS - seq=contig_54, start=29771, stop=30547, strand=+, frame=2, truncated=no, start-type=ATG, RBS-motif=AGGAG
11:40:03.246 - INFO - CDS - seq=contig_54, start=30943, stop=32130, strand=+, frame=1, truncated=no, start-type=ATG, RBS-motif=AGGAG
11:40:03.246 - INFO - CDS - seq=contig_54, start=32237, stop=33544, strand=-, frame=3, truncated=no, start-type=ATG, RBS-motif=AGGAGG
11:40:03.246 - INFO - CDS - seq=contig_54, start=33853, stop=35490, strand=-, frame=1, truncated=no, start-type=ATG, RBS-motif=AGGAG
11:40:03.246 - INFO - CDS - seq=contig_54, start=35670, stop=36269, strand=+, frame=3, truncated=no, start-type=ATG, RBS-motif=GGA/GAG/AGG
11:40:03.246 - INFO - CDS - seq=contig_54, start=36939, stop=38165, strand=+, frame=3, truncated=no, start-type=ATG, RBS-motif=AGGAG
11:40:03.246 - INFO - CDS - seq=contig_54, start=38162, stop=38797, strand=+, frame=2, truncated=no, start-type=ATG, RBS-motif=AGGAG
11:40:03.247 - INFO - CDS - seq=contig_54, start=38814, stop=39755, strand=+, frame=3, truncated=no, start-type=ATG, RBS-motif=AGGAGG
11:40:03.247 - INFO - CDS - seq=contig_54, start=39755, stop=40450, strand=+, frame=2, truncated=no, start-type=ATG, RBS-motif=AGxAGG/AGGxGG
11:40:03.247 - INFO - CDS - seq=contig_54, start=40744, stop=42144, strand=+, frame=1, truncated=no, start-type=ATG, RBS-motif=AGGAGG
11:40:03.247 - INFO - CDS - seq=contig_54, start=42370, stop=43305, strand=+, frame=1, truncated=no, start-type=ATG, RBS-motif=GGAG/GAGG
11:40:03.247 - INFO - CDS - seq=contig_54, start=43627, stop=44478, strand=+, frame=1, truncated=no, start-type=ATG, RBS-motif=GGA/GAG/AGG
11:40:03.247 - INFO - CDS - seq=contig_54, start=44570, stop=46066, strand=-, frame=3, truncated=no, start-type=ATG, RBS-motif=AGGA
11:40:03.247 - INFO - CDS - seq=contig_54, start=46298, stop=48127, strand=+, frame=2, truncated=no, start-type=ATG, RBS-motif=AGGA
11:40:03.247 - INFO - CDS - seq=contig_54, start=48268, stop=50346, strand=-, frame=1, truncated=no, start-type=ATG, RBS-motif=AGGAG
11:40:03.247 - INFO - CDS - seq=contig_54, start=50485, stop=51894, strand=-, frame=1, truncated=no, start-type=ATG, RBS-motif=AGGAGG
11:40:03.248 - INFO - CDS - seq=contig_54, start=52180, stop=52986, strand=+, frame=1, truncated=no, start-type=ATG, RBS-motif=AGxAGG/AGGxGG
11:40:03.248 - INFO - CDS - seq=contig_54, start=53049, stop=53705, strand=-, frame=2, truncated=no, start-type=ATG, RBS-motif=GGAG/GAGG
11:40:03.248 - INFO - CDS - seq=contig_54, start=53818, stop=54291, strand=+, frame=1, truncated=no, start-type=ATG, RBS-motif=GGAG/GAGG
11:40:03.248 - INFO - CDS - seq=contig_54, start=54414, stop=55625, strand=-, frame=2, truncated=no, start-type=ATG, RBS-motif=AGGAG
11:40:03.248 - INFO - CDS - seq=contig_54, start=55807, stop=56466, strand=-, frame=1, truncated=no, start-type=ATG, RBS-motif=GGAG/GAGG
11:40:03.248 - INFO - CDS - seq=contig_54, start=56526, stop=57668, strand=-, frame=2, truncated=no, start-type=ATG, RBS-motif=GGAG/GAGG
11:40:03.248 - INFO - CDS - seq=contig_54, start=57936, stop=58322, strand=+, frame=3, truncated=no, start-type=ATG, RBS-motif=AGGAG
11:40:03.248 - INFO - CDS - seq=contig_54, start=59266, stop=61029, strand=+, frame=1, truncated=no, start-type=ATG, RBS-motif=AGGAG/GGAGG
11:40:03.248 - INFO - CDS - seq=contig_54, start=61054, stop=62787, strand=+, frame=1, truncated=no, start-type=ATG, RBS-motif=AGGAGG
11:40:03.248 - INFO - CDS - seq=contig_54, start=63240, stop=63926, strand=+, frame=3, truncated=no, start-type=ATG, RBS-motif=AGGA/GGAG/GAGG
11:40:03.249 - INFO - CDS - seq=contig_54, start=63904, stop=65262, strand=+, frame=1, truncated=no, start-type=ATG, RBS-motif=AGGAG
11:40:03.249 - INFO - CDS - seq=contig_54, start=65264, stop=66271, strand=+, frame=2, truncated=no, start-type=ATG, RBS-motif=AGGA
11:40:03.249 - INFO - CDS - seq=contig_54, start=66249, stop=67364, strand=+, frame=3, truncated=no, start-type=ATG, RBS-motif=AGGA
11:40:03.249 - INFO - CDS - seq=contig_54, start=67375, stop=68067, strand=+, frame=1, truncated=no, start-type=ATG, RBS-motif=GGAG/GAGG
11:40:03.249 - INFO - CDS - seq=contig_54, start=68078, stop=68545, strand=+, frame=2, truncated=no, start-type=ATG, RBS-motif=GGA/GAG/AGG
11:40:03.249 - INFO - CDS - seq=contig_54, start=68597, stop=69574, strand=-, frame=3, truncated=no, start-type=ATG, RBS-motif=AGGA
11:40:03.249 - INFO - CDS - seq=contig_54, start=69576, stop=70523, strand=-, frame=2, truncated=no, start-type=ATG, RBS-motif=None
11:40:03.249 - INFO - CDS - seq=contig_54, start=71090, stop=72055, strand=-, frame=3, truncated=no, start-type=ATG, RBS-motif=GGA/GAG/AGG
11:40:03.249 - INFO - CDS - seq=contig_54, start=72555, stop=73865, strand=-, frame=2, truncated=no, start-type=ATG, RBS-motif=GGA/GAG/AGG
11:40:03.249 - INFO - CDS - seq=contig_54, start=74685, stop=75551, strand=+, frame=3, truncated=no, start-type=ATG, RBS-motif=AGxAGG/AGGxGG
11:40:03.250 - INFO - CDS - seq=contig_54, start=75878, stop=76564, strand=+, frame=2, truncated=no, start-type=ATG, RBS-motif=GGAG/GAGG
11:40:03.250 - INFO - CDS - seq=contig_54, start=76718, stop=76822, strand=-, frame=3, truncated=no, start-type=ATG, RBS-motif=AGGAGG
11:40:03.250 - INFO - CDS - seq=contig_54, start=76996, stop=78435, strand=+, frame=1, truncated=no, start-type=ATG, RBS-motif=AGxAGG/AGGxGG
11:40:03.250 - INFO - CDS - seq=contig_54, start=78556, stop=79335, strand=+, frame=1, truncated=no, start-type=ATG, RBS-motif=AGGAG
11:40:03.250 - INFO - CDS - seq=contig_54, start=79307, stop=80035, strand=+, frame=2, truncated=no, start-type=TTG, RBS-motif=GGA/GAG/AGG
11:40:03.250 - INFO - CDS - seq=contig_54, start=80032, stop=80763, strand=+, frame=1, truncated=no, start-type=ATG, RBS-motif=GGAG/GAGG
11:40:03.251 - INFO - CDS - seq=contig_54, start=80860, stop=82110, strand=-, frame=1, truncated=no, start-type=ATG, RBS-motif=GGA/GAG/AGG
11:40:03.251 - INFO - CDS - seq=contig_54, start=82365, stop=82727, strand=+, frame=3, truncated=no, start-type=TTG, RBS-motif=AGGAG
11:40:03.251 - INFO - CDS - seq=contig_54, start=82746, stop=83345, strand=+, frame=3, truncated=no, start-type=ATG, RBS-motif=AGGAG
11:40:03.251 - INFO - CDS - seq=contig_54, start=83618, stop=83869, strand=+, frame=2, truncated=no, start-type=ATG, RBS-motif=AGGAGG
11:40:03.251 - INFO - CDS - seq=contig_54, start=83869, stop=84135, strand=+, frame=1, truncated=no, start-type=ATG, RBS-motif=None
11:40:03.251 - INFO - CDS - seq=contig_54, start=84430, stop=85977, strand=+, frame=1, truncated=no, start-type=ATG, RBS-motif=AGGAGG
11:40:03.251 - INFO - CDS - seq=contig_54, start=86163, stop=86630, strand=+, frame=3, truncated=no, start-type=ATG, RBS-motif=GGAG/GAGG
11:40:03.251 - INFO - CDS - seq=contig_54, start=86714, stop=86896, strand=+, frame=2, truncated=no, start-type=ATG, RBS-motif=GGAG/GAGG
11:40:03.252 - INFO - CDS - seq=contig_54, start=87113, stop=87937, strand=+, frame=2, truncated=no, start-type=GTG, RBS-motif=GGxGG
11:40:03.252 - INFO - CDS - seq=contig_54, start=88171, stop=88707, strand=+, frame=1, truncated=no, start-type=ATG, RBS-motif=GGA/GAG/AGG
11:40:03.252 - INFO - CDS - seq=contig_54, start=88937, stop=89668, strand=+, frame=2, truncated=no, start-type=GTG, RBS-motif=GGA/GAG/AGG
11:40:03.252 - INFO - CDS - seq=contig_54, start=89734, stop=92139, strand=+, frame=1, truncated=no, start-type=ATG, RBS-motif=GGA/GAG/AGG
11:40:03.252 - INFO - CDS - seq=contig_54, start=92143, stop=92457, strand=+, frame=1, truncated=no, start-type=ATG, RBS-motif=AGxAGG/AGGxGG
11:40:03.252 - INFO - CDS - seq=contig_54, start=92448, stop=93425, strand=+, frame=3, truncated=no, start-type=ATG, RBS-motif=GGA/GAG/AGG
11:40:03.252 - INFO - CDS - seq=contig_54, start=93734, stop=97423, strand=+, frame=2, truncated=no, start-type=ATG, RBS-motif=AGGAGG
11:40:03.252 - INFO - CDS - seq=contig_54, start=97413, stop=98972, strand=+, frame=3, truncated=no, start-type=TTG, RBS-motif=AGGAGG
11:40:03.252 - INFO - CDS - seq=contig_54, start=98965, stop=99540, strand=+, frame=1, truncated=no, start-type=GTG, RBS-motif=GGAGG
11:40:03.253 - INFO - CDS - seq=contig_54, start=99533, stop=100210, strand=+, frame=2, truncated=no, start-type=ATG, RBS-motif=AGGAG
11:40:03.253 - INFO - CDS - seq=contig_54, start=100230, stop=100682, strand=+, frame=3, truncated=no, start-type=TTG, RBS-motif=GGAG/GAGG
11:40:03.253 - INFO - CDS - seq=contig_54, start=100706, stop=101740, strand=+, frame=2, truncated=no, start-type=ATG, RBS-motif=GGA/GAG/AGG
11:40:03.253 - INFO - CDS - seq=contig_54, start=101763, stop=102416, strand=+, frame=3, truncated=no, start-type=TTG, RBS-motif=GGxGG
11:40:03.253 - INFO - CDS - seq=contig_54, start=102674, stop=103414, strand=-, frame=3, truncated=no, start-type=TTG, RBS-motif=GGAG/GAGG
11:40:03.253 - INFO - CDS - seq=contig_54, start=103393, stop=104307, strand=-, frame=1, truncated=no, start-type=ATG, RBS-motif=AGGAGG
11:40:03.253 - INFO - CDS - seq=contig_54, start=104676, stop=105845, strand=+, frame=3, truncated=no, start-type=ATG, RBS-motif=GGA/GAG/AGG
11:40:03.253 - INFO - CDS - seq=contig_54, start=105952, stop=106374, strand=-, frame=1, truncated=no, start-type=TTG, RBS-motif=GGA/GAG/AGG
11:40:03.253 - INFO - CDS - seq=contig_54, start=106596, stop=107042, strand=-, frame=2, truncated=no, start-type=ATG, RBS-motif=AGGAG
11:40:03.254 - INFO - CDS - seq=contig_54, start=107439, stop=107804, strand=+, frame=3, truncated=no, start-type=ATG, RBS-motif=AGGAG
11:40:03.254 - INFO - CDS - seq=contig_54, start=107986, stop=109263, strand=+, frame=1, truncated=no, start-type=ATG, RBS-motif=GGAG/GAGG
11:40:03.254 - INFO - CDS - seq=contig_54, start=109520, stop=109876, strand=-, frame=3, truncated=no, start-type=ATG, RBS-motif=AGGAG/GGAGG
11:40:03.254 - INFO - CDS - seq=contig_54, start=110140, stop=110562, strand=-, frame=1, truncated=no, start-type=ATG, RBS-motif=AGGAG
11:40:03.254 - INFO - CDS - seq=contig_54, start=110633, stop=112738, strand=-, frame=3, truncated=no, start-type=ATG, RBS-motif=AGGAG
11:40:03.254 - INFO - CDS - seq=contig_54, start=114226, stop=114609, strand=-, frame=1, truncated=no, start-type=ATG, RBS-motif=GGAGG
11:40:03.254 - INFO - CDS - seq=contig_54, start=114792, stop=116234, strand=+, frame=3, truncated=no, start-type=ATG, RBS-motif=AGGAGG
11:40:03.254 - INFO - CDS - seq=contig_54, start=116319, stop=117263, strand=-, frame=2, truncated=no, start-type=ATG, RBS-motif=AGGA
11:40:03.254 - INFO - CDS - seq=contig_54, start=117309, stop=117932, strand=-, frame=2, truncated=no, start-type=TTG, RBS-motif=AGGAGG
11:40:03.255 - INFO - CDS - seq=contig_54, start=118093, stop=119370, strand=+, frame=1, truncated=no, start-type=ATG, RBS-motif=AGGAGG
11:40:03.255 - INFO - CDS - seq=contig_54, start=119577, stop=120008, strand=+, frame=3, truncated=no, start-type=ATG, RBS-motif=GGAGG
11:40:03.255 - INFO - CDS - seq=contig_54, start=120240, stop=121274, strand=+, frame=3, truncated=no, start-type=ATG, RBS-motif=AGGAGG
11:40:03.255 - INFO - CDS - seq=contig_54, start=121376, stop=121711, strand=+, frame=2, truncated=no, start-type=ATG, RBS-motif=AGGA/GGAG/GAGG
11:40:03.255 - INFO - CDS - seq=contig_54, start=121757, stop=122761, strand=-, frame=3, truncated=no, start-type=GTG, RBS-motif=GGAG/GAGG
11:40:03.255 - INFO - CDS - seq=contig_54, start=122952, stop=123467, strand=+, frame=3, truncated=no, start-type=ATG, RBS-motif=GGAGG
11:40:03.255 - INFO - CDS - seq=contig_54, start=123781, stop=124395, strand=+, frame=1, truncated=no, start-type=ATG, RBS-motif=AGGAGG
11:40:03.255 - INFO - CDS - seq=contig_54, start=124549, stop=126222, strand=-, frame=1, truncated=no, start-type=ATG, RBS-motif=GGA/GAG/AGG
11:40:03.255 - INFO - CDS - seq=contig_54, start=126539, stop=128137, strand=+, frame=2, truncated=no, start-type=ATG, RBS-motif=GGA/GAG/AGG
11:40:03.255 - INFO - CDS - seq=contig_54, start=128518, stop=129996, strand=+, frame=1, truncated=no, start-type=ATG, RBS-motif=AGxAGG/AGGxGG
11:40:03.256 - INFO - CDS - seq=contig_54, start=130062, stop=130517, strand=-, frame=2, truncated=no, start-type=ATG, RBS-motif=AGGAG/GGAGG
11:40:03.256 - INFO - CDS - seq=contig_54, start=130514, stop=130957, strand=-, frame=3, truncated=no, start-type=ATG, RBS-motif=AGGAGG
11:40:03.256 - INFO - CDS - seq=contig_54, start=131120, stop=132493, strand=-, frame=3, truncated=no, start-type=ATG, RBS-motif=AGxAGG/AGGxGG
11:40:03.256 - INFO - CDS - seq=contig_54, start=132486, stop=133160, strand=-, frame=2, truncated=no, start-type=ATG, RBS-motif=GGAG/GAGG
11:40:03.256 - INFO - CDS - seq=contig_54, start=133296, stop=134351, strand=+, frame=3, truncated=no, start-type=ATG, RBS-motif=AGGA/GGAG/GAGG
11:40:03.256 - INFO - CDS - seq=contig_54, start=134351, stop=135016, strand=+, frame=2, truncated=no, start-type=ATG, RBS-motif=GGAGG
11:40:03.256 - INFO - CDS - seq=contig_54, start=135247, stop=136215, strand=-, frame=1, truncated=no, start-type=ATG, RBS-motif=GGAG/GAGG
11:40:03.256 - INFO - CDS - seq=contig_54, start=136410, stop=136865, strand=+, frame=3, truncated=no, start-type=ATG, RBS-motif=GGAG/GAGG
11:40:03.256 - INFO - CDS - seq=contig_54, start=137105, stop=138487, strand=+, frame=2, truncated=no, start-type=ATG, RBS-motif=GGAG/GAGG
11:40:03.257 - INFO - CDS - seq=contig_54, start=138756, stop=139964, strand=+, frame=3, truncated=no, start-type=ATG, RBS-motif=AGGAG
11:40:03.257 - INFO - CDS - seq=contig_54, start=140191, stop=140745, strand=-, frame=1, truncated=no, start-type=ATG, RBS-motif=GGA/GAG/AGG
11:40:03.257 - INFO - CDS - seq=contig_54, start=140866, stop=141513, strand=+, frame=1, truncated=no, start-type=ATG, RBS-motif=AGGAGG
11:40:03.257 - INFO - CDS - seq=contig_54, start=141526, stop=143457, strand=+, frame=1, truncated=no, start-type=ATG, RBS-motif=AGxAGG/AGGxGG
11:40:03.257 - INFO - CDS - seq=contig_54, start=143703, stop=144341, strand=-, frame=2, truncated=no, start-type=ATG, RBS-motif=GGAGG
11:40:03.257 - INFO - CDS - seq=contig_54, start=144549, stop=145469, strand=+, frame=3, truncated=no, start-type=TTG, RBS-motif=GGA/GAG/AGG
11:40:03.258 - INFO - CDS - seq=contig_54, start=145577, stop=145996, strand=-, frame=3, truncated=no, start-type=ATG, RBS-motif=AGGAG
11:40:03.258 - INFO - CDS - seq=contig_54, start=145993, stop=146484, strand=-, frame=1, truncated=no, start-type=ATG, RBS-motif=None
11:40:03.258 - INFO - CDS - seq=contig_54, start=146581, stop=147528, strand=+, frame=1, truncated=no, start-type=ATG, RBS-motif=GGAG/GAGG
11:40:03.258 - INFO - CDS - seq=contig_54, start=147559, stop=148608, strand=+, frame=1, truncated=no, start-type=ATG, RBS-motif=GGA/GAG/AGG
11:40:03.258 - INFO - CDS - seq=contig_54, start=148656, stop=149864, strand=-, frame=2, truncated=no, start-type=ATG, RBS-motif=AGxAGG/AGGxGG
11:40:03.258 - INFO - CDS - seq=contig_54, start=150197, stop=150805, strand=-, frame=3, truncated=no, start-type=ATG, RBS-motif=AGGAG
11:40:03.258 - INFO - CDS - seq=contig_54, start=151204, stop=151824, strand=+, frame=1, truncated=no, start-type=ATG, RBS-motif=GGAG/GAGG
11:40:03.258 - INFO - CDS - seq=contig_54, start=152055, stop=152954, strand=+, frame=3, truncated=no, start-type=ATG, RBS-motif=AGGAGG
11:40:03.258 - INFO - CDS - seq=contig_54, start=152947, stop=154179, strand=+, frame=1, truncated=no, start-type=ATG, RBS-motif=AGxAGG/AGGxGG
11:40:03.258 - INFO - CDS - seq=contig_54, start=154397, stop=154723, strand=+, frame=2, truncated=no, start-type=ATG, RBS-motif=GGAG/GAGG
11:40:03.258 - INFO - CDS - seq=contig_54, start=154753, stop=155772, strand=+, frame=1, truncated=no, start-type=ATG, RBS-motif=GGAG/GAGG
11:40:03.259 - INFO - CDS - seq=contig_54, start=156008, stop=156661, strand=-, frame=3, truncated=no, start-type=ATG, RBS-motif=AGGAG
11:40:03.259 - INFO - CDS - seq=contig_54, start=156835, stop=157518, strand=+, frame=1, truncated=no, start-type=ATG, RBS-motif=GGAGG
11:40:03.259 - INFO - CDS - seq=contig_54, start=157572, stop=158831, strand=-, frame=2, truncated=no, start-type=ATG, RBS-motif=GGAGG
11:40:03.259 - INFO - CDS - seq=contig_54, start=159121, stop=160056, strand=+, frame=1, truncated=no, start-type=GTG, RBS-motif=GGAG/GAGG
11:40:03.259 - INFO - CDS - seq=contig_54, start=160312, stop=160731, strand=-, frame=1, truncated=no, start-type=ATG, RBS-motif=AGxAG
11:40:03.259 - INFO - CDS - seq=contig_54, start=160913, stop=161797, strand=-, frame=3, truncated=no, start-type=ATG, RBS-motif=AGGAG
11:40:03.259 - INFO - CDS - seq=contig_54, start=161957, stop=163618, strand=+, frame=2, truncated=no, start-type=ATG, RBS-motif=AGGAG
11:40:03.259 - INFO - CDS - seq=contig_54, start=163618, stop=164856, strand=+, frame=1, truncated=no, start-type=ATG, RBS-motif=AGxAGG/AGGxGG
11:40:03.259 - INFO - CDS - seq=contig_54, start=165132, stop=166253, strand=+, frame=3, truncated=no, start-type=ATG, RBS-motif=GGA/GAG/AGG
11:40:03.259 - INFO - CDS - seq=contig_54, start=166364, stop=167245, strand=+, frame=2, truncated=no, start-type=ATG, RBS-motif=AGGAG
11:40:03.259 - INFO - CDS - seq=contig_54, start=167732, stop=168301, strand=+, frame=2, truncated=no, start-type=ATG, RBS-motif=GGA/GAG/AGG
11:40:03.260 - INFO - CDS - seq=contig_54, start=168526, stop=169839, strand=+, frame=1, truncated=no, start-type=ATG, RBS-motif=AGxAGG/AGGxGG
11:40:03.260 - INFO - CDS - seq=contig_54, start=170006, stop=170512, strand=+, frame=2, truncated=no, start-type=GTG, RBS-motif=GGxGG
11:40:03.260 - INFO - CDS - seq=contig_54, start=170570, stop=171334, strand=-, frame=3, truncated=no, start-type=ATG, RBS-motif=AGGAGG
11:40:03.260 - INFO - CDS - seq=contig_54, start=171664, stop=173268, strand=+, frame=1, truncated=no, start-type=ATG, RBS-motif=GGAGG
11:40:03.260 - INFO - CDS - seq=contig_54, start=173334, stop=173864, strand=-, frame=2, truncated=no, start-type=ATG, RBS-motif=GGAGG
11:40:03.260 - INFO - CDS - seq=contig_54, start=174132, stop=175049, strand=+, frame=3, truncated=no, start-type=ATG, RBS-motif=AGGA
11:40:03.260 - INFO - CDS - seq=contig_54, start=175124, stop=175759, strand=+, frame=2, truncated=no, start-type=ATG, RBS-motif=AGGAG
11:40:03.260 - INFO - CDS - seq=contig_54, start=175770, stop=175961, strand=+, frame=3, truncated=no, start-type=ATG, RBS-motif=AGGAGG
11:40:03.260 - INFO - CDS - seq=contig_54, start=176057, stop=176242, strand=-, frame=3, truncated=no, start-type=ATG, RBS-motif=AGGAGG
11:40:03.260 - INFO - CDS - seq=contig_54, start=176239, stop=176595, strand=-, frame=1, truncated=no, start-type=ATG, RBS-motif=AGGAG
11:40:03.261 - INFO - CDS - seq=contig_54, start=176875, stop=178254, strand=+, frame=1, truncated=no, start-type=ATG, RBS-motif=3Base/5BMM
11:40:03.261 - INFO - CDS - seq=contig_54, start=178641, stop=179513, strand=-, frame=2, truncated=no, start-type=ATG, RBS-motif=GGAG/GAGG
11:40:03.261 - INFO - CDS - seq=contig_54, start=179958, stop=180287, strand=-, frame=2, truncated=no, start-type=ATG, RBS-motif=GGAGG
11:40:03.261 - INFO - CDS - seq=contig_54, start=180336, stop=181073, strand=+, frame=3, truncated=no, start-type=GTG, RBS-motif=AGGA
11:40:03.261 - INFO - CDS - seq=contig_54, start=181098, stop=181790, strand=-, frame=2, truncated=no, start-type=ATG, RBS-motif=AGGAGG
11:40:03.261 - INFO - CDS - seq=contig_54, start=182175, stop=182972, strand=+, frame=3, truncated=no, start-type=ATG, RBS-motif=GGxGG
11:40:03.261 - INFO - CDS - seq=contig_54, start=183105, stop=184052, strand=+, frame=3, truncated=no, start-type=TTG, RBS-motif=AGGAG
11:40:03.261 - INFO - CDS - seq=contig_54, start=184571, stop=187609, strand=+, frame=2, truncated=no, start-type=GTG, RBS-motif=None
11:40:03.261 - INFO - CDS - seq=contig_54, start=187609, stop=188082, strand=+, frame=1, truncated=no, start-type=ATG, RBS-motif=AGxAGG/AGGxGG
11:40:03.261 - INFO - CDS - seq=contig_54, start=188310, stop=188543, strand=+, frame=3, truncated=no, start-type=ATG, RBS-motif=None
11:40:03.261 - INFO - CDS - seq=contig_54, start=188565, stop=189341, strand=+, frame=3, truncated=no, start-type=ATG, RBS-motif=GGAG/GAGG
11:40:03.262 - INFO - CDS - seq=contig_54, start=189652, stop=190776, strand=+, frame=1, truncated=no, start-type=ATG, RBS-motif=GGAG/GAGG
11:40:03.262 - INFO - CDS - seq=contig_54, start=190868, stop=191821, strand=-, frame=3, truncated=no, start-type=ATG, RBS-motif=AGGAG
11:40:03.262 - INFO - CDS - seq=contig_54, start=192182, stop=192682, strand=-, frame=3, truncated=no, start-type=ATG, RBS-motif=GGAGG
11:40:03.262 - INFO - CDS - seq=contig_54, start=192919, stop=193341, strand=-, frame=1, truncated=no, start-type=ATG, RBS-motif=AGGAG
11:40:03.262 - INFO - CDS - seq=contig_54, start=193589, stop=194671, strand=+, frame=2, truncated=no, start-type=ATG, RBS-motif=GGAG/GAGG
11:40:03.262 - INFO - CDS - seq=contig_54, start=194766, stop=196166, strand=+, frame=3, truncated=no, start-type=ATG, RBS-motif=GGA/GAG/AGG
11:40:03.262 - INFO - CDS - seq=contig_54, start=196600, stop=197403, strand=-, frame=1, truncated=no, start-type=ATG, RBS-motif=AGGAGG
11:40:03.262 - INFO - CDS - seq=contig_54, start=198013, stop=199968, strand=+, frame=1, truncated=no, start-type=ATG, RBS-motif=GGAG/GAGG
11:40:03.262 - INFO - CDS - seq=contig_54, start=199994, stop=200737, strand=+, frame=2, truncated=no, start-type=ATG, RBS-motif=GGAG/GAGG
11:40:03.262 - INFO - CDS - seq=contig_54, start=200801, stop=201127, strand=+, frame=2, truncated=no, start-type=ATG, RBS-motif=GGAGG
11:40:03.263 - INFO - CDS - seq=contig_54, start=201555, stop=201902, strand=+, frame=3, truncated=no, start-type=ATG, RBS-motif=AGGAG
11:40:03.263 - INFO - CDS - seq=contig_54, start=202091, stop=202927, strand=-, frame=3, truncated=no, start-type=ATG, RBS-motif=AGGA
11:40:03.263 - INFO - CDS - seq=contig_54, start=202927, stop=203541, strand=-, frame=1, truncated=no, start-type=GTG, RBS-motif=AGGAGG
11:40:03.264 - INFO - CDS - seq=contig_54, start=203554, stop=204243, strand=-, frame=1, truncated=no, start-type=ATG, RBS-motif=GGA/GAG/AGG
11:40:03.264 - INFO - CDS - seq=contig_54, start=204236, stop=204688, strand=-, frame=3, truncated=no, start-type=ATG, RBS-motif=AGGAGG
11:40:03.264 - INFO - CDS - seq=contig_54, start=204701, stop=206416, strand=-, frame=3, truncated=no, start-type=ATG, RBS-motif=AGGAGG
11:40:03.264 - INFO - CDS - seq=contig_54, start=206413, stop=206823, strand=-, frame=1, truncated=no, start-type=ATG, RBS-motif=AGGAGG
11:40:03.264 - INFO - CDS - seq=contig_54, start=206837, stop=207139, strand=-, frame=3, truncated=no, start-type=TTG, RBS-motif=GGxGG
11:40:03.264 - INFO - CDS - seq=contig_54, start=207399, stop=208304, strand=+, frame=3, truncated=no, start-type=TTG, RBS-motif=GGA/GAG/AGG
11:40:03.264 - INFO - CDS - seq=contig_54, start=208521, stop=209675, strand=+, frame=3, truncated=no, start-type=ATG, RBS-motif=None
11:40:03.264 - INFO - CDS - seq=contig_54, start=209889, stop=210797, strand=+, frame=3, truncated=no, start-type=ATG, RBS-motif=AGGAGG
11:40:03.264 - INFO - CDS - seq=contig_54, start=211195, stop=212136, strand=+, frame=1, truncated=no, start-type=GTG, RBS-motif=AGxAGG/AGGxGG
11:40:03.265 - INFO - CDS - seq=contig_54, start=212257, stop=212811, strand=+, frame=1, truncated=no, start-type=ATG, RBS-motif=AGGA
11:40:03.265 - INFO - CDS - seq=contig_54, start=212888, stop=213658, strand=+, frame=2, truncated=no, start-type=ATG, RBS-motif=AGGAG
11:40:03.265 - INFO - CDS - seq=contig_54, start=213830, stop=214627, strand=-, frame=3, truncated=no, start-type=ATG, RBS-motif=GGA/GAG/AGG
11:40:03.265 - INFO - CDS - seq=contig_54, start=214916, stop=215698, strand=+, frame=2, truncated=no, start-type=ATG, RBS-motif=GGxGG
11:40:03.265 - INFO - CDS - seq=contig_54, start=215712, stop=216383, strand=+, frame=3, truncated=no, start-type=ATG, RBS-motif=AGGAG
11:40:03.265 - INFO - CDS - seq=contig_54, start=216384, stop=216989, strand=+, frame=3, truncated=no, start-type=ATG, RBS-motif=AGGAGG
11:40:03.265 - INFO - CDS - seq=contig_54, start=217159, stop=218163, strand=+, frame=1, truncated=no, start-type=GTG, RBS-motif=AGGA
11:40:03.265 - INFO - CDS - seq=contig_54, start=218194, stop=218700, strand=+, frame=1, truncated=no, start-type=ATG, RBS-motif=AGGAG
11:40:03.265 - INFO - CDS - seq=contig_54, start=218702, stop=219196, strand=-, frame=3, truncated=no, start-type=ATG, RBS-motif=AGGAGG
11:40:03.265 - INFO - CDS - seq=contig_54, start=219259, stop=220518, strand=+, frame=1, truncated=no, start-type=ATG, RBS-motif=GGAG/GAGG
11:40:03.265 - INFO - CDS - seq=contig_54, start=220515, stop=221000, strand=+, frame=3, truncated=no, start-type=ATG, RBS-motif=GGAG/GAGG
11:40:03.266 - INFO - CDS - seq=contig_54, start=221014, stop=221460, strand=+, frame=1, truncated=no, start-type=ATG, RBS-motif=GGAG/GAGG
11:40:03.266 - INFO - CDS - seq=contig_54, start=221466, stop=221699, strand=+, frame=3, truncated=no, start-type=ATG, RBS-motif=GGAGG
11:40:03.266 - INFO - CDS - seq=contig_54, start=221706, stop=222305, strand=+, frame=3, truncated=no, start-type=ATG, RBS-motif=GGAGG
11:40:03.266 - INFO - CDS - seq=contig_54, start=222325, stop=223347, strand=+, frame=1, truncated=no, start-type=ATG, RBS-motif=AGGAGG
11:40:03.266 - INFO - CDS - seq=contig_54, start=223924, stop=224274, strand=+, frame=1, truncated=no, start-type=ATG, RBS-motif=AGGAGG
11:40:03.266 - INFO - CDS - seq=contig_54, start=224376, stop=225587, strand=-, frame=2, truncated=no, start-type=ATG, RBS-motif=AGGAGG
11:40:03.266 - INFO - CDS - seq=contig_54, start=225580, stop=226020, strand=-, frame=1, truncated=no, start-type=ATG, RBS-motif=AGGAG
11:40:03.266 - INFO - CDS - seq=contig_54, start=226182, stop=226946, strand=+, frame=3, truncated=no, start-type=ATG, RBS-motif=AGxAGG/AGGxGG
11:40:03.266 - INFO - CDS - seq=contig_54, start=226938, stop=227189, strand=-, frame=2, truncated=no, start-type=ATG, RBS-motif=GGAG/GAGG
11:40:03.266 - INFO - CDS - seq=contig_54, start=227578, stop=228843, strand=+, frame=1, truncated=no, start-type=ATG, RBS-motif=AGGAG/GGAGG
11:40:03.267 - INFO - CDS - seq=contig_54, start=228960, stop=232127, strand=+, frame=3, truncated=no, start-type=GTG, RBS-motif=GGAG/GAGG
11:40:03.267 - INFO - CDS - seq=contig_54, start=232311, stop=232628, strand=-, frame=2, truncated=no, start-type=ATG, RBS-motif=GGAG/GAGG
11:40:03.267 - INFO - CDS - seq=contig_54, start=232873, stop=233037, strand=-, frame=1, truncated=no, start-type=ATG, RBS-motif=AGGAG
11:40:03.267 - INFO - CDS - seq=contig_54, start=233170, stop=234078, strand=+, frame=1, truncated=no, start-type=GTG, RBS-motif=AGxAGG/AGGxGG
11:40:03.267 - INFO - CDS - seq=contig_54, start=234479, stop=234682, strand=-, frame=3, truncated=no, start-type=ATG, RBS-motif=AGxAGG/AGGxGG
11:40:03.268 - INFO - CDS - seq=contig_54, start=234861, stop=235373, strand=+, frame=3, truncated=no, start-type=ATG, RBS-motif=AGGAGG
11:40:03.268 - INFO - CDS - seq=contig_54, start=235715, stop=236455, strand=+, frame=2, truncated=no, start-type=ATG, RBS-motif=AGxAGG/AGGxGG
11:40:03.268 - INFO - CDS - seq=contig_54, start=236469, stop=237440, strand=+, frame=3, truncated=no, start-type=ATG, RBS-motif=AGGAG
11:40:03.268 - INFO - CDS - seq=contig_54, start=237437, stop=238198, strand=+, frame=2, truncated=no, start-type=ATG, RBS-motif=AGGAGG
11:40:03.268 - INFO - CDS - seq=contig_54, start=238208, stop=239242, strand=+, frame=2, truncated=no, start-type=ATG, RBS-motif=AGGAG
11:40:03.268 - INFO - CDS - seq=contig_54, start=239459, stop=239818, strand=+, frame=2, truncated=no, start-type=GTG, RBS-motif=None
11:40:03.268 - INFO - CDS - seq=contig_54, start=239842, stop=241017, strand=+, frame=1, truncated=no, start-type=GTG, RBS-motif=GGA/GAG/AGG
11:40:03.268 - INFO - CDS - seq=contig_54, start=241403, stop=242653, strand=+, frame=2, truncated=no, start-type=ATG, RBS-motif=3Base/5BMM
11:40:03.268 - INFO - CDS - seq=contig_54, start=243100, stop=250275, strand=+, frame=1, truncated=no, start-type=ATG, RBS-motif=AGxAGG/AGGxGG
11:40:03.269 - INFO - CDS - seq=contig_54, start=250288, stop=250932, strand=+, frame=1, truncated=no, start-type=ATG, RBS-motif=AGxAGG/AGGxGG
11:40:03.269 - INFO - CDS - seq=contig_54, start=251260, stop=251754, strand=-, frame=1, truncated=no, start-type=TTG, RBS-motif=AGGAG
11:40:03.269 - INFO - CDS - seq=contig_54, start=252009, stop=252773, strand=-, frame=2, truncated=no, start-type=ATG, RBS-motif=AGxAGG/AGGxGG
11:40:03.269 - INFO - CDS - seq=contig_54, start=252789, stop=254030, strand=-, frame=2, truncated=no, start-type=ATG, RBS-motif=GGA/GAG/AGG
11:40:03.270 - INFO - CDS - seq=contig_54, start=254042, stop=255076, strand=-, frame=3, truncated=no, start-type=ATG, RBS-motif=AGGAGG
11:40:03.270 - INFO - CDS - seq=contig_54, start=255112, stop=256296, strand=-, frame=1, truncated=no, start-type=ATG, RBS-motif=AGGAGG
11:40:03.270 - INFO - CDS - seq=contig_54, start=256555, stop=257904, strand=-, frame=1, truncated=no, start-type=ATG, RBS-motif=AGGAG(G)/GGAGG
11:40:03.270 - INFO - CDS - seq=contig_54, start=258183, stop=258740, strand=-, frame=2, truncated=no, start-type=ATG, RBS-motif=AGGA/GGAG/GAGG
11:40:03.270 - INFO - CDS - seq=contig_54, start=258807, stop=260447, strand=-, frame=2, truncated=no, start-type=ATG, RBS-motif=AGxAGG/AGGxGG
11:40:03.270 - INFO - CDS - seq=contig_54, start=260720, stop=262765, strand=-, frame=3, truncated=no, start-type=GTG, RBS-motif=GGAGG
11:40:03.270 - INFO - CDS - seq=contig_54, start=263350, stop=264405, strand=+, frame=1, truncated=no, start-type=TTG, RBS-motif=AGGAGG
11:40:03.271 - INFO - CDS - seq=contig_54, start=264405, stop=265301, strand=+, frame=3, truncated=no, start-type=ATG, RBS-motif=AGGA/GGAG/GAGG
11:40:03.271 - INFO - CDS - seq=contig_54, start=265313, stop=266767, strand=+, frame=2, truncated=no, start-type=ATG, RBS-motif=AGGAGG
11:40:03.271 - INFO - CDS - seq=contig_54, start=266767, stop=267645, strand=+, frame=1, truncated=no, start-type=ATG, RBS-motif=None
11:40:03.271 - INFO - CDS - seq=contig_54, start=267839, stop=268120, strand=-, frame=3, truncated=no, start-type=ATG, RBS-motif=GGAGG
11:40:03.271 - INFO - CDS - seq=contig_54, start=268333, stop=271122, strand=+, frame=1, truncated=no, start-type=ATG, RBS-motif=GGA/GAG/AGG
11:40:03.271 - INFO - CDS - seq=contig_54, start=271269, stop=271868, strand=-, frame=2, truncated=no, start-type=ATG, RBS-motif=AGGAGG
11:40:03.271 - INFO - CDS - seq=contig_54, start=271994, stop=273106, strand=+, frame=2, truncated=no, start-type=TTG, RBS-motif=AGGAGG
11:40:03.271 - INFO - CDS - seq=contig_54, start=273103, stop=273783, strand=+, frame=1, truncated=no, start-type=ATG, RBS-motif=GGA/GAG/AGG
11:40:03.271 - INFO - CDS - seq=contig_54, start=273780, stop=274958, strand=+, frame=3, truncated=no, start-type=ATG, RBS-motif=GGAG/GAGG
11:40:03.271 - INFO - CDS - seq=contig_54, start=275165, stop=275386, strand=+, frame=2, truncated=no, start-type=ATG, RBS-motif=AGGAGG
11:40:03.271 - INFO - CDS - seq=contig_54, start=275424, stop=277142, strand=+, frame=3, truncated=no, start-type=TTG, RBS-motif=GGAG/GAGG
11:40:03.272 - INFO - CDS - seq=contig_54, start=277201, stop=277644, strand=+, frame=1, truncated=no, start-type=TTG, RBS-motif=GGA/GAG/AGG
11:40:03.272 - INFO - CDS - seq=contig_54, start=277656, stop=278378, strand=+, frame=3, truncated=no, start-type=ATG, RBS-motif=AGGA
11:40:03.272 - INFO - CDS - seq=contig_54, start=278365, stop=278553, strand=+, frame=1, truncated=no, start-type=ATG, RBS-motif=GGAG/GAGG
11:40:03.272 - INFO - CDS - seq=contig_54, start=278582, stop=278740, strand=+, frame=2, truncated=no, start-type=ATG, RBS-motif=GGA/GAG/AGG
11:40:03.272 - INFO - CDS - seq=contig_54, start=279250, stop=280842, strand=-, frame=1, truncated=no, start-type=ATG, RBS-motif=GGAGG
11:40:03.272 - INFO - CDS - seq=contig_54, start=280844, stop=282277, strand=+, frame=2, truncated=no, start-type=ATG, RBS-motif=None
11:40:03.272 - INFO - CDS - seq=contig_54, start=282283, stop=283446, strand=+, frame=1, truncated=no, start-type=ATG, RBS-motif=AGGA
11:40:03.272 - INFO - CDS - seq=contig_54, start=283463, stop=285238, strand=+, frame=2, truncated=no, start-type=GTG, RBS-motif=GGA/GAG/AGG
11:40:03.272 - INFO - CDS - seq=contig_54, start=285276, stop=287282, strand=+, frame=3, truncated=no, start-type=ATG, RBS-motif=AGGAGG
11:40:03.272 - INFO - CDS - seq=contig_54, start=287595, stop=288368, strand=-, frame=2, truncated=no, start-type=ATG, RBS-motif=GGxGG
11:40:03.272 - INFO - CDS - seq=contig_54, start=288557, stop=289183, strand=-, frame=3, truncated=no, start-type=ATG, RBS-motif=AGGAG
11:40:03.273 - INFO - CDS - seq=contig_54, start=289392, stop=289970, strand=+, frame=3, truncated=no, start-type=ATG, RBS-motif=GGA/GAG/AGG
11:40:03.273 - INFO - CDS - seq=contig_54, start=290354, stop=291451, strand=+, frame=2, truncated=no, start-type=ATG, RBS-motif=GGAGG
11:40:03.273 - INFO - CDS - seq=contig_54, start=291464, stop=292735, strand=+, frame=2, truncated=no, start-type=ATG, RBS-motif=GGAG/GAGG
11:40:03.273 - INFO - CDS - seq=contig_54, start=292738, stop=294006, strand=+, frame=1, truncated=no, start-type=ATG, RBS-motif=AGGAG
11:40:03.273 - INFO - CDS - seq=contig_54, start=294008, stop=294847, strand=+, frame=2, truncated=no, start-type=ATG, RBS-motif=GGAGG
11:40:03.273 - INFO - CDS - seq=contig_54, start=294921, stop=295997, strand=+, frame=3, truncated=no, start-type=ATG, RBS-motif=AGGAGG
11:40:03.273 - INFO - CDS - seq=contig_54, start=296022, stop=297062, strand=+, frame=3, truncated=no, start-type=ATG, RBS-motif=AGGAGG
11:40:03.273 - INFO - CDS - seq=contig_54, start=297117, stop=298085, strand=+, frame=3, truncated=no, start-type=ATG, RBS-motif=AGGAG
11:40:03.273 - INFO - CDS - seq=contig_54, start=298446, stop=298940, strand=-, frame=2, truncated=no, start-type=ATG, RBS-motif=GGAGG
11:40:03.273 - INFO - CDS - seq=contig_54, start=299173, stop=300552, strand=+, frame=1, truncated=no, start-type=ATG, RBS-motif=GGAG/GAGG
11:40:03.274 - INFO - CDS - seq=contig_54, start=300911, stop=301669, strand=-, frame=3, truncated=no, start-type=ATG, RBS-motif=AGxAGG/AGGxGG
11:40:03.274 - INFO - CDS - seq=contig_54, start=301662, stop=302429, strand=-, frame=2, truncated=no, start-type=ATG, RBS-motif=None
11:40:03.274 - INFO - CDS - seq=contig_54, start=302377, stop=303219, strand=-, frame=1, truncated=no, start-type=ATG, RBS-motif=GGAG/GAGG
11:40:03.274 - INFO - CDS - seq=contig_54, start=303216, stop=304184, strand=-, frame=2, truncated=no, start-type=ATG, RBS-motif=None
11:40:03.274 - INFO - CDS - seq=contig_54, start=304772, stop=307021, strand=+, frame=2, truncated=no, start-type=ATG, RBS-motif=GGAGG
11:40:03.274 - INFO - CDS - seq=contig_54, start=307044, stop=307799, strand=+, frame=3, truncated=no, start-type=ATG, RBS-motif=AGxAGG/AGGxGG
11:40:03.274 - INFO - CDS - seq=contig_54, start=308121, stop=309884, strand=+, frame=3, truncated=no, start-type=ATG, RBS-motif=GGAG/GAGG
11:40:03.274 - INFO - CDS - seq=contig_54, start=310048, stop=310392, strand=-, frame=1, truncated=no, start-type=ATG, RBS-motif=AGGAG
11:40:03.274 - INFO - CDS - seq=contig_54, start=310582, stop=312231, strand=+, frame=1, truncated=no, start-type=ATG, RBS-motif=AGGAG/GGAGG
11:40:03.275 - INFO - CDS - seq=contig_54, start=312983, stop=314167, strand=-, frame=3, truncated=no, start-type=ATG, RBS-motif=GGAG/GAGG
11:40:03.275 - INFO - CDS - seq=contig_54, start=314197, stop=316458, strand=-, frame=1, truncated=no, start-type=ATG, RBS-motif=GGAGG
11:40:03.275 - INFO - CDS - seq=contig_54, start=316644, stop=317855, strand=-, frame=2, truncated=no, start-type=ATG, RBS-motif=AGGAGG
11:40:03.275 - INFO - CDS - seq=contig_54, start=317967, stop=319472, strand=-, frame=2, truncated=no, start-type=ATG, RBS-motif=AGxAGG/AGGxGG
11:40:03.275 - INFO - CDS - seq=contig_54, start=319498, stop=321060, strand=-, frame=1, truncated=no, start-type=TTG, RBS-motif=GGAGG
11:40:03.276 - INFO - CDS - seq=contig_54, start=321429, stop=322658, strand=+, frame=3, truncated=no, start-type=ATG, RBS-motif=AGxAGG/AGGxGG
11:40:03.276 - INFO - CDS - seq=contig_54, start=322972, stop=324447, strand=-, frame=1, truncated=no, start-type=ATG, RBS-motif=GGA/GAG/AGG
11:40:03.276 - INFO - CDS - seq=contig_54, start=324645, stop=325001, strand=-, frame=2, truncated=no, start-type=ATG, RBS-motif=AGGAG
11:40:03.276 - INFO - CDS - seq=contig_54, start=325158, stop=325331, strand=-, frame=2, truncated=no, start-type=ATG, RBS-motif=AGGA/GGAG/GAGG
11:40:03.276 - INFO - CDS - seq=contig_54, start=325357, stop=326502, strand=-, frame=1, truncated=no, start-type=ATG, RBS-motif=AGGAGG
11:40:03.277 - INFO - CDS - seq=contig_54, start=327075, stop=328028, strand=+, frame=3, truncated=no, start-type=ATG, RBS-motif=GGAG/GAGG
11:40:03.277 - INFO - CDS - seq=contig_54, start=328348, stop=329877, strand=-, frame=1, truncated=no, start-type=ATG, RBS-motif=AGGAGG
11:40:03.277 - INFO - CDS - seq=contig_54, start=330239, stop=331174, strand=+, frame=2, truncated=no, start-type=ATG, RBS-motif=AGxAGG/AGGxGG
11:40:03.277 - INFO - CDS - seq=contig_54, start=331512, stop=333608, strand=+, frame=3, truncated=no, start-type=ATG, RBS-motif=AGGAGG
11:40:03.277 - INFO - CDS - seq=contig_54, start=333593, stop=334060, strand=+, frame=2, truncated=no, start-type=ATG, RBS-motif=GGAG/GAGG
11:40:03.277 - INFO - CDS - seq=contig_54, start=334083, stop=334361, strand=+, frame=3, truncated=no, start-type=ATG, RBS-motif=GGAGG
11:40:03.277 - INFO - CDS - seq=contig_54, start=334588, stop=335847, strand=+, frame=1, truncated=no, start-type=ATG, RBS-motif=GGAGG
11:40:03.277 - INFO - CDS - seq=contig_54, start=335865, stop=336920, strand=+, frame=3, truncated=no, start-type=GTG, RBS-motif=GGAG/GAGG
11:40:03.277 - INFO - CDS - seq=contig_54, start=336922, stop=337068, strand=+, frame=1, truncated=no, start-type=ATG, RBS-motif=AGGAG
11:40:03.277 - INFO - CDS - seq=contig_54, start=337092, stop=338135, strand=+, frame=3, truncated=no, start-type=GTG, RBS-motif=GGAG/GAGG
11:40:03.278 - INFO - CDS - seq=contig_54, start=338663, stop=339379, strand=+, frame=2, truncated=no, start-type=ATG, RBS-motif=GGAGG
11:40:03.278 - INFO - CDS - seq=contig_54, start=339372, stop=340397, strand=+, frame=3, truncated=no, start-type=ATG, RBS-motif=GGA/GAG/AGG
11:40:03.278 - INFO - CDS - seq=contig_54, start=340419, stop=342113, strand=+, frame=3, truncated=no, start-type=ATG, RBS-motif=GGxGG
11:40:03.278 - INFO - CDS - seq=contig_54, start=342541, stop=343710, strand=+, frame=1, truncated=no, start-type=ATG, RBS-motif=GGAGG
11:40:03.278 - INFO - CDS - seq=contig_54, start=343986, stop=344702, strand=+, frame=3, truncated=no, start-type=ATG, RBS-motif=GGAGG
11:40:03.278 - INFO - CDS - seq=contig_54, start=344695, stop=345720, strand=+, frame=1, truncated=no, start-type=ATG, RBS-motif=AGxAGG/AGGxGG
11:40:03.278 - INFO - CDS - seq=contig_54, start=345742, stop=347430, strand=+, frame=1, truncated=no, start-type=TTG, RBS-motif=AGGA
11:40:03.278 - INFO - CDS - seq=contig_54, start=347463, stop=349184, strand=+, frame=3, truncated=no, start-type=ATG, RBS-motif=GGAG/GAGG
11:40:03.278 - INFO - CDS - seq=contig_54, start=349328, stop=350002, strand=+, frame=2, truncated=no, start-type=ATG, RBS-motif=AGGAGG
11:40:03.278 - INFO - CDS - seq=contig_54, start=350247, stop=352001, strand=+, frame=3, truncated=no, start-type=GTG, RBS-motif=GGAG/GAGG
11:40:03.278 - INFO - CDS - seq=contig_54, start=352004, stop=352744, strand=+, frame=2, truncated=no, start-type=ATG, RBS-motif=AGGAGG
11:40:03.279 - INFO - CDS - seq=contig_54, start=352863, stop=353300, strand=+, frame=3, truncated=no, start-type=GTG, RBS-motif=AGGAGG
11:40:03.279 - INFO - CDS - seq=contig_54, start=353293, stop=353994, strand=+, frame=1, truncated=no, start-type=ATG, RBS-motif=AGGAGG
11:40:03.279 - INFO - CDS - seq=contig_54, start=354102, stop=354806, strand=-, frame=2, truncated=no, start-type=TTG, RBS-motif=GGAG/GAGG
11:40:03.279 - INFO - CDS - seq=contig_54, start=354955, stop=355746, strand=+, frame=1, truncated=no, start-type=ATG, RBS-motif=AGxAGG/AGGxGG
11:40:03.279 - INFO - CDS - seq=contig_54, start=355762, stop=357198, strand=+, frame=1, truncated=no, start-type=ATG, RBS-motif=AGGAG/GGAGG
11:40:03.279 - INFO - CDS - seq=contig_54, start=357685, stop=358446, strand=-, frame=1, truncated=no, start-type=ATG, RBS-motif=AGGAGG
11:40:03.279 - INFO - CDS - seq=contig_54, start=358697, stop=359611, strand=-, frame=3, truncated=no, start-type=ATG, RBS-motif=AGGAG
11:40:03.279 - INFO - CDS - seq=contig_54, start=359639, stop=360043, strand=-, frame=3, truncated=no, start-type=ATG, RBS-motif=AGGAG
11:40:03.279 - INFO - CDS - seq=contig_54, start=360058, stop=360939, strand=-, frame=1, truncated=no, start-type=ATG, RBS-motif=GGAG/GAGG
11:40:03.279 - INFO - CDS - seq=contig_54, start=361171, stop=362169, strand=-, frame=1, truncated=no, start-type=ATG, RBS-motif=AGxAGG/AGGxGG
11:40:03.280 - INFO - CDS - seq=contig_54, start=362549, stop=362941, strand=+, frame=2, truncated=no, start-type=ATG, RBS-motif=GGAG/GAGG
11:40:03.280 - INFO - CDS - seq=contig_54, start=363069, stop=364445, strand=-, frame=2, truncated=no, start-type=GTG, RBS-motif=AGGAG
11:40:03.280 - INFO - CDS - seq=contig_54, start=364679, stop=365671, strand=+, frame=2, truncated=no, start-type=ATG, RBS-motif=AGGAG
11:40:03.280 - INFO - CDS - seq=contig_54, start=365997, stop=366947, strand=+, frame=3, truncated=no, start-type=ATG, RBS-motif=AGGAG/GGAGG
11:40:03.280 - INFO - CDS - seq=contig_54, start=366999, stop=367658, strand=-, frame=2, truncated=no, start-type=ATG, RBS-motif=AGGAG
11:40:03.280 - INFO - CDS - seq=contig_54, start=367672, stop=368592, strand=-, frame=1, truncated=no, start-type=ATG, RBS-motif=GGAGG
11:40:03.280 - INFO - CDS - seq=contig_54, start=368589, stop=369755, strand=-, frame=2, truncated=no, start-type=ATG, RBS-motif=GGAGG
11:40:03.280 - INFO - CDS - seq=contig_54, start=369823, stop=371346, strand=-, frame=1, truncated=no, start-type=ATG, RBS-motif=GGAGG
11:40:03.280 - INFO - CDS - seq=contig_54, start=371677, stop=372579, strand=-, frame=1, truncated=no, start-type=ATG, RBS-motif=GGA/GAG/AGG
11:40:03.280 - INFO - CDS - seq=contig_54, start=372818, stop=373111, strand=+, frame=2, truncated=no, start-type=ATG, RBS-motif=AGGAGG
11:40:03.281 - INFO - CDS - seq=contig_54, start=373194, stop=376223, strand=+, frame=3, truncated=no, start-type=ATG, RBS-motif=AGGA
11:40:03.281 - INFO - CDS - seq=contig_54, start=376223, stop=376681, strand=+, frame=2, truncated=no, start-type=ATG, RBS-motif=GGA/GAG/AGG
11:40:03.281 - INFO - CDS - seq=contig_54, start=376653, stop=376895, strand=+, frame=3, truncated=no, start-type=ATG, RBS-motif=AGGA/GGAG/GAGG
11:40:03.281 - INFO - CDS - seq=contig_54, start=376908, stop=378242, strand=+, frame=3, truncated=no, start-type=ATG, RBS-motif=AGGAGG
11:40:03.281 - INFO - CDS - seq=contig_54, start=378264, stop=382703, strand=+, frame=3, truncated=no, start-type=ATG, RBS-motif=GGAG/GAGG
11:40:03.281 - INFO - CDS - seq=contig_54, start=382733, stop=383125, strand=+, frame=2, truncated=no, start-type=ATG, RBS-motif=AGGAGG
11:40:03.281 - INFO - CDS - seq=contig_54, start=383141, stop=383455, strand=+, frame=2, truncated=no, start-type=ATG, RBS-motif=GGAG/GAGG
11:40:03.281 - INFO - CDS - seq=contig_54, start=383452, stop=384129, strand=+, frame=1, truncated=no, start-type=ATG, RBS-motif=GGA/GAG/AGG
11:40:03.282 - INFO - CDS - seq=contig_54, start=384135, stop=384446, strand=+, frame=3, truncated=no, start-type=TTG, RBS-motif=AGGAG
11:40:03.282 - INFO - CDS - seq=contig_54, start=384447, stop=386300, strand=+, frame=3, truncated=no, start-type=GTG, RBS-motif=GGAG/GAGG
11:40:03.282 - INFO - CDS - seq=contig_54, start=532, stop=1326, strand=+, nt=[ATGATTCATT..ACAAAACTAA]
11:40:03.282 - INFO - CDS - seq=contig_54, start=1313, stop=2638, strand=+, nt=[ATGAACAAAA..GATGATGTAA]
11:40:03.282 - INFO - CDS - seq=contig_54, start=2638, stop=2964, strand=+, nt=[ATGTTTACTA..AGATGAATAA]
11:40:03.283 - INFO - CDS - seq=contig_54, start=2967, stop=3254, strand=+, nt=[GTGGGACTTG..TAAAGTATAA]
11:40:03.283 - INFO - CDS - seq=contig_54, start=3790, stop=4584, strand=+, nt=[ATGATTCATT..GTCAAACTGA]
11:40:03.283 - INFO - CDS - seq=contig_54, start=4571, stop=4663, strand=+, nt=[ATGAGTCAAA..TGAAATATAG]
11:40:03.283 - INFO - CDS - seq=contig_54, start=5145, stop=5336, strand=+, nt=[ATGAGAAAAG..CACTAACTAG]
11:40:03.283 - INFO - CDS - seq=contig_54, start=5596, stop=5877, strand=-, nt=[GTGACATATC..AGGATTCTAA]
11:40:03.283 - INFO - CDS - seq=contig_54, start=6166, stop=6861, strand=+, nt=[ATGACAGTAT..TCCTGTATAA]
11:40:03.283 - INFO - CDS - seq=contig_54, start=7111, stop=7533, strand=+, nt=[ATGAACAAAA..CGACCGCTAA]
11:40:03.283 - INFO - CDS - seq=contig_54, start=7800, stop=8210, strand=+, nt=[ATGTCGAAAA..TAAAAAGTAG]
11:40:03.283 - INFO - CDS - seq=contig_54, start=8237, stop=8656, strand=+, nt=[ATGAACAAAA..AGGCCACTAG]
11:40:03.284 - INFO - CDS - seq=contig_54, start=9108, stop=9530, strand=+, nt=[ATGCCGTATA..TAGACTATAA]
11:40:03.284 - INFO - CDS - seq=contig_54, start=9643, stop=11181, strand=-, nt=[ATGACATCAA..CGTTAAATAA]
11:40:03.284 - INFO - CDS - seq=contig_54, start=11416, stop=12234, strand=+, nt=[ATGAAACGTT..ATTGGAATAA]
11:40:03.284 - INFO - CDS - seq=contig_54, start=12334, stop=13101, strand=+, nt=[ATGAATATTA..TGAAAAATAA]
11:40:03.284 - INFO - CDS - seq=contig_54, start=13791, stop=14612, strand=+, nt=[ATGAATCGGC..TATAGAATAA]
11:40:03.284 - INFO - CDS - seq=contig_54, start=14623, stop=15441, strand=+, nt=[ATGAATAACT..GGATGTCTAA]
11:40:03.284 - INFO - CDS - seq=contig_54, start=15434, stop=16735, strand=+, nt=[ATGTCTAAAT..GCTTTCATAA]
11:40:03.284 - INFO - CDS - seq=contig_54, start=16878, stop=18476, strand=+, nt=[ATGAGAAAAC..GTATAAATAA]
11:40:03.284 - INFO - CDS - seq=contig_54, start=18489, stop=19424, strand=+, nt=[ATGTTCAAAT..CGCACGATGA]
11:40:03.284 - INFO - CDS - seq=contig_54, start=19421, stop=20290, strand=+, nt=[ATGATAATTT..GCAATCATGA]
11:40:03.284 - INFO - CDS - seq=contig_54, start=20287, stop=21102, strand=+, nt=[ATGACATTGT..ACATGATTAA]
11:40:03.285 - INFO - CDS - seq=contig_54, start=21095, stop=21844, strand=+, nt=[ATGATTAAAG..ATCATTCTAA]
11:40:03.285 - INFO - CDS - seq=contig_54, start=21856, stop=23049, strand=+, nt=[ATGAAAGGTG..TAGTCTTTAA]
11:40:03.285 - INFO - CDS - seq=contig_54, start=23411, stop=24160, strand=-, nt=[ATGTCAAATA..TTTCATGTAA]
11:40:03.285 - INFO - CDS - seq=contig_54, start=24355, stop=25932, strand=+, nt=[ATGACGTTTC..GATTAGTTGA]
11:40:03.285 - INFO - CDS - seq=contig_54, start=26100, stop=26555, strand=-, nt=[TTGAAAAAAT..CGACAAATAG]
11:40:03.285 - INFO - CDS - seq=contig_54, start=26914, stop=27171, strand=+, nt=[ATGATTATCA..TAATCTTTAA]
11:40:03.285 - INFO - CDS - seq=contig_54, start=27171, stop=27437, strand=+, nt=[ATGAGCAATT..TTATGATTAA]
11:40:03.285 - INFO - CDS - seq=contig_54, start=27792, stop=28868, strand=+, nt=[ATGAATCAGT..CATGTGGTAA]
11:40:03.285 - INFO - CDS - seq=contig_54, start=29116, stop=29778, strand=+, nt=[ATGTTGTTAG..ACATGAGTAA]
11:40:03.286 - INFO - CDS - seq=contig_54, start=29771, stop=30547, strand=+, nt=[ATGAGTAATA..TGAATCATGA]
11:40:03.286 - INFO - CDS - seq=contig_54, start=30943, stop=32130, strand=+, nt=[ATGTCAATCA..ATCATCATAA]
11:40:03.286 - INFO - CDS - seq=contig_54, start=32237, stop=33544, strand=-, nt=[ATGAAGATTA..AATGCCTTGA]
11:40:03.286 - INFO - CDS - seq=contig_54, start=33853, stop=35490, strand=-, nt=[ATGAATAAAG..ATCTCATTAA]
11:40:03.286 - INFO - CDS - seq=contig_54, start=35670, stop=36269, strand=+, nt=[ATGAGTGAGA..TGATAAGTAA]
11:40:03.286 - INFO - CDS - seq=contig_54, start=36939, stop=38165, strand=+, nt=[ATGTTAAGTA..TAAATCATGA]
11:40:03.286 - INFO - CDS - seq=contig_54, start=38162, stop=38797, strand=+, nt=[ATGATTGAGT..ATCTGGATAA]
11:40:03.286 - INFO - CDS - seq=contig_54, start=38814, stop=39755, strand=+, nt=[ATGAAGAAAA..TCATAAGTAA]
11:40:03.286 - INFO - CDS - seq=contig_54, start=39755, stop=40450, strand=+, nt=[ATGGAAGGTA..TAATATGTAA]
11:40:03.286 - INFO - CDS - seq=contig_54, start=40744, stop=42144, strand=+, nt=[ATGGACACAT..GAATTTGTAA]
11:40:03.286 - INFO - CDS - seq=contig_54, start=42370, stop=43305, strand=+, nt=[ATGAAAATTG..ACAGGATTAA]
11:40:03.286 - INFO - CDS - seq=contig_54, start=43627, stop=44478, strand=+, nt=[ATGAGTAAAA..AATTAAATAA]
11:40:03.287 - INFO - CDS - seq=contig_54, start=44570, stop=46066, strand=-, nt=[ATGACTACTA..GAAGACATAA]
11:40:03.287 - INFO - CDS - seq=contig_54, start=46298, stop=48127, strand=+, nt=[ATGTTCAATC..TAAAAAATAG]
11:40:03.287 - INFO - CDS - seq=contig_54, start=48268, stop=50346, strand=-, nt=[ATGGCACTAT..CAAACATTAA]
11:40:03.287 - INFO - CDS - seq=contig_54, start=50485, stop=51894, strand=-, nt=[ATGGCAAGAA..CAATCAATAA]
11:40:03.287 - INFO - CDS - seq=contig_54, start=52180, stop=52986, strand=+, nt=[ATGAAGATAG..AGAAATTTAA]
11:40:03.287 - INFO - CDS - seq=contig_54, start=53049, stop=53705, strand=-, nt=[ATGAACCGAA..ACACACGTAA]
11:40:03.287 - INFO - CDS - seq=contig_54, start=53818, stop=54291, strand=+, nt=[ATGGAATATC..TAAAGGGTGA]
11:40:03.287 - INFO - CDS - seq=contig_54, start=54414, stop=55625, strand=-, nt=[ATGCAATCAA..TGTCGCATAA]
11:40:03.287 - INFO - CDS - seq=contig_54, start=55807, stop=56466, strand=-, nt=[ATGAAAAGAA..CGCTAATTAA]
11:40:03.287 - INFO - CDS - seq=contig_54, start=56526, stop=57668, strand=-, nt=[ATGCAATTAC..ATTACAATAA]
11:40:03.287 - INFO - CDS - seq=contig_54, start=57936, stop=58322, strand=+, nt=[ATGAAACTAA..TAGTAATTAA]
11:40:03.288 - INFO - CDS - seq=contig_54, start=59266, stop=61029, strand=+, nt=[ATGAACAATC..ACATAATTAA]
11:40:03.288 - INFO - CDS - seq=contig_54, start=61054, stop=62787, strand=+, nt=[ATGTTTCAAA..GAAATTATAA]
11:40:03.288 - INFO - CDS - seq=contig_54, start=63240, stop=63926, strand=+, nt=[ATGAGGATTT..AACAACTTAA]
11:40:03.289 - INFO - CDS - seq=contig_54, start=63904, stop=65262, strand=+, nt=[ATGAATTACA..GAAGTGTTAA]
11:40:03.289 - INFO - CDS - seq=contig_54, start=65264, stop=66271, strand=+, nt=[ATGAATTTGG..AGCAAATTGA]
11:40:03.289 - INFO - CDS - seq=contig_54, start=66249, stop=67364, strand=+, nt=[ATGATGTTTC..AGAAGATTGA]
11:40:03.289 - INFO - CDS - seq=contig_54, start=67375, stop=68067, strand=+, nt=[ATGTATAGTA..AACGGTATAG]
11:40:03.289 - INFO - CDS - seq=contig_54, start=68078, stop=68545, strand=+, nt=[ATGACATCAA..ACTAAGATAA]
11:40:03.289 - INFO - CDS - seq=contig_54, start=68597, stop=69574, strand=-, nt=[ATGAAAATGA..CAATAAATAG]
11:40:03.289 - INFO - CDS - seq=contig_54, start=69576, stop=70523, strand=-, nt=[ATGCTTAAAA..ACAGAATTGA]
11:40:03.289 - INFO - CDS - seq=contig_54, start=71090, stop=72055, strand=-, nt=[ATGAACTTAA..ACCTAAGTAA]
11:40:03.289 - INFO - CDS - seq=contig_54, start=72555, stop=73865, strand=-, nt=[ATGAAAAATA..CTGGAAATAA]
11:40:03.289 - INFO - CDS - seq=contig_54, start=74685, stop=75551, strand=+, nt=[ATGTCTCATA..CCATCTATAA]
11:40:03.289 - INFO - CDS - seq=contig_54, start=75878, stop=76564, strand=+, nt=[ATGCCAAAAT..CTACTTATAA]
11:40:03.289 - INFO - CDS - seq=contig_54, start=76718, stop=76822, strand=-, nt=[ATGAAATTAG..AGCGAAATAA]
11:40:03.290 - INFO - CDS - seq=contig_54, start=76996, stop=78435, strand=+, nt=[ATGTCGAAGA..TCGTCAATAA]
11:40:03.290 - INFO - CDS - seq=contig_54, start=78556, stop=79335, strand=+, nt=[ATGAAAAGAC..ATCTAAATAG]
11:40:03.290 - INFO - CDS - seq=contig_54, start=79307, stop=80035, strand=+, nt=[TTGGTCAAGA..TCGCTCATGA]
11:40:03.290 - INFO - CDS - seq=contig_54, start=80032, stop=80763, strand=+, nt=[ATGATTCAAT..TGAAGAATAA]
11:40:03.290 - INFO - CDS - seq=contig_54, start=80860, stop=82110, strand=-, nt=[ATGAACTTTG..ACGTCGTTAA]
11:40:03.290 - INFO - CDS - seq=contig_54, start=82365, stop=82727, strand=+, nt=[TTGAAGCGAT..GACGAACTAG]
11:40:03.290 - INFO - CDS - seq=contig_54, start=82746, stop=83345, strand=+, nt=[ATGACTAAAA..AATAAAATAG]
11:40:03.290 - INFO - CDS - seq=contig_54, start=83618, stop=83869, strand=+, nt=[ATGATTATTA..AGATGTATAA]
11:40:03.290 - INFO - CDS - seq=contig_54, start=83869, stop=84135, strand=+, nt=[ATGGCTAGGT..CCATTATTAA]
11:40:03.290 - INFO - CDS - seq=contig_54, start=84430, stop=85977, strand=+, nt=[ATGAAAAAGA..AGCACATTAA]
11:40:03.290 - INFO - CDS - seq=contig_54, start=86163, stop=86630, strand=+, nt=[ATGACGATTA..ATTGAAATAA]
11:40:03.290 - INFO - CDS - seq=contig_54, start=86714, stop=86896, strand=+, nt=[ATGGTAGAAC..GAATAAGTAA]
11:40:03.291 - INFO - CDS - seq=contig_54, start=87113, stop=87937, strand=+, nt=[GTGATAGAAA..GCAACAATAA]
11:40:03.291 - INFO - CDS - seq=contig_54, start=88171, stop=88707, strand=+, nt=[ATGACAAAAA..ACCATTTTAA]
11:40:03.291 - INFO - CDS - seq=contig_54, start=88937, stop=89668, strand=+, nt=[GTGAATGGGA..GAAAATATAA]
11:40:03.291 - INFO - CDS - seq=contig_54, start=89734, stop=92139, strand=+, nt=[ATGGCAAAGC..GAAGGTGTAA]
11:40:03.291 - INFO - CDS - seq=contig_54, start=92143, stop=92457, strand=+, nt=[ATGGAAACAA..ATGTCTGTAG]
11:40:03.291 - INFO - CDS - seq=contig_54, start=92448, stop=93425, strand=+, nt=[ATGTCTGTAG..ATGTCACTAA]
11:40:03.291 - INFO - CDS - seq=contig_54, start=93734, stop=97423, strand=+, nt=[ATGGGAAAAT..TGAAGATTAA]
11:40:03.291 - INFO - CDS - seq=contig_54, start=97413, stop=98972, strand=+, nt=[TTGAAGATTA..CCGTGATTAA]
11:40:03.291 - INFO - CDS - seq=contig_54, start=98965, stop=99540, strand=+, nt=[GTGATTAATT..TCATGCTTAA]
11:40:03.291 - INFO - CDS - seq=contig_54, start=99533, stop=100210, strand=+, nt=[ATGCTTAATC..TAAAGTGTAA]
11:40:03.291 - INFO - CDS - seq=contig_54, start=100230, stop=100682, strand=+, nt=[TTGACACCAG..TGATAAATAA]
11:40:03.291 - INFO - CDS - seq=contig_54, start=100706, stop=101740, strand=+, nt=[ATGATTAATG..TCCAATTTGA]
11:40:03.291 - INFO - CDS - seq=contig_54, start=101763, stop=102416, strand=+, nt=[TTGAAAATAG..AGAGTTTTAG]
11:40:03.292 - INFO - CDS - seq=contig_54, start=102674, stop=103414, strand=-, nt=[TTGGCATACA..CAATTTTTAA]
11:40:03.292 - INFO - CDS - seq=contig_54, start=103393, stop=104307, strand=-, nt=[ATGTATAAAA..TACACTTTAA]
11:40:03.292 - INFO - CDS - seq=contig_54, start=104676, stop=105845, strand=+, nt=[ATGTACAAAA..ACACAGTTGA]
11:40:03.292 - INFO - CDS - seq=contig_54, start=105952, stop=106374, strand=-, nt=[TTGAACTTCA..AATTTCATAG]
11:40:03.292 - INFO - CDS - seq=contig_54, start=106596, stop=107042, strand=-, nt=[ATGTATGTAG..CAGAAAGTAA]
11:40:03.292 - INFO - CDS - seq=contig_54, start=107439, stop=107804, strand=+, nt=[ATGAAGAAGA..ATCAAAATAG]
11:40:03.292 - INFO - CDS - seq=contig_54, start=107986, stop=109263, strand=+, nt=[ATGGCTCTAT..ATCAATTTAA]
11:40:03.292 - INFO - CDS - seq=contig_54, start=109520, stop=109876, strand=-, nt=[ATGAAAAAGA..GAAACACTAA]
11:40:03.292 - INFO - CDS - seq=contig_54, start=110140, stop=110562, strand=-, nt=[ATGAGTAACT..CGATTTATAA]
11:40:03.292 - INFO - CDS - seq=contig_54, start=110633, stop=112738, strand=-, nt=[ATGACATGCC..ACCAAGCTAA]
11:40:03.292 - INFO - CDS - seq=contig_54, start=114226, stop=114609, strand=-, nt=[ATGAAAGAAC..AAAGAGATAG]
11:40:03.292 - INFO - CDS - seq=contig_54, start=114792, stop=116234, strand=+, nt=[ATGAATTATA..TGTAGAATAA]
11:40:03.292 - INFO - CDS - seq=contig_54, start=116319, stop=117263, strand=-, nt=[ATGATTACTT..GAAATTATAA]
11:40:03.293 - INFO - CDS - seq=contig_54, start=117309, stop=117932, strand=-, nt=[TTGAAAGAAG..ACTAACTTAA]
11:40:03.293 - INFO - CDS - seq=contig_54, start=118093, stop=119370, strand=+, nt=[ATGAATATAT..GCCGTCATAA]
11:40:03.293 - INFO - CDS - seq=contig_54, start=119577, stop=120008, strand=+, nt=[ATGCGTAGGT..TAAAAAATAA]
11:40:03.293 - INFO - CDS - seq=contig_54, start=120240, stop=121274, strand=+, nt=[ATGAAAGATG..TTTATACTAG]
11:40:03.293 - INFO - CDS - seq=contig_54, start=121376, stop=121711, strand=+, nt=[ATGAGTCCAA..CAAATACTAA]
11:40:03.293 - INFO - CDS - seq=contig_54, start=121757, stop=122761, strand=-, nt=[GTGATAGAAA..AGATAAATAG]
11:40:03.293 - INFO - CDS - seq=contig_54, start=122952, stop=123467, strand=+, nt=[ATGGCTGGGA..AGAGTTATAA]
11:40:03.293 - INFO - CDS - seq=contig_54, start=123781, stop=124395, strand=+, nt=[ATGAAAAGAT..CCAACAATAA]
11:40:03.293 - INFO - CDS - seq=contig_54, start=124549, stop=126222, strand=-, nt=[ATGATTAAAC..TAATCAATAG]
11:40:03.293 - INFO - CDS - seq=contig_54, start=126539, stop=128137, strand=+, nt=[ATGTTAGTAA..ATTATTATAA]
11:40:03.293 - INFO - CDS - seq=contig_54, start=128518, stop=129996, strand=+, nt=[ATGACAACAC..AGTTAAATAA]
11:40:03.293 - INFO - CDS - seq=contig_54, start=130062, stop=130517, strand=-, nt=[ATGAAAAATT..ATTAAAATGA]
11:40:03.294 - INFO - CDS - seq=contig_54, start=130514, stop=130957, strand=-, nt=[ATGATGAAAC..ATCAATATGA]
11:40:03.294 - INFO - CDS - seq=contig_54, start=131120, stop=132493, strand=-, nt=[ATGTTTAAAA..TTCACATTAA]
11:40:03.294 - INFO - CDS - seq=contig_54, start=132486, stop=133160, strand=-, nt=[ATGGTGCAAT..TCATGTTTAA]
11:40:03.294 - INFO - CDS - seq=contig_54, start=133296, stop=134351, strand=+, nt=[ATGAAATTAG..TGCAGAATAA]
11:40:03.294 - INFO - CDS - seq=contig_54, start=134351, stop=135016, strand=+, nt=[ATGGCATTAG..AACTGATTAG]
11:40:03.295 - INFO - CDS - seq=contig_54, start=135247, stop=136215, strand=-, nt=[ATGTTATTGA..TAATAGTTAA]
11:40:03.295 - INFO - CDS - seq=contig_54, start=136410, stop=136865, strand=+, nt=[ATGGTAAAAC..TCATAAATAG]
11:40:03.295 - INFO - CDS - seq=contig_54, start=137105, stop=138487, strand=+, nt=[ATGAAATCTT..AGAAAAATAG]
11:40:03.295 - INFO - CDS - seq=contig_54, start=138756, stop=139964, strand=+, nt=[ATGAATGATT..AAATCGATGA]
11:40:03.295 - INFO - CDS - seq=contig_54, start=140191, stop=140745, strand=-, nt=[ATGAAACGAC..AATCCAATAA]
11:40:03.295 - INFO - CDS - seq=contig_54, start=140866, stop=141513, strand=+, nt=[ATGAAAAAGA..TAAAAATTAA]
11:40:03.295 - INFO - CDS - seq=contig_54, start=141526, stop=143457, strand=+, nt=[ATGACTACGA..TCATGAATAA]
11:40:03.295 - INFO - CDS - seq=contig_54, start=143703, stop=144341, strand=-, nt=[ATGACAAATC..TTTAAAATAA]
11:40:03.295 - INFO - CDS - seq=contig_54, start=144549, stop=145469, strand=+, nt=[TTGATTAGAA..AAATAACTAA]
11:40:03.295 - INFO - CDS - seq=contig_54, start=145577, stop=145996, strand=-, nt=[ATGACAGATG..AGCTCATTAA]
11:40:03.296 - INFO - CDS - seq=contig_54, start=145993, stop=146484, strand=-, nt=[ATGGTTATTA..ATTAAAATGA]
11:40:03.296 - INFO - CDS - seq=contig_54, start=146581, stop=147528, strand=+, nt=[ATGGCTTTAA..ATGGTTTTAA]
11:40:03.296 - INFO - CDS - seq=contig_54, start=147559, stop=148608, strand=+, nt=[ATGAGTGATT..TCGAGGATAA]
11:40:03.296 - INFO - CDS - seq=contig_54, start=148656, stop=149864, strand=-, nt=[ATGATAGAAC..GTTTAGTTAA]
11:40:03.296 - INFO - CDS - seq=contig_54, start=150197, stop=150805, strand=-, nt=[ATGGATTTCG..TTGGAAATAA]
11:40:03.296 - INFO - CDS - seq=contig_54, start=151204, stop=151824, strand=+, nt=[ATGGAACAAT..TCAATTGTAA]
11:40:03.296 - INFO - CDS - seq=contig_54, start=152055, stop=152954, strand=+, nt=[ATGGGACTTG..GGATGCATAA]
11:40:03.296 - INFO - CDS - seq=contig_54, start=152947, stop=154179, strand=+, nt=[ATGCATAAGT..TAAAAAATAA]
11:40:03.296 - INFO - CDS - seq=contig_54, start=154397, stop=154723, strand=+, nt=[ATGTTATATC..CAGAGCTTGA]
11:40:03.296 - INFO - CDS - seq=contig_54, start=154753, stop=155772, strand=+, nt=[ATGATAGTTG..AAATGATTAA]
11:40:03.296 - INFO - CDS - seq=contig_54, start=156008, stop=156661, strand=-, nt=[ATGATATCAA..ATTGAAATAA]
11:40:03.296 - INFO - CDS - seq=contig_54, start=156835, stop=157518, strand=+, nt=[ATGAAAGATG..TATAGTATAG]
11:40:03.297 - INFO - CDS - seq=contig_54, start=157572, stop=158831, strand=-, nt=[ATGAAGAACA..AAACAAATAA]
11:40:03.297 - INFO - CDS - seq=contig_54, start=159121, stop=160056, strand=+, nt=[GTGTACAAGC..TTTAAAATAA]
11:40:03.297 - INFO - CDS - seq=contig_54, start=160312, stop=160731, strand=-, nt=[ATGTTAAAAT..TTACAAATAA]
11:40:03.297 - INFO - CDS - seq=contig_54, start=160913, stop=161797, strand=-, nt=[ATGAAAATTA..GGCTCTTTAA]
11:40:03.297 - INFO - CDS - seq=contig_54, start=161957, stop=163618, strand=+, nt=[ATGAGAAAAA..TGATAAATAA]
11:40:03.297 - INFO - CDS - seq=contig_54, start=163618, stop=164856, strand=+, nt=[ATGAATGATT..TAAAGCATAA]
11:40:03.297 - INFO - CDS - seq=contig_54, start=165132, stop=166253, strand=+, nt=[ATGGGATTAA..GCATGAGTAA]
11:40:03.297 - INFO - CDS - seq=contig_54, start=166364, stop=167245, strand=+, nt=[ATGGCAACTC..AATAGATTAG]
11:40:03.297 - INFO - CDS - seq=contig_54, start=167732, stop=168301, strand=+, nt=[ATGGCATTAA..TCCTGATTAA]
11:40:03.297 - INFO - CDS - seq=contig_54, start=168526, stop=169839, strand=+, nt=[ATGGAAGTAC..GAAACATTAA]
11:40:03.297 - INFO - CDS - seq=contig_54, start=170006, stop=170512, strand=+, nt=[GTGGCAAAAT..ACAACAATAA]
11:40:03.298 - INFO - CDS - seq=contig_54, start=170570, stop=171334, strand=-, nt=[ATGTTTTTAG..TTCAAATTAG]
11:40:03.298 - INFO - CDS - seq=contig_54, start=171664, stop=173268, strand=+, nt=[ATGAATGCGA..AGATAAATAA]
11:40:03.298 - INFO - CDS - seq=contig_54, start=173334, stop=173864, strand=-, nt=[ATGTTAATTG..TATATCATAA]
11:40:03.298 - INFO - CDS - seq=contig_54, start=174132, stop=175049, strand=+, nt=[ATGTTTCAAA..AAAGTTATAA]
11:40:03.298 - INFO - CDS - seq=contig_54, start=175124, stop=175759, strand=+, nt=[ATGTATAGAG..TACGAAATAG]
11:40:03.298 - INFO - CDS - seq=contig_54, start=175770, stop=175961, strand=+, nt=[ATGATGGGTT..TAAACTTTAA]
11:40:03.298 - INFO - CDS - seq=contig_54, start=176057, stop=176242, strand=-, nt=[ATGACAACAG..ATATATGTAA]
11:40:03.298 - INFO - CDS - seq=contig_54, start=176239, stop=176595, strand=-, nt=[ATGTTAAAAC..TTCATCATGA]
11:40:03.298 - INFO - CDS - seq=contig_54, start=176875, stop=178254, strand=+, nt=[ATGGAGAACA..AGCAAAATAG]
11:40:03.298 - INFO - CDS - seq=contig_54, start=178641, stop=179513, strand=-, nt=[ATGTCAAACG..TAAACATTAA]
11:40:03.299 - INFO - CDS - seq=contig_54, start=179958, stop=180287, strand=-, nt=[ATGATAAACG..TGCCCATTAA]
11:40:03.299 - INFO - CDS - seq=contig_54, start=180336, stop=181073, strand=+, nt=[GTGGAAAATG..TTATGCGTAG]
11:40:03.299 - INFO - CDS - seq=contig_54, start=181098, stop=181790, strand=-, nt=[ATGAATAAAG..CGATTCCTAA]
11:40:03.299 - INFO - CDS - seq=contig_54, start=182175, stop=182972, strand=+, nt=[ATGACAGATA..ATACAGATAG]
11:40:03.299 - INFO - CDS - seq=contig_54, start=183105, stop=184052, strand=+, nt=[TTGAAACGTT..TCTAGAGTAG]
11:40:03.299 - INFO - CDS - seq=contig_54, start=184571, stop=187609, strand=+, nt=[GTGTGGGGCA..GGATAAATAA]
11:40:03.299 - INFO - CDS - seq=contig_54, start=187609, stop=188082, strand=+, nt=[ATGGCTGAGA..AGAAGAATAA]
11:40:03.299 - INFO - CDS - seq=contig_54, start=188310, stop=188543, strand=+, nt=[ATGTTAAAAA..GTCTAAGTAA]
11:40:03.299 - INFO - CDS - seq=contig_54, start=188565, stop=189341, strand=+, nt=[ATGAAGAAGA..TTATAAATAA]
11:40:03.299 - INFO - CDS - seq=contig_54, start=189652, stop=190776, strand=+, nt=[ATGAAGATAG..AGAGAAATAA]
11:40:03.300 - INFO - CDS - seq=contig_54, start=190868, stop=191821, strand=-, nt=[ATGGAAAAAG..CGTTAACTAA]
11:40:03.300 - INFO - CDS - seq=contig_54, start=192182, stop=192682, strand=-, nt=[ATGAAAAAAT..CCATATTTAA]
11:40:03.300 - INFO - CDS - seq=contig_54, start=192919, stop=193341, strand=-, nt=[ATGACAACTG..ATTTATTTAA]
11:40:03.300 - INFO - CDS - seq=contig_54, start=193589, stop=194671, strand=+, nt=[ATGAAAATAG..TTTAAAATAA]
11:40:03.300 - INFO - CDS - seq=contig_54, start=194766, stop=196166, strand=+, nt=[ATGATGAAAA..TTTAACTTAA]
11:40:03.300 - INFO - CDS - seq=contig_54, start=196600, stop=197403, strand=-, nt=[ATGAAGAAAA..CATTCACTAA]
11:40:03.300 - INFO - CDS - seq=contig_54, start=198013, stop=199968, strand=+, nt=[ATGACAGATA..TGAGATATAG]
11:40:03.300 - INFO - CDS - seq=contig_54, start=199994, stop=200737, strand=+, nt=[ATGTCTAAAT..TAATAAATAG]
11:40:03.300 - INFO - CDS - seq=contig_54, start=200801, stop=201127, strand=+, nt=[ATGATTTTAG..GATAGTATAA]
11:40:03.300 - INFO - CDS - seq=contig_54, start=201555, stop=201902, strand=+, nt=[ATGAGTAAAA..TAAAAATTAA]
11:40:03.301 - INFO - CDS - seq=contig_54, start=202091, stop=202927, strand=-, nt=[ATGGATGAAC..AAAATATTAA]
11:40:03.301 - INFO - CDS - seq=contig_54, start=202927, stop=203541, strand=-, nt=[GTGGCAAATC..ATTATCATAA]
11:40:03.301 - INFO - CDS - seq=contig_54, start=203554, stop=204243, strand=-, nt=[ATGATTGATC..CATATCATAG]
11:40:03.301 - INFO - CDS - seq=contig_54, start=204236, stop=204688, strand=-, nt=[ATGATTGTTG..TCATGATTGA]
11:40:03.301 - INFO - CDS - seq=contig_54, start=204701, stop=206416, strand=-, nt=[ATGAGCTTTA..CTTATTCTAG]
11:40:03.301 - INFO - CDS - seq=contig_54, start=206413, stop=206823, strand=-, nt=[ATGATACCAG..AAGATCATGA]
11:40:03.302 - INFO - CDS - seq=contig_54, start=206837, stop=207139, strand=-, nt=[TTGCATTTTA..TATTGTTTAA]
11:40:03.302 - INFO - CDS - seq=contig_54, start=207399, stop=208304, strand=+, nt=[TTGAAGATAA..AGATGCTTGA]
11:40:03.302 - INFO - CDS - seq=contig_54, start=208521, stop=209675, strand=+, nt=[ATGAATGATA..TACATTTTAA]
11:40:03.302 - INFO - CDS - seq=contig_54, start=209889, stop=210797, strand=+, nt=[ATGAAAAAAC..TGCAAAATAA]
11:40:03.302 - INFO - CDS - seq=contig_54, start=211195, stop=212136, strand=+, nt=[GTGACTAAGA..AGTAAATTAA]
11:40:03.302 - INFO - CDS - seq=contig_54, start=212257, stop=212811, strand=+, nt=[ATGACAACAA..ATTAAAATAA]
11:40:03.302 - INFO - CDS - seq=contig_54, start=212888, stop=213658, strand=+, nt=[ATGGCTAGTA..TGGAAATTAA]
11:40:03.302 - INFO - CDS - seq=contig_54, start=213830, stop=214627, strand=-, nt=[ATGAACAAAG..TGAACAATAA]
11:40:03.302 - INFO - CDS - seq=contig_54, start=214916, stop=215698, strand=+, nt=[ATGAAAATGA..TGCAGCATAA]
11:40:03.302 - INFO - CDS - seq=contig_54, start=215712, stop=216383, strand=+, nt=[ATGCCTGACT..GGTCGACTAG]
11:40:03.302 - INFO - CDS - seq=contig_54, start=216384, stop=216989, strand=+, nt=[ATGCTTAAAA..AATTGGGTAA]
11:40:03.302 - INFO - CDS - seq=contig_54, start=217159, stop=218163, strand=+, nt=[GTGAGTCAAG..GTTTGGATAA]
11:40:03.303 - INFO - CDS - seq=contig_54, start=218194, stop=218700, strand=+, nt=[ATGGGCGAAC..TACAAAATAA]
11:40:03.303 - INFO - CDS - seq=contig_54, start=218702, stop=219196, strand=-, nt=[ATGACTGAGT..AGGTCAATAA]
11:40:03.303 - INFO - CDS - seq=contig_54, start=219259, stop=220518, strand=+, nt=[ATGGTAGTAG..TCTTTTATGA]
11:40:03.303 - INFO - CDS - seq=contig_54, start=220515, stop=221000, strand=+, nt=[ATGATTTTAC..ATTAACATAG]
11:40:03.303 - INFO - CDS - seq=contig_54, start=221014, stop=221460, strand=+, nt=[ATGAAACAAT..GGAGGAATAA]
11:40:03.303 - INFO - CDS - seq=contig_54, start=221466, stop=221699, strand=+, nt=[ATGAAGGTAC..TGGAGGTTAA]
11:40:03.303 - INFO - CDS - seq=contig_54, start=221706, stop=222305, strand=+, nt=[ATGAAAGCAA..AAAATTGTAA]
11:40:03.303 - INFO - CDS - seq=contig_54, start=222325, stop=223347, strand=+, nt=[ATGGTAGAAC..TGGTGGTTAA]
11:40:03.303 - INFO - CDS - seq=contig_54, start=223924, stop=224274, strand=+, nt=[ATGAGTAATA..TACAAACTAA]
11:40:03.303 - INFO - CDS - seq=contig_54, start=224376, stop=225587, strand=-, nt=[ATGACTAATC..CATGAACTAA]
11:40:03.303 - INFO - CDS - seq=contig_54, start=225580, stop=226020, strand=-, nt=[ATGCTATCAC..CAATGACTAA]
11:40:03.303 - INFO - CDS - seq=contig_54, start=226182, stop=226946, strand=+, nt=[ATGATATTGA..ATTAGTATAA]
11:40:03.303 - INFO - CDS - seq=contig_54, start=226938, stop=227189, strand=-, nt=[ATGAGAACAA..TTTATACTAA]
11:40:03.304 - INFO - CDS - seq=contig_54, start=227578, stop=228843, strand=+, nt=[ATGGAAAAGA..ACGAAAATAG]
11:40:03.304 - INFO - CDS - seq=contig_54, start=228960, stop=232127, strand=+, nt=[GTGATAAAAA..TAAACGATAG]
11:40:03.304 - INFO - CDS - seq=contig_54, start=232311, stop=232628, strand=-, nt=[ATGCAATTTT..ATTATTCTAA]
11:40:03.304 - INFO - CDS - seq=contig_54, start=232873, stop=233037, strand=-, nt=[ATGTCTTTAG..GCAAGATTAA]
11:40:03.304 - INFO - CDS - seq=contig_54, start=233170, stop=234078, strand=+, nt=[GTGACAGAAC..GTTTGTCTAG]
11:40:03.304 - INFO - CDS - seq=contig_54, start=234479, stop=234682, strand=-, nt=[ATGGATAAAG..TGCAACATAA]
11:40:03.304 - INFO - CDS - seq=contig_54, start=234861, stop=235373, strand=+, nt=[ATGACATTAT..AAAACTTTAA]
11:40:03.304 - INFO - CDS - seq=contig_54, start=235715, stop=236455, strand=+, nt=[ATGATTAAAA..TTATTTATAA]
11:40:03.304 - INFO - CDS - seq=contig_54, start=236469, stop=237440, strand=+, nt=[ATGAAAAGGT..GCGTTCATGA]
11:40:03.305 - INFO - CDS - seq=contig_54, start=237437, stop=238198, strand=+, nt=[ATGACACGTC..TGGTGAATAA]
11:40:03.305 - INFO - CDS - seq=contig_54, start=238208, stop=239242, strand=+, nt=[ATGATGACTT..GAAGGGGTAA]
11:40:03.305 - INFO - CDS - seq=contig_54, start=239459, stop=239818, strand=+, nt=[GTGAATACTA..AATAGAATAA]
11:40:03.305 - INFO - CDS - seq=contig_54, start=239842, stop=241017, strand=+, nt=[GTGCTGTTTG..AGCTAAATAG]
11:40:03.305 - INFO - CDS - seq=contig_54, start=241403, stop=242653, strand=+, nt=[ATGAAACGCT..TACAAATTGA]
11:40:03.305 - INFO - CDS - seq=contig_54, start=243100, stop=250275, strand=+, nt=[ATGATTATGG..CAATAAGTAA]
11:40:03.305 - INFO - CDS - seq=contig_54, start=250288, stop=250932, strand=+, nt=[ATGACAGTAT..GAGTAGTTAA]
11:40:03.305 - INFO - CDS - seq=contig_54, start=251260, stop=251754, strand=-, nt=[TTGACGAAAC..ATTAAATTAA]
11:40:03.305 - INFO - CDS - seq=contig_54, start=252009, stop=252773, strand=-, nt=[ATGAAATTTA..TAATTCATAA]
11:40:03.305 - INFO - CDS - seq=contig_54, start=252789, stop=254030, strand=-, nt=[ATGAAACATC..TCGAACATAA]
11:40:03.305 - INFO - CDS - seq=contig_54, start=254042, stop=255076, strand=-, nt=[ATGATGATTA..TTATCCATAA]
11:40:03.305 - INFO - CDS - seq=contig_54, start=255112, stop=256296, strand=-, nt=[ATGAATTCAA..TAAAAATTAA]
11:40:03.306 - INFO - CDS - seq=contig_54, start=256555, stop=257904, strand=-, nt=[ATGAAGAAGA..AATTCCATAA]
11:40:03.306 - INFO - CDS - seq=contig_54, start=258183, stop=258740, strand=-, nt=[ATGATTAATT..ATTGAACTAA]
11:40:03.306 - INFO - CDS - seq=contig_54, start=258807, stop=260447, strand=-, nt=[ATGAAACAAC..AAATAAATAA]
11:40:03.306 - INFO - CDS - seq=contig_54, start=260720, stop=262765, strand=-, nt=[GTGAGGAAGA..AGCTAAATAA]
11:40:03.306 - INFO - CDS - seq=contig_54, start=263350, stop=264405, strand=+, nt=[TTGACAGGCT..TAAGAAGTGA]
11:40:03.306 - INFO - CDS - seq=contig_54, start=264405, stop=265301, strand=+, nt=[ATGGAAAATA..ACAACCTTAG]
11:40:03.306 - INFO - CDS - seq=contig_54, start=265313, stop=266767, strand=+, nt=[ATGACCAAAG..GGGTGATTAA]
11:40:03.306 - INFO - CDS - seq=contig_54, start=266767, stop=267645, strand=+, nt=[ATGATGACAA..TAAACATTAG]
11:40:03.306 - INFO - CDS - seq=contig_54, start=267839, stop=268120, strand=-, nt=[ATGGTGTTAA..CAGCATTTAA]
11:40:03.306 - INFO - CDS - seq=contig_54, start=268333, stop=271122, strand=+, nt=[ATGGCATACC..CGGTGTGTAA]
11:40:03.306 - INFO - CDS - seq=contig_54, start=271269, stop=271868, strand=-, nt=[ATGTCATTAT..CATTCAGTGA]
11:40:03.306 - INFO - CDS - seq=contig_54, start=271994, stop=273106, strand=+, nt=[TTGAGGCGTA..TTCGTCATGA]
11:40:03.307 - INFO - CDS - seq=contig_54, start=273103, stop=273783, strand=+, nt=[ATGATAGAAT..GATTAAATGA]
11:40:03.307 - INFO - CDS - seq=contig_54, start=273780, stop=274958, strand=+, nt=[ATGAGGAAAG..TATAAAATAG]
11:40:03.307 - INFO - CDS - seq=contig_54, start=275165, stop=275386, strand=+, nt=[ATGCTAAAAT..TGCTTGGTAA]
11:40:03.307 - INFO - CDS - seq=contig_54, start=275424, stop=277142, strand=+, nt=[TTGGGAAAGC..ATATTTATAG]
11:40:03.307 - INFO - CDS - seq=contig_54, start=277201, stop=277644, strand=+, nt=[TTGGGATGCT..CATAAATTAA]
11:40:03.308 - INFO - CDS - seq=contig_54, start=277656, stop=278378, strand=+, nt=[ATGCTAGTTT..AGAAAAATGA]
11:40:03.308 - INFO - CDS - seq=contig_54, start=278365, stop=278553, strand=+, nt=[ATGAAGAAAA..TGAAAAATAA]
11:40:03.308 - INFO - CDS - seq=contig_54, start=278582, stop=278740, strand=+, nt=[ATGACTCAAA..ACCACAATAA]
11:40:03.308 - INFO - CDS - seq=contig_54, start=279250, stop=280842, strand=-, nt=[ATGTCAAATT..TGCTAAATAA]
11:40:03.308 - INFO - CDS - seq=contig_54, start=280844, stop=282277, strand=+, nt=[ATGTTGTGCC..AAGGAAGTGA]
11:40:03.308 - INFO - CDS - seq=contig_54, start=282283, stop=283446, strand=+, nt=[ATGGTAAAAC..AATTCATTAA]
11:40:03.308 - INFO - CDS - seq=contig_54, start=283463, stop=285238, strand=+, nt=[GTGAAGAAAA..TAATCAATAA]
11:40:03.308 - INFO - CDS - seq=contig_54, start=285276, stop=287282, strand=+, nt=[ATGGTCATTA..CACAAGATAA]
11:40:03.308 - INFO - CDS - seq=contig_54, start=287595, stop=288368, strand=-, nt=[ATGAAAGCAC..TGAACATTAA]
11:40:03.308 - INFO - CDS - seq=contig_54, start=288557, stop=289183, strand=-, nt=[ATGGCAAAAG..AACTTTTTAA]
11:40:03.308 - INFO - CDS - seq=contig_54, start=289392, stop=289970, strand=+, nt=[ATGACAAAGC..TGATTTGTAG]
11:40:03.308 - INFO - CDS - seq=contig_54, start=290354, stop=291451, strand=+, nt=[ATGGCAGAAC..TATCGTCTAA]
11:40:03.309 - INFO - CDS - seq=contig_54, start=291464, stop=292735, strand=+, nt=[ATGTCTAAAA..AGGAGATTAG]
11:40:03.309 - INFO - CDS - seq=contig_54, start=292738, stop=294006, strand=+, nt=[ATGACGAAAC..AGGTTTATAA]
11:40:03.309 - INFO - CDS - seq=contig_54, start=294008, stop=294847, strand=+, nt=[ATGACAAAGA..AAAAGGTTAG]
11:40:03.309 - INFO - CDS - seq=contig_54, start=294921, stop=295997, strand=+, nt=[ATGACGATTA..CTTTGAATAA]
11:40:03.309 - INFO - CDS - seq=contig_54, start=296022, stop=297062, strand=+, nt=[ATGACAAAAT..ACAACTTTAA]
11:40:03.309 - INFO - CDS - seq=contig_54, start=297117, stop=298085, strand=+, nt=[ATGAAAATAG..GTGGGCATAA]
11:40:03.309 - INFO - CDS - seq=contig_54, start=298446, stop=298940, strand=-, nt=[ATGATTCTAT..GAATATTTAA]
11:40:03.309 - INFO - CDS - seq=contig_54, start=299173, stop=300552, strand=+, nt=[ATGAACTTTT..AAAAATTTAA]
11:40:03.309 - INFO - CDS - seq=contig_54, start=300911, stop=301669, strand=-, nt=[ATGTTTAAGG..AGCTAAATAG]
11:40:03.309 - INFO - CDS - seq=contig_54, start=301662, stop=302429, strand=-, nt=[ATGCCAAAAA..AGATGTTTAA]
11:40:03.309 - INFO - CDS - seq=contig_54, start=302377, stop=303219, strand=-, nt=[ATGACGGCAT..ACAACAGTGA]
11:40:03.310 - INFO - CDS - seq=contig_54, start=303216, stop=304184, strand=-, nt=[ATGAAATCAA..GATTCAATGA]
11:40:03.310 - INFO - CDS - seq=contig_54, start=304772, stop=307021, strand=+, nt=[ATGTTAGAAA..AAGTATGTAA]
11:40:03.310 - INFO - CDS - seq=contig_54, start=307044, stop=307799, strand=+, nt=[ATGCTTAAGG..TGAATTATAA]
11:40:03.310 - INFO - CDS - seq=contig_54, start=308121, stop=309884, strand=+, nt=[ATGAAGAGAA..GTTTGAATAA]
11:40:03.310 - INFO - CDS - seq=contig_54, start=310048, stop=310392, strand=-, nt=[ATGACAACAC..AAACAATTAA]
11:40:03.310 - INFO - CDS - seq=contig_54, start=310582, stop=312231, strand=+, nt=[ATGAAAAAGC..CCCGACATAA]
11:40:03.310 - INFO - CDS - seq=contig_54, start=312983, stop=314167, strand=-, nt=[ATGCAAGAAG..TGTGCGTTAG]
11:40:03.310 - INFO - CDS - seq=contig_54, start=314197, stop=316458, strand=-, nt=[ATGACAATTA..ACGTAATTAA]
11:40:03.310 - INFO - CDS - seq=contig_54, start=316644, stop=317855, strand=-, nt=[ATGACATTTG..TTTCGTATAA]
11:40:03.310 - INFO - CDS - seq=contig_54, start=317967, stop=319472, strand=-, nt=[ATGAATTTCG..AACACTTTAA]
11:40:03.310 - INFO - CDS - seq=contig_54, start=319498, stop=321060, strand=-, nt=[TTGAAACAAA..TAAAGTATGA]
11:40:03.310 - INFO - CDS - seq=contig_54, start=321429, stop=322658, strand=+, nt=[ATGGAAGGTC..AGACGAATAA]
11:40:03.311 - INFO - CDS - seq=contig_54, start=322972, stop=324447, strand=-, nt=[ATGAAGTTTA..TGAACGATAA]
11:40:03.311 - INFO - CDS - seq=contig_54, start=324645, stop=325001, strand=-, nt=[ATGACCGTAG..CAATACTTAG]
11:40:03.311 - INFO - CDS - seq=contig_54, start=325158, stop=325331, strand=-, nt=[ATGAAACTTA..AAATAAATGA]
11:40:03.311 - INFO - CDS - seq=contig_54, start=325357, stop=326502, strand=-, nt=[ATGCTTACAG..TGCAGTATAA]
11:40:03.311 - INFO - CDS - seq=contig_54, start=327075, stop=328028, strand=+, nt=[ATGAACAAAT..ACTTAAATAA]
11:40:03.311 - INFO - CDS - seq=contig_54, start=328348, stop=329877, strand=-, nt=[ATGAAATCTT..CGGGGATTAA]
11:40:03.311 - INFO - CDS - seq=contig_54, start=330239, stop=331174, strand=+, nt=[ATGAAAAGAA..ATACGAATAA]
11:40:03.311 - INFO - CDS - seq=contig_54, start=331512, stop=333608, strand=+, nt=[ATGAACGGGG..CAGCAATTAG]
11:40:03.311 - INFO - CDS - seq=contig_54, start=333593, stop=334060, strand=+, nt=[ATGGGACAGC..ATATAACTAA]
11:40:03.311 - INFO - CDS - seq=contig_54, start=334083, stop=334361, strand=+, nt=[ATGAAACAAG..ACAAAAATAA]
11:40:03.311 - INFO - CDS - seq=contig_54, start=334588, stop=335847, strand=+, nt=[ATGAGTTACT..ATTCAATTAA]
11:40:03.311 - INFO - CDS - seq=contig_54, start=335865, stop=336920, strand=+, nt=[GTGAAAGCTT..AGAGAATTAA]
11:40:03.311 - INFO - CDS - seq=contig_54, start=336922, stop=337068, strand=+, nt=[ATGGTAGAAT..TGTGAATTAA]
11:40:03.311 - INFO - CDS - seq=contig_54, start=337092, stop=338135, strand=+, nt=[GTGAAAGCAT..GATTTATTAG]
11:40:03.312 - INFO - CDS - seq=contig_54, start=338663, stop=339379, strand=+, nt=[ATGATTTATG..CGATGATTAA]
11:40:03.312 - INFO - CDS - seq=contig_54, start=339372, stop=340397, strand=+, nt=[ATGATTAATC..GACGATTTAA]
11:40:03.312 - INFO - CDS - seq=contig_54, start=340419, stop=342113, strand=+, nt=[ATGACAAAAA..TAGACGCTAA]
11:40:03.312 - INFO - CDS - seq=contig_54, start=342541, stop=343710, strand=+, nt=[ATGATTAAAA..TTTTAAGTGA]
11:40:03.312 - INFO - CDS - seq=contig_54, start=343986, stop=344702, strand=+, nt=[ATGAAATACG..CGATGATTAA]
11:40:03.312 - INFO - CDS - seq=contig_54, start=344695, stop=345720, strand=+, nt=[ATGATTAATC..GATTATGTAA]
11:40:03.312 - INFO - CDS - seq=contig_54, start=345742, stop=347430, strand=+, nt=[TTGGTTAAAA..TGGTAGCTAA]
11:40:03.312 - INFO - CDS - seq=contig_54, start=347463, stop=349184, strand=+, nt=[ATGATGAAAT..GCTAAAATAA]
11:40:03.312 - INFO - CDS - seq=contig_54, start=349328, stop=350002, strand=+, nt=[ATGATAAATA..AGTATCATAA]
11:40:03.312 - INFO - CDS - seq=contig_54, start=350247, stop=352001, strand=+, nt=[GTGCTATCGC..GGAGGAATAA]
11:40:03.312 - INFO - CDS - seq=contig_54, start=352004, stop=352744, strand=+, nt=[ATGAAAGCAT..ATTACTTTAA]
11:40:03.312 - INFO - CDS - seq=contig_54, start=352863, stop=353300, strand=+, nt=[GTGAAACAAC..TCATGATTAA]
11:40:03.313 - INFO - CDS - seq=contig_54, start=353293, stop=353994, strand=+, nt=[ATGATTAACC..ATTCTTCTAA]
11:40:03.313 - INFO - CDS - seq=contig_54, start=354102, stop=354806, strand=-, nt=[TTGTTAAAGT..TAAAAAGTAA]
11:40:03.313 - INFO - CDS - seq=contig_54, start=354955, stop=355746, strand=+, nt=[ATGAGCAATA..TAAAAACTAG]
11:40:03.313 - INFO - CDS - seq=contig_54, start=355762, stop=357198, strand=+, nt=[ATGACAAAAT..TAAATTATAA]
11:40:03.314 - INFO - CDS - seq=contig_54, start=357685, stop=358446, strand=-, nt=[ATGTCTAAAG..AGAGGACTAA]
11:40:03.314 - INFO - CDS - seq=contig_54, start=358697, stop=359611, strand=-, nt=[ATGACCAACA..TCAAGTTTAA]
11:40:03.314 - INFO - CDS - seq=contig_54, start=359639, stop=360043, strand=-, nt=[ATGAAAAAAT..TACTTTTTAA]
11:40:03.314 - INFO - CDS - seq=contig_54, start=360058, stop=360939, strand=-, nt=[ATGAGCATTG..TATAAAATAA]
11:40:03.314 - INFO - CDS - seq=contig_54, start=361171, stop=362169, strand=-, nt=[ATGAAAAAAG..TTCAAACTAA]
11:40:03.314 - INFO - CDS - seq=contig_54, start=362549, stop=362941, strand=+, nt=[ATGCAATTCA..TTTTGTCTAA]
11:40:03.314 - INFO - CDS - seq=contig_54, start=363069, stop=364445, strand=-, nt=[GTGAATAACA..TAAATCTTAA]
11:40:03.315 - INFO - CDS - seq=contig_54, start=364679, stop=365671, strand=+, nt=[ATGTGCACAG..CAATCAATAG]
11:40:03.315 - INFO - CDS - seq=contig_54, start=365997, stop=366947, strand=+, nt=[ATGAAAAAAT..AAGTAGATAA]
11:40:03.315 - INFO - CDS - seq=contig_54, start=366999, stop=367658, strand=-, nt=[ATGATAGAAA..CTATTATTAA]
11:40:03.315 - INFO - CDS - seq=contig_54, start=367672, stop=368592, strand=-, nt=[ATGAAGCCTT..TTTCATGTAA]
11:40:03.315 - INFO - CDS - seq=contig_54, start=368589, stop=369755, strand=-, nt=[ATGAAAACAA..TCGTCAATGA]
11:40:03.315 - INFO - CDS - seq=contig_54, start=369823, stop=371346, strand=-, nt=[ATGTCTAAAA..ATCTAAATAA]
11:40:03.315 - INFO - CDS - seq=contig_54, start=371677, stop=372579, strand=-, nt=[ATGGTTATTA..CATCCATTAA]
11:40:03.315 - INFO - CDS - seq=contig_54, start=372818, stop=373111, strand=+, nt=[ATGGCAATGA..TTTGCAATAA]
11:40:03.315 - INFO - CDS - seq=contig_54, start=373194, stop=376223, strand=+, nt=[ATGAAAAAGA..ATTAATCTAA]
11:40:03.315 - INFO - CDS - seq=contig_54, start=376223, stop=376681, strand=+, nt=[ATGTTGATGA..TAACATTTGA]
11:40:03.316 - INFO - CDS - seq=contig_54, start=376653, stop=376895, strand=+, nt=[ATGAATCAGC..GTTACTATAG]
11:40:03.316 - INFO - CDS - seq=contig_54, start=376908, stop=378242, strand=+, nt=[ATGGTTAAAA..AAAAAAATAG]
11:40:03.316 - INFO - CDS - seq=contig_54, start=378264, stop=382703, strand=+, nt=[ATGCATAAAT..GTTTAAATAG]
11:40:03.316 - INFO - CDS - seq=contig_54, start=382733, stop=383125, strand=+, nt=[ATGAATTTTA..AATGAATTAA]
11:40:03.316 - INFO - CDS - seq=contig_54, start=383141, stop=383455, strand=+, nt=[ATGGGTGGAT..GAACCCATGA]
11:40:03.316 - INFO - CDS - seq=contig_54, start=383452, stop=384129, strand=+, nt=[ATGATGAAAG..AGAGGAGTAA]
11:40:03.316 - INFO - CDS - seq=contig_54, start=384135, stop=384446, strand=+, nt=[TTGAGTGGAA..TGAGGGATAG]
11:40:03.316 - INFO - CDS - seq=contig_54, start=384447, stop=386300, strand=+, nt=[GTGCATGACA..AAATAAGTAG]
11:40:03.316 - INFO - CDS - seq=contig_55, start=205, stop=588, strand=-, frame=1, truncated=no, start-type=TTG, RBS-motif=GGA/GAG/AGG
11:40:03.317 - INFO - CDS - seq=contig_55, start=730, stop=1635, strand=-, frame=1, truncated=no, start-type=ATG, RBS-motif=AGGAGG
11:40:03.317 - INFO - CDS - seq=contig_55, start=1719, stop=3038, strand=-, frame=2, truncated=no, start-type=TTG, RBS-motif=AGGAGG
11:40:03.317 - INFO - CDS - seq=contig_55, start=3065, stop=3892, strand=-, frame=3, truncated=no, start-type=ATG, RBS-motif=GGAG/GAGG
11:40:03.317 - INFO - CDS - seq=contig_55, start=3905, stop=4753, strand=-, frame=3, truncated=no, start-type=ATG, RBS-motif=None
11:40:03.317 - INFO - CDS - seq=contig_55, start=5009, stop=6076, strand=-, frame=3, truncated=no, start-type=ATG, RBS-motif=AGGAG
11:40:03.317 - INFO - CDS - seq=contig_55, start=6090, stop=7130, strand=-, frame=2, truncated=no, start-type=GTG, RBS-motif=AGGAG
11:40:03.317 - INFO - CDS - seq=contig_55, start=7495, stop=7809, strand=+, frame=1, truncated=no, start-type=ATG, RBS-motif=AGxAGG/AGGxGG
11:40:03.317 - INFO - CDS - seq=contig_55, start=8141, stop=9538, strand=-, frame=3, truncated=no, start-type=ATG, RBS-motif=AGGAG
11:40:03.317 - INFO - CDS - seq=contig_55, start=9689, stop=10153, strand=-, frame=3, truncated=no, start-type=ATG, RBS-motif=AGGAG
11:40:03.318 - INFO - CDS - seq=contig_55, start=10143, stop=11384, strand=-, frame=2, truncated=no, start-type=GTG, RBS-motif=GGA/GAG/AGG
11:40:03.318 - INFO - CDS - seq=contig_55, start=11499, stop=12806, strand=-, frame=2, truncated=no, start-type=ATG, RBS-motif=AGGAGG
11:40:03.318 - INFO - CDS - seq=contig_55, start=12904, stop=13665, strand=-, frame=1, truncated=no, start-type=ATG, RBS-motif=GGAGG
11:40:03.318 - INFO - CDS - seq=contig_55, start=13993, stop=14844, strand=+, frame=1, truncated=no, start-type=ATG, RBS-motif=AGGAG
11:40:03.318 - INFO - CDS - seq=contig_55, start=15078, stop=15272, strand=-, frame=2, truncated=no, start-type=ATG, RBS-motif=AGGAGG
11:40:03.318 - INFO - CDS - seq=contig_55, start=15626, stop=16447, strand=-, frame=3, truncated=no, start-type=ATG, RBS-motif=GGxGG
11:40:03.318 - INFO - CDS - seq=contig_55, start=16466, stop=17161, strand=-, frame=3, truncated=no, start-type=ATG, RBS-motif=GGAGG
11:40:03.318 - INFO - CDS - seq=contig_55, start=17154, stop=18179, strand=-, frame=2, truncated=no, start-type=GTG, RBS-motif=GGAGG
11:40:03.318 - INFO - CDS - seq=contig_55, start=18429, stop=18725, strand=-, frame=2, truncated=no, start-type=ATG, RBS-motif=3Base/5BMM
11:40:03.318 - INFO - CDS - seq=contig_55, start=18718, stop=19107, strand=-, frame=1, truncated=no, start-type=ATG, RBS-motif=GGA/GAG/AGG
11:40:03.319 - INFO - CDS - seq=contig_55, start=19901, stop=20779, strand=-, frame=3, truncated=no, start-type=ATG, RBS-motif=GGxGG
11:40:03.319 - INFO - CDS - seq=contig_55, start=20781, stop=20894, strand=-, frame=2, truncated=no, start-type=ATG, RBS-motif=GGA/GAG/AGG
11:40:03.319 - INFO - CDS - seq=contig_55, start=20958, stop=21338, strand=-, frame=2, truncated=no, start-type=TTG, RBS-motif=AGGAGG
11:40:03.319 - INFO - CDS - seq=contig_55, start=21496, stop=21852, strand=-, frame=1, truncated=no, start-type=ATG, RBS-motif=AGGAGG
11:40:03.319 - INFO - CDS - seq=contig_55, start=21996, stop=22316, strand=+, frame=3, truncated=no, start-type=ATG, RBS-motif=AGGAG
11:40:03.319 - INFO - CDS - seq=contig_55, start=22467, stop=23006, strand=-, frame=2, truncated=no, start-type=ATG, RBS-motif=AGGAG
11:40:03.320 - INFO - CDS - seq=contig_55, start=23089, stop=23805, strand=-, frame=1, truncated=no, start-type=ATG, RBS-motif=GGAG/GAGG
11:40:03.320 - INFO - CDS - seq=contig_55, start=23953, stop=24375, strand=+, frame=1, truncated=no, start-type=ATG, RBS-motif=AGGAGG
11:40:03.320 - INFO - CDS - seq=contig_55, start=24774, stop=25268, strand=+, frame=3, truncated=no, start-type=ATG, RBS-motif=AGGAGG
11:40:03.320 - INFO - CDS - seq=contig_55, start=25423, stop=25743, strand=+, frame=1, truncated=no, start-type=ATG, RBS-motif=3Base/5BMM
11:40:03.320 - INFO - CDS - seq=contig_55, start=25740, stop=26039, strand=+, frame=3, truncated=no, start-type=ATG, RBS-motif=None
11:40:03.321 - INFO - CDS - seq=contig_55, start=26112, stop=26693, strand=-, frame=2, truncated=no, start-type=TTG, RBS-motif=GGAG/GAGG
11:40:03.321 - INFO - CDS - seq=contig_55, start=26920, stop=27156, strand=+, frame=1, truncated=no, start-type=ATG, RBS-motif=AGGAG
11:40:03.321 - INFO - CDS - seq=contig_55, start=27153, stop=27356, strand=-, frame=2, truncated=no, start-type=ATG, RBS-motif=AGxAGG/AGGxGG
11:40:03.321 - INFO - CDS - seq=contig_55, start=27697, stop=27957, strand=+, frame=1, truncated=no, start-type=ATG, RBS-motif=AGxAGG/AGGxGG
11:40:03.321 - INFO - CDS - seq=contig_55, start=27986, stop=28174, strand=+, frame=2, truncated=no, start-type=ATG, RBS-motif=AGGAGG
11:40:03.321 - INFO - CDS - seq=contig_55, start=28362, stop=28931, strand=+, frame=3, truncated=no, start-type=GTG, RBS-motif=AGGAG
11:40:03.321 - INFO - CDS - seq=contig_55, start=29019, stop=29303, strand=+, frame=3, truncated=no, start-type=TTG, RBS-motif=AGGAGG
11:40:03.321 - INFO - CDS - seq=contig_55, start=29365, stop=29583, strand=+, frame=1, truncated=no, start-type=ATG, RBS-motif=AGGAG/GGAGG
11:40:03.321 - INFO - CDS - seq=contig_55, start=30075, stop=30275, strand=-, frame=2, truncated=no, start-type=ATG, RBS-motif=GGAGG
11:40:03.322 - INFO - CDS - seq=contig_55, start=30632, stop=31318, strand=-, frame=3, truncated=no, start-type=ATG, RBS-motif=GGAG/GAGG
11:40:03.322 - INFO - CDS - seq=contig_55, start=31659, stop=32180, strand=-, frame=2, truncated=no, start-type=ATG, RBS-motif=GGAG/GAGG
11:40:03.322 - INFO - CDS - seq=contig_55, start=32515, stop=33537, strand=-, frame=1, truncated=no, start-type=ATG, RBS-motif=AGGAG
11:40:03.322 - INFO - CDS - seq=contig_55, start=33890, stop=35392, strand=-, frame=3, truncated=no, start-type=TTG, RBS-motif=AGGAG
11:40:03.322 - INFO - CDS - seq=contig_55, start=205, stop=588, strand=-, nt=[TTGATAAAAG..TGAACATTAA]
11:40:03.322 - INFO - CDS - seq=contig_55, start=730, stop=1635, strand=-, nt=[ATGGCGACAA..TGAGGCATAG]
11:40:03.322 - INFO - CDS - seq=contig_55, start=1719, stop=3038, strand=-, nt=[TTGAGGCTTA..GGAATATTAA]
11:40:03.322 - INFO - CDS - seq=contig_55, start=3065, stop=3892, strand=-, nt=[ATGTTATTAA..GTTGATTTAA]
11:40:03.322 - INFO - CDS - seq=contig_55, start=3905, stop=4753, strand=-, nt=[ATGATAAACA..ATTATTTTAA]
11:40:03.323 - INFO - CDS - seq=contig_55, start=5009, stop=6076, strand=-, nt=[ATGTGGAATA..ATATAAATAA]
11:40:03.323 - INFO - CDS - seq=contig_55, start=6090, stop=7130, strand=-, nt=[GTGATCATTG..ATCTATATAA]
11:40:03.323 - INFO - CDS - seq=contig_55, start=7495, stop=7809, strand=+, nt=[ATGTATTTTG..CTTATTTTAA]
11:40:03.323 - INFO - CDS - seq=contig_55, start=8141, stop=9538, strand=-, nt=[ATGGCTAAAA..TATTGGATAG]
11:40:03.323 - INFO - CDS - seq=contig_55, start=9689, stop=10153, strand=-, nt=[ATGAATTTTA..AGAAGAATAG]
11:40:03.323 - INFO - CDS - seq=contig_55, start=10143, stop=11384, strand=-, nt=[GTGGCCGAAC..TGAATTTTAA]
11:40:03.323 - INFO - CDS - seq=contig_55, start=11499, stop=12806, strand=-, nt=[ATGACAACTG..TTCTAAATAA]
11:40:03.323 - INFO - CDS - seq=contig_55, start=12904, stop=13665, strand=-, nt=[ATGGCATCAA..AGCTGAATAA]
11:40:03.323 - INFO - CDS - seq=contig_55, start=13993, stop=14844, strand=+, nt=[ATGCAACAAT..AAATGAATAA]
11:40:03.323 - INFO - CDS - seq=contig_55, start=15078, stop=15272, strand=-, nt=[ATGGCAGACG..AGGCGAGTAA]
11:40:03.323 - INFO - CDS - seq=contig_55, start=15626, stop=16447, strand=-, nt=[ATGAAAAAAT..TGCTAAATAA]
11:40:03.324 - INFO - CDS - seq=contig_55, start=16466, stop=17161, strand=-, nt=[ATGGGTAAAT..TAAACGATAA]
11:40:03.324 - INFO - CDS - seq=contig_55, start=17154, stop=18179, strand=-, nt=[GTGATTGAAT..ACATGGGTAA]
11:40:03.324 - INFO - CDS - seq=contig_55, start=18429, stop=18725, strand=-, nt=[ATGAATAATT..TTTAAAATAG]
11:40:03.324 - INFO - CDS - seq=contig_55, start=18718, stop=19107, strand=-, nt=[ATGATGGCTA..AAATGAATAA]
11:40:03.324 - INFO - CDS - seq=contig_55, start=19901, stop=20779, strand=-, nt=[ATGCTAAACA..TTGCAGCTAA]
11:40:03.324 - INFO - CDS - seq=contig_55, start=20781, stop=20894, strand=-, nt=[ATGAAAGAAA..GGGAAGTTAA]
11:40:03.324 - INFO - CDS - seq=contig_55, start=20958, stop=21338, strand=-, nt=[TTGGCAGTAC..TGGTGAATAA]
11:40:03.324 - INFO - CDS - seq=contig_55, start=21496, stop=21852, strand=-, nt=[ATGATTAAAT..GTTAGCGTAA]
11:40:03.325 - INFO - CDS - seq=contig_55, start=21996, stop=22316, strand=+, nt=[ATGCAAGCAA..TTTTAAATAA]
11:40:03.325 - INFO - CDS - seq=contig_55, start=22467, stop=23006, strand=-, nt=[ATGGAATTAC..ATTATATTAA]
11:40:03.325 - INFO - CDS - seq=contig_55, start=23089, stop=23805, strand=-, nt=[ATGACACATG..TTTATACTAA]
11:40:03.325 - INFO - CDS - seq=contig_55, start=23953, stop=24375, strand=+, nt=[ATGGCAATAC..TGTAGATTAG]
11:40:03.325 - INFO - CDS - seq=contig_55, start=24774, stop=25268, strand=+, nt=[ATGATTGAAA..TAATAAGTAA]
11:40:03.325 - INFO - CDS - seq=contig_55, start=25423, stop=25743, strand=+, nt=[ATGGTAACCG..TCTCCAATGA]
11:40:03.325 - INFO - CDS - seq=contig_55, start=25740, stop=26039, strand=+, nt=[ATGAAACAAG..ATTATTCTAA]
11:40:03.325 - INFO - CDS - seq=contig_55, start=26112, stop=26693, strand=-, nt=[TTGGCTAAAA..AAATTTATAA]
11:40:03.326 - INFO - CDS - seq=contig_55, start=26920, stop=27156, strand=+, nt=[ATGGATCATC..CTCAAATTAA]
11:40:03.326 - INFO - CDS - seq=contig_55, start=27153, stop=27356, strand=-, nt=[ATGACGTTTT..GGCAAATTAA]
11:40:03.326 - INFO - CDS - seq=contig_55, start=27697, stop=27957, strand=+, nt=[ATGAATAACA..TATAGGTTAA]
11:40:03.326 - INFO - CDS - seq=contig_55, start=27986, stop=28174, strand=+, nt=[ATGTCTTTAC..TGTGCTATAA]
11:40:03.327 - INFO - CDS - seq=contig_55, start=28362, stop=28931, strand=+, nt=[GTGAACTATA..AGCTTATTAA]
11:40:03.327 - INFO - CDS - seq=contig_55, start=29019, stop=29303, strand=+, nt=[TTGAATGAAC..TTTTGGTTGA]
11:40:03.327 - INFO - CDS - seq=contig_55, start=29365, stop=29583, strand=+, nt=[ATGAGTGAAT..TGTAAATTAA]
11:40:03.327 - INFO - CDS - seq=contig_55, start=30075, stop=30275, strand=-, nt=[ATGAATAACG..TAAAATGTAA]
11:40:03.327 - INFO - CDS - seq=contig_55, start=30632, stop=31318, strand=-, nt=[ATGACAGAAT..AGGTCAATAA]
11:40:03.327 - INFO - CDS - seq=contig_55, start=31659, stop=32180, strand=-, nt=[ATGAAAAGGA..AAAACGCTAA]
11:40:03.327 - INFO - CDS - seq=contig_55, start=32515, stop=33537, strand=-, nt=[ATGAAAAAGA..ACGAGTATAA]
11:40:03.327 - INFO - CDS - seq=contig_55, start=33890, stop=35392, strand=-, nt=[TTGAAAAATA..TGGCAAATAA]
11:40:03.328 - INFO - CDS - seq=contig_57, start=223, stop=1182, strand=-, frame=2, truncated=no, start-type=ATG, RBS-motif=AGxAGG/AGGxGG
11:40:03.328 - INFO - CDS - seq=contig_57, start=1985, stop=2182, strand=+, frame=2, truncated=no, start-type=ATG, RBS-motif=GGA/GAG/AGG
11:40:03.328 - INFO - CDS - seq=contig_57, start=2672, stop=3388, strand=-, frame=1, truncated=no, start-type=ATG, RBS-motif=AGGAG
11:40:03.328 - INFO - CDS - seq=contig_57, start=3496, stop=4221, strand=-, frame=2, truncated=no, start-type=ATG, RBS-motif=AGGAG
11:40:03.328 - INFO - CDS - seq=contig_57, start=4316, stop=5041, strand=-, frame=1, truncated=no, start-type=ATG, RBS-motif=AGGAG
11:40:03.328 - INFO - CDS - seq=contig_57, start=5479, stop=6480, strand=+, frame=1, truncated=no, start-type=ATG, RBS-motif=AGGAG
11:40:03.328 - INFO - CDS - seq=contig_57, start=6500, stop=7435, strand=+, frame=2, truncated=no, start-type=ATG, RBS-motif=AGGA
11:40:03.328 - INFO - CDS - seq=contig_57, start=7607, stop=9163, strand=+, frame=2, truncated=no, start-type=GTG, RBS-motif=AGGAG
11:40:03.329 - INFO - CDS - seq=contig_57, start=9470, stop=9697, strand=+, frame=2, truncated=no, start-type=ATG, RBS-motif=AGGA
11:40:03.329 - INFO - CDS - seq=contig_57, start=10003, stop=10950, strand=-, frame=2, truncated=no, start-type=ATG, RBS-motif=GGA/GAG/AGG
11:40:03.329 - INFO - CDS - seq=contig_57, start=11199, stop=11387, strand=+, frame=3, truncated=no, start-type=ATG, RBS-motif=AGxAGG/AGGxGG
11:40:03.329 - INFO - CDS - seq=contig_57, start=12292, stop=12426, strand=+, frame=1, truncated=no, start-type=ATG, RBS-motif=AGGAG
11:40:03.329 - INFO - CDS - seq=contig_57, start=12483, stop=12617, strand=+, frame=3, truncated=no, start-type=ATG, RBS-motif=GGAG/GAGG
11:40:03.329 - INFO - CDS - seq=contig_57, start=12750, stop=13436, strand=+, frame=3, truncated=no, start-type=TTG, RBS-motif=AGGAG
11:40:03.329 - INFO - CDS - seq=contig_57, start=13545, stop=13985, strand=-, frame=3, truncated=no, start-type=ATG, RBS-motif=GGA/GAG/AGG
11:40:03.330 - INFO - CDS - seq=contig_57, start=14180, stop=15793, strand=+, frame=2, truncated=no, start-type=ATG, RBS-motif=AGGAG
11:40:03.330 - INFO - CDS - seq=contig_57, start=15937, stop=16368, strand=+, frame=1, truncated=no, start-type=ATG, RBS-motif=GGAG/GAGG
11:40:03.330 - INFO - CDS - seq=contig_57, start=16384, stop=17319, strand=+, frame=1, truncated=no, start-type=GTG, RBS-motif=GGAGG
11:40:03.330 - INFO - CDS - seq=contig_57, start=17333, stop=17734, strand=+, frame=2, truncated=no, start-type=ATG, RBS-motif=AGGAG
11:40:03.330 - INFO - CDS - seq=contig_57, start=17715, stop=19949, strand=+, frame=3, truncated=no, start-type=ATG, RBS-motif=GGA/GAG/AGG
11:40:03.330 - INFO - CDS - seq=contig_57, start=20241, stop=21206, strand=+, frame=3, truncated=no, start-type=ATG, RBS-motif=AGGAG
11:40:03.330 - INFO - CDS - seq=contig_57, start=21208, stop=22557, strand=+, frame=1, truncated=no, start-type=ATG, RBS-motif=GGAG/GAGG
11:40:03.330 - INFO - CDS - seq=contig_57, start=22573, stop=23892, strand=+, frame=1, truncated=no, start-type=ATG, RBS-motif=GGA/GAG/AGG
11:40:03.330 - INFO - CDS - seq=contig_57, start=23998, stop=25410, strand=+, frame=1, truncated=no, start-type=ATG, RBS-motif=AGGAGG
11:40:03.330 - INFO - CDS - seq=contig_57, start=25443, stop=26615, strand=+, frame=3, truncated=no, start-type=ATG, RBS-motif=AGGAGG
11:40:03.331 - INFO - CDS - seq=contig_57, start=26875, stop=27666, strand=+, frame=1, truncated=no, start-type=GTG, RBS-motif=None
11:40:03.331 - INFO - CDS - seq=contig_57, start=27690, stop=28358, strand=+, frame=3, truncated=no, start-type=GTG, RBS-motif=AGGAG/GGAGG
11:40:03.331 - INFO - CDS - seq=contig_57, start=28355, stop=28918, strand=+, frame=2, truncated=no, start-type=GTG, RBS-motif=AGGAG
11:40:03.331 - INFO - CDS - seq=contig_57, start=28930, stop=29220, strand=+, frame=1, truncated=no, start-type=ATG, RBS-motif=AGGAG
11:40:03.331 - INFO - CDS - seq=contig_57, start=29303, stop=30109, strand=+, frame=2, truncated=no, start-type=ATG, RBS-motif=GGA/GAG/AGG
11:40:03.331 - INFO - CDS - seq=contig_57, start=30133, stop=30750, strand=+, frame=1, truncated=no, start-type=ATG, RBS-motif=AGGAGG
11:40:03.331 - INFO - CDS - seq=contig_57, start=30971, stop=33724, strand=+, frame=2, truncated=no, start-type=ATG, RBS-motif=AGGAG
11:40:03.331 - INFO - CDS - seq=contig_57, start=34015, stop=34812, strand=+, frame=1, truncated=no, start-type=ATG, RBS-motif=AGGAG
11:40:03.331 - INFO - CDS - seq=contig_57, start=34873, stop=35583, strand=-, frame=2, truncated=no, start-type=ATG, RBS-motif=None
11:40:03.332 - INFO - CDS - seq=contig_57, start=36022, stop=36276, strand=-, frame=2, truncated=no, start-type=ATG, RBS-motif=None
11:40:03.332 - INFO - CDS - seq=contig_57, start=36911, stop=37402, strand=+, frame=2, truncated=no, start-type=ATG, RBS-motif=GGAGG
11:40:03.332 - INFO - CDS - seq=contig_57, start=37402, stop=38319, strand=+, frame=1, truncated=no, start-type=ATG, RBS-motif=AGGAGG
11:40:03.333 - INFO - CDS - seq=contig_57, start=38719, stop=39246, strand=+, frame=1, truncated=no, start-type=ATG, RBS-motif=GGA/GAG/AGG
11:40:03.333 - INFO - CDS - seq=contig_57, start=39464, stop=40771, strand=+, frame=2, truncated=no, start-type=ATG, RBS-motif=AGGAG/GGAGG
11:40:03.333 - INFO - CDS - seq=contig_57, start=40799, stop=41680, strand=+, frame=2, truncated=no, start-type=ATG, RBS-motif=AGGAGG
11:40:03.333 - INFO - CDS - seq=contig_57, start=41695, stop=42972, strand=+, frame=1, truncated=no, start-type=ATG, RBS-motif=GGA/GAG/AGG
11:40:03.333 - INFO - CDS - seq=contig_57, start=42974, stop=44074, strand=+, frame=2, truncated=no, start-type=ATG, RBS-motif=AGxAGG/AGGxGG
11:40:03.333 - INFO - CDS - seq=contig_57, start=44067, stop=47240, strand=+, frame=3, truncated=no, start-type=ATG, RBS-motif=AGGAG
11:40:03.333 - INFO - CDS - seq=contig_57, start=47350, stop=48042, strand=+, frame=1, truncated=no, start-type=ATG, RBS-motif=GGAG/GAGG
11:40:03.334 - INFO - CDS - seq=contig_57, start=48042, stop=48653, strand=+, frame=3, truncated=no, start-type=ATG, RBS-motif=None
11:40:03.334 - INFO - CDS - seq=contig_57, start=48683, stop=48895, strand=+, frame=2, truncated=no, start-type=ATG, RBS-motif=AGGAGG
11:40:03.334 - INFO - CDS - seq=contig_57, start=49332, stop=49733, strand=+, frame=3, truncated=no, start-type=ATG, RBS-motif=AGGAGG
11:40:03.334 - INFO - CDS - seq=contig_57, start=49996, stop=51693, strand=-, frame=2, truncated=no, start-type=ATG, RBS-motif=AGxAGG/AGGxGG
11:40:03.334 - INFO - CDS - seq=contig_57, start=51968, stop=52591, strand=+, frame=2, truncated=no, start-type=ATG, RBS-motif=GGAG/GAGG
11:40:03.334 - INFO - CDS - seq=contig_57, start=52591, stop=52809, strand=+, frame=1, truncated=no, start-type=ATG, RBS-motif=GGAGG
11:40:03.334 - INFO - CDS - seq=contig_57, start=53025, stop=54224, strand=+, frame=3, truncated=no, start-type=ATG, RBS-motif=GGAG/GAGG
11:40:03.334 - INFO - CDS - seq=contig_57, start=54224, stop=56632, strand=+, frame=2, truncated=no, start-type=ATG, RBS-motif=AGxAGG/AGGxGG
11:40:03.334 - INFO - CDS - seq=contig_57, start=57138, stop=58091, strand=+, frame=3, truncated=no, start-type=ATG, RBS-motif=AGGAG
11:40:03.334 - INFO - CDS - seq=contig_57, start=58254, stop=58532, strand=-, frame=3, truncated=no, start-type=ATG, RBS-motif=3Base/5BMM
11:40:03.334 - INFO - CDS - seq=contig_57, start=58756, stop=59244, strand=+, frame=1, truncated=no, start-type=ATG, RBS-motif=AGGAG
11:40:03.335 - INFO - CDS - seq=contig_57, start=59237, stop=60172, strand=+, frame=2, truncated=no, start-type=ATG, RBS-motif=AGGAG/GGAGG
11:40:03.335 - INFO - CDS - seq=contig_57, start=60169, stop=61476, strand=+, frame=1, truncated=no, start-type=ATG, RBS-motif=AGxAGG/AGGxGG
11:40:03.335 - INFO - CDS - seq=contig_57, start=61479, stop=62573, strand=+, frame=3, truncated=no, start-type=ATG, RBS-motif=AGGA
11:40:03.335 - INFO - CDS - seq=contig_57, start=62580, stop=63323, strand=+, frame=3, truncated=no, start-type=ATG, RBS-motif=GGAG/GAGG
11:40:03.335 - INFO - CDS - seq=contig_57, start=63320, stop=65314, strand=+, frame=2, truncated=no, start-type=ATG, RBS-motif=GGA/GAG/AGG
11:40:03.335 - INFO - CDS - seq=contig_57, start=65542, stop=66417, strand=+, frame=1, truncated=no, start-type=TTG, RBS-motif=GGAG/GAGG
11:40:03.335 - INFO - CDS - seq=contig_57, start=66418, stop=67062, strand=+, frame=1, truncated=no, start-type=ATG, RBS-motif=GGA/GAG/AGG
11:40:03.335 - INFO - CDS - seq=contig_57, start=67069, stop=67710, strand=+, frame=1, truncated=no, start-type=ATG, RBS-motif=GGA/GAG/AGG
11:40:03.336 - INFO - CDS - seq=contig_57, start=68091, stop=68279, strand=-, frame=3, truncated=no, start-type=ATG, RBS-motif=AGGAGG
11:40:03.336 - INFO - CDS - seq=contig_57, start=68722, stop=69096, strand=+, frame=1, truncated=no, start-type=ATG, RBS-motif=AGGAGG
11:40:03.336 - INFO - CDS - seq=contig_57, start=69111, stop=70757, strand=+, frame=3, truncated=no, start-type=ATG, RBS-motif=AGGAGG
11:40:03.336 - INFO - CDS - seq=contig_57, start=70947, stop=73007, strand=+, frame=3, truncated=no, start-type=TTG, RBS-motif=GGA/GAG/AGG
11:40:03.336 - INFO - CDS - seq=contig_57, start=73225, stop=73782, strand=+, frame=1, truncated=no, start-type=TTG, RBS-motif=GGAG/GAGG
11:40:03.336 - INFO - CDS - seq=contig_57, start=73787, stop=74773, strand=+, frame=2, truncated=no, start-type=ATG, RBS-motif=GGAG/GAGG
11:40:03.336 - INFO - CDS - seq=contig_57, start=74766, stop=75692, strand=+, frame=3, truncated=no, start-type=ATG, RBS-motif=GGA/GAG/AGG
11:40:03.336 - INFO - CDS - seq=contig_57, start=75685, stop=76419, strand=+, frame=1, truncated=no, start-type=ATG, RBS-motif=AGGA
11:40:03.337 - INFO - CDS - seq=contig_57, start=76854, stop=77087, strand=+, frame=3, truncated=no, start-type=GTG, RBS-motif=AGGAGG
11:40:03.337 - INFO - CDS - seq=contig_57, start=77203, stop=77934, strand=+, frame=1, truncated=no, start-type=ATG, RBS-motif=AGGAG
11:40:03.337 - INFO - CDS - seq=contig_57, start=78081, stop=81647, strand=+, frame=3, truncated=no, start-type=ATG, RBS-motif=AGGAG
11:40:03.337 - INFO - CDS - seq=contig_57, start=81647, stop=82897, strand=+, frame=2, truncated=no, start-type=ATG, RBS-motif=AGGAGG
11:40:03.337 - INFO - CDS - seq=contig_57, start=82884, stop=83216, strand=+, frame=3, truncated=no, start-type=ATG, RBS-motif=AGGA
11:40:03.337 - INFO - CDS - seq=contig_57, start=83242, stop=84609, strand=+, frame=1, truncated=no, start-type=ATG, RBS-motif=GGAGG
11:40:03.337 - INFO - CDS - seq=contig_57, start=85044, stop=85319, strand=+, frame=3, truncated=no, start-type=ATG, RBS-motif=AGGAG
11:40:03.337 - INFO - CDS - seq=contig_57, start=85507, stop=86010, strand=+, frame=1, truncated=no, start-type=ATG, RBS-motif=GGAGG
11:40:03.337 - INFO - CDS - seq=contig_57, start=86010, stop=86747, strand=+, frame=3, truncated=no, start-type=ATG, RBS-motif=AGGA/GGAG/GAGG
11:40:03.338 - INFO - CDS - seq=contig_57, start=86850, stop=87200, strand=+, frame=3, truncated=no, start-type=ATG, RBS-motif=AGGAG
11:40:03.338 - INFO - CDS - seq=contig_57, start=87444, stop=90050, strand=-, frame=3, truncated=no, start-type=GTG, RBS-motif=GGAG/GAGG
11:40:03.338 - INFO - CDS - seq=contig_57, start=90451, stop=91335, strand=+, frame=1, truncated=no, start-type=ATG, RBS-motif=GGA/GAG/AGG
11:40:03.338 - INFO - CDS - seq=contig_57, start=91319, stop=92086, strand=+, frame=2, truncated=no, start-type=ATG, RBS-motif=GGAG/GAGG
11:40:03.338 - INFO - CDS - seq=contig_57, start=92195, stop=93361, strand=+, frame=2, truncated=no, start-type=ATG, RBS-motif=AGGAGG
11:40:03.338 - INFO - CDS - seq=contig_57, start=93383, stop=94291, strand=+, frame=2, truncated=no, start-type=ATG, RBS-motif=GGAG/GAGG
11:40:03.338 - INFO - CDS - seq=contig_57, start=94518, stop=95636, strand=+, frame=3, truncated=no, start-type=ATG, RBS-motif=AGGAG
11:40:03.338 - INFO - CDS - seq=contig_57, start=95664, stop=96908, strand=+, frame=3, truncated=no, start-type=ATG, RBS-motif=AGGA
11:40:03.338 - INFO - CDS - seq=contig_57, start=97081, stop=97953, strand=+, frame=1, truncated=no, start-type=TTG, RBS-motif=AGGAG
11:40:03.338 - INFO - CDS - seq=contig_57, start=98127, stop=100202, strand=+, frame=3, truncated=no, start-type=ATG, RBS-motif=GGAG/GAGG
11:40:03.339 - INFO - CDS - seq=contig_57, start=100358, stop=101665, strand=+, frame=2, truncated=no, start-type=ATG, RBS-motif=AGGAG
11:40:03.339 - INFO - CDS - seq=contig_57, start=102083, stop=102979, strand=+, frame=2, truncated=no, start-type=TTG, RBS-motif=GGAGG
11:40:03.339 - INFO - CDS - seq=contig_57, start=102976, stop=103521, strand=+, frame=1, truncated=no, start-type=ATG, RBS-motif=AGGAG
11:40:03.339 - INFO - CDS - seq=contig_57, start=103587, stop=104990, strand=+, frame=3, truncated=no, start-type=ATG, RBS-motif=GGAGG
11:40:03.339 - INFO - CDS - seq=contig_57, start=105015, stop=105788, strand=+, frame=3, truncated=no, start-type=ATG, RBS-motif=AGGAG
11:40:03.340 - INFO - CDS - seq=contig_57, start=106135, stop=106902, strand=+, frame=1, truncated=no, start-type=ATG, RBS-motif=AGGAGG
11:40:03.340 - INFO - CDS - seq=contig_57, start=107084, stop=107965, strand=+, frame=2, truncated=no, start-type=ATG, RBS-motif=GGAGG
11:40:03.340 - INFO - CDS - seq=contig_57, start=108102, stop=108824, strand=+, frame=3, truncated=no, start-type=ATG, RBS-motif=GGAG/GAGG
11:40:03.340 - INFO - CDS - seq=contig_57, start=108843, stop=109397, strand=+, frame=3, truncated=no, start-type=ATG, RBS-motif=GGAG/GAGG
11:40:03.340 - INFO - CDS - seq=contig_57, start=109770, stop=110540, strand=+, frame=3, truncated=no, start-type=ATG, RBS-motif=GGAGG
11:40:03.340 - INFO - CDS - seq=contig_57, start=110547, stop=111329, strand=+, frame=3, truncated=no, start-type=ATG, RBS-motif=AGGAG
11:40:03.340 - INFO - CDS - seq=contig_57, start=111541, stop=112827, strand=+, frame=1, truncated=no, start-type=GTG, RBS-motif=GGAG/GAGG
11:40:03.341 - INFO - CDS - seq=contig_57, start=112847, stop=114550, strand=+, frame=2, truncated=no, start-type=ATG, RBS-motif=AGGAGG
11:40:03.341 - INFO - CDS - seq=contig_57, start=114808, stop=119124, strand=+, frame=1, truncated=no, start-type=TTG, RBS-motif=AGxAGG/AGGxGG
11:40:03.341 - INFO - CDS - seq=contig_57, start=119414, stop=119881, strand=+, frame=2, truncated=no, start-type=ATG, RBS-motif=GGAGG
11:40:03.341 - INFO - CDS - seq=contig_57, start=119902, stop=121077, strand=+, frame=1, truncated=no, start-type=GTG, RBS-motif=AGGAGG
11:40:03.341 - INFO - CDS - seq=contig_57, start=121098, stop=121382, strand=+, frame=3, truncated=no, start-type=ATG, RBS-motif=GGAG/GAGG
11:40:03.341 - INFO - CDS - seq=contig_57, start=121379, stop=121696, strand=+, frame=2, truncated=no, start-type=ATG, RBS-motif=GGA/GAG/AGG
11:40:03.341 - INFO - CDS - seq=contig_57, start=121701, stop=123818, strand=+, frame=3, truncated=no, start-type=ATG, RBS-motif=AGGAG
11:40:03.341 - INFO - CDS - seq=contig_57, start=124204, stop=124554, strand=+, frame=1, truncated=no, start-type=ATG, RBS-motif=GGAG/GAGG
11:40:03.341 - INFO - CDS - seq=contig_57, start=124723, stop=125640, strand=+, frame=1, truncated=no, start-type=ATG, RBS-motif=AGxAGG/AGGxGG
11:40:03.341 - INFO - CDS - seq=contig_57, start=125655, stop=126626, strand=+, frame=3, truncated=no, start-type=ATG, RBS-motif=AGGAG
11:40:03.342 - INFO - CDS - seq=contig_57, start=126741, stop=127010, strand=+, frame=3, truncated=no, start-type=ATG, RBS-motif=AGGAGG
11:40:03.342 - INFO - CDS - seq=contig_57, start=127379, stop=129475, strand=+, frame=2, truncated=no, start-type=ATG, RBS-motif=AGGAG
11:40:03.342 - INFO - CDS - seq=contig_57, start=129711, stop=131384, strand=+, frame=3, truncated=no, start-type=TTG, RBS-motif=AGGAGG
11:40:03.342 - INFO - CDS - seq=contig_57, start=131641, stop=134007, strand=+, frame=1, truncated=no, start-type=TTG, RBS-motif=AGGAGG
11:40:03.342 - INFO - CDS - seq=contig_57, start=134012, stop=134725, strand=+, frame=2, truncated=no, start-type=ATG, RBS-motif=GGAG/GAGG
11:40:03.342 - INFO - CDS - seq=contig_57, start=134756, stop=136021, strand=+, frame=2, truncated=no, start-type=TTG, RBS-motif=AGGAGG
11:40:03.342 - INFO - CDS - seq=contig_57, start=136021, stop=137307, strand=+, frame=1, truncated=no, start-type=ATG, RBS-motif=AGGAGG
11:40:03.342 - INFO - CDS - seq=contig_57, start=137307, stop=138011, strand=+, frame=3, truncated=no, start-type=ATG, RBS-motif=AGGA/GGAG/GAGG
11:40:03.342 - INFO - CDS - seq=contig_57, start=138116, stop=138943, strand=+, frame=2, truncated=no, start-type=ATG, RBS-motif=GGAG/GAGG
11:40:03.343 - INFO - CDS - seq=contig_57, start=138962, stop=139354, strand=+, frame=2, truncated=no, start-type=TTG, RBS-motif=AGGAGG
11:40:03.343 - INFO - CDS - seq=contig_57, start=139388, stop=139966, strand=+, frame=2, truncated=no, start-type=ATG, RBS-motif=GGAG/GAGG
11:40:03.343 - INFO - CDS - seq=contig_57, start=140190, stop=141341, strand=+, frame=3, truncated=no, start-type=ATG, RBS-motif=AGxAGG/AGGxGG
11:40:03.343 - INFO - CDS - seq=contig_57, start=141506, stop=142549, strand=+, frame=2, truncated=no, start-type=TTG, RBS-motif=AGGAGG
11:40:03.343 - INFO - CDS - seq=contig_57, start=142903, stop=144462, strand=+, frame=1, truncated=no, start-type=GTG, RBS-motif=AGGAGG
11:40:03.343 - INFO - CDS - seq=contig_57, start=144759, stop=144974, strand=-, frame=3, truncated=no, start-type=ATG, RBS-motif=AGGAG(G)/GGAGG
11:40:03.343 - INFO - CDS - seq=contig_57, start=145148, stop=145945, strand=+, frame=2, truncated=no, start-type=ATG, RBS-motif=AGGA
11:40:03.343 - INFO - CDS - seq=contig_57, start=146085, stop=147845, strand=+, frame=3, truncated=no, start-type=ATG, RBS-motif=AGGAGG
11:40:03.343 - INFO - CDS - seq=contig_57, start=147846, stop=148712, strand=+, frame=3, truncated=no, start-type=ATG, RBS-motif=AGGAG
11:40:03.343 - INFO - CDS - seq=contig_57, start=148806, stop=149099, strand=+, frame=3, truncated=no, start-type=ATG, RBS-motif=AGGAG
11:40:03.343 - INFO - CDS - seq=contig_57, start=149233, stop=150777, strand=+, frame=1, truncated=no, start-type=GTG, RBS-motif=AGGA
11:40:03.344 - INFO - CDS - seq=contig_57, start=150778, stop=151143, strand=+, frame=1, truncated=no, start-type=ATG, RBS-motif=None
11:40:03.344 - INFO - CDS - seq=contig_57, start=151170, stop=151661, strand=+, frame=3, truncated=no, start-type=ATG, RBS-motif=AGGAG
11:40:03.344 - INFO - CDS - seq=contig_57, start=151964, stop=154582, strand=+, frame=2, truncated=no, start-type=ATG, RBS-motif=None
11:40:03.344 - INFO - CDS - seq=contig_57, start=154595, stop=156604, strand=+, frame=2, truncated=no, start-type=ATG, RBS-motif=GGAG/GAGG
11:40:03.344 - INFO - CDS - seq=contig_57, start=156619, stop=157152, strand=+, frame=1, truncated=no, start-type=GTG, RBS-motif=GGAG/GAGG
11:40:03.344 - INFO - CDS - seq=contig_57, start=157627, stop=158445, strand=+, frame=1, truncated=no, start-type=ATG, RBS-motif=GGAGG
11:40:03.344 - INFO - CDS - seq=contig_57, start=158574, stop=160070, strand=+, frame=3, truncated=no, start-type=ATG, RBS-motif=AGGAG
11:40:03.344 - INFO - CDS - seq=contig_57, start=160228, stop=161901, strand=+, frame=1, truncated=no, start-type=ATG, RBS-motif=AGGAGG
11:40:03.344 - INFO - CDS - seq=contig_57, start=162048, stop=162965, strand=+, frame=3, truncated=no, start-type=ATG, RBS-motif=GGA/GAG/AGG
11:40:03.344 - INFO - CDS - seq=contig_57, start=162983, stop=163918, strand=+, frame=2, truncated=no, start-type=ATG, RBS-motif=GGA/GAG/AGG
11:40:03.345 - INFO - CDS - seq=contig_57, start=163933, stop=164166, strand=+, frame=1, truncated=no, start-type=ATG, RBS-motif=AGGAG
11:40:03.345 - INFO - CDS - seq=contig_57, start=164388, stop=164864, strand=-, frame=3, truncated=no, start-type=ATG, RBS-motif=AGGA
11:40:03.345 - INFO - CDS - seq=contig_57, start=164976, stop=166214, strand=+, frame=3, truncated=no, start-type=ATG, RBS-motif=AGGAG
11:40:03.345 - INFO - CDS - seq=contig_57, start=166233, stop=167471, strand=+, frame=3, truncated=no, start-type=ATG, RBS-motif=AGGA
11:40:03.345 - INFO - CDS - seq=contig_57, start=167714, stop=168082, strand=+, frame=2, truncated=no, start-type=ATG, RBS-motif=AGGAG
11:40:03.345 - INFO - CDS - seq=contig_57, start=168101, stop=169441, strand=+, frame=2, truncated=no, start-type=ATG, RBS-motif=GGAGG
11:40:03.346 - INFO - CDS - seq=contig_57, start=170715, stop=170843, strand=+, frame=3, truncated=no, start-type=ATG, RBS-motif=GGAGG
11:40:03.346 - INFO - CDS - seq=contig_57, start=170830, stop=171042, strand=+, frame=1, truncated=no, start-type=ATG, RBS-motif=None
11:40:03.346 - INFO - CDS - seq=contig_57, start=171336, stop=171542, strand=+, frame=3, truncated=no, start-type=ATG, RBS-motif=GGA/GAG/AGG
11:40:03.346 - INFO - CDS - seq=contig_57, start=172776, stop=172961, strand=+, frame=3, truncated=no, start-type=ATG, RBS-motif=GGAG/GAGG
11:40:03.346 - INFO - CDS - seq=contig_57, start=173472, stop=173576, strand=+, frame=3, truncated=no, start-type=ATG, RBS-motif=AGGAG
11:40:03.346 - INFO - CDS - seq=contig_57, start=173704, stop=173955, strand=+, frame=1, truncated=no, start-type=ATG, RBS-motif=AGxAGG/AGGxGG
11:40:03.346 - INFO - CDS - seq=contig_57, start=174001, stop=174237, strand=+, frame=1, truncated=no, start-type=ATG, RBS-motif=None
11:40:03.347 - INFO - CDS - seq=contig_57, start=174319, stop=174612, strand=+, frame=1, truncated=no, start-type=ATG, RBS-motif=None
11:40:03.347 - INFO - CDS - seq=contig_57, start=174678, stop=174872, strand=+, frame=3, truncated=no, start-type=ATG, RBS-motif=AGGAG
11:40:03.347 - INFO - CDS - seq=contig_57, start=175416, stop=176441, strand=-, frame=3, truncated=no, start-type=GTG, RBS-motif=AGxAGG/AGGxGG
11:40:03.347 - INFO - CDS - seq=contig_57, start=176711, stop=176908, strand=+, frame=2, truncated=no, start-type=ATG, RBS-motif=GGAG/GAGG
11:40:03.347 - INFO - CDS - seq=contig_57, start=176929, stop=178446, strand=+, frame=1, truncated=no, start-type=ATG, RBS-motif=GGA/GAG/AGG
11:40:03.347 - INFO - CDS - seq=contig_57, start=178630, stop=179529, strand=+, frame=1, truncated=no, start-type=TTG, RBS-motif=GGAG/GAGG
11:40:03.347 - INFO - CDS - seq=contig_57, start=179498, stop=180229, strand=+, frame=2, truncated=no, start-type=ATG, RBS-motif=GGA/GAG/AGG
11:40:03.347 - INFO - CDS - seq=contig_57, start=180233, stop=181324, strand=+, frame=2, truncated=no, start-type=ATG, RBS-motif=GGxGG
11:40:03.347 - INFO - CDS - seq=contig_57, start=181321, stop=181923, strand=+, frame=1, truncated=no, start-type=ATG, RBS-motif=AGGAGG
11:40:03.347 - INFO - CDS - seq=contig_57, start=182036, stop=182224, strand=-, frame=1, truncated=no, start-type=ATG, RBS-motif=AGGAG
11:40:03.347 - INFO - CDS - seq=contig_57, start=182363, stop=182896, strand=+, frame=2, truncated=no, start-type=ATG, RBS-motif=AGxAGG/AGGxGG
11:40:03.348 - INFO - CDS - seq=contig_57, start=183041, stop=183895, strand=-, frame=1, truncated=no, start-type=ATG, RBS-motif=AGGA/GGAG/GAGG
11:40:03.348 - INFO - CDS - seq=contig_57, start=184217, stop=184801, strand=+, frame=2, truncated=no, start-type=GTG, RBS-motif=AGGAGG
11:40:03.348 - INFO - CDS - seq=contig_57, start=184855, stop=186237, strand=-, frame=2, truncated=no, start-type=ATG, RBS-motif=GGA/GAG/AGG
11:40:03.348 - INFO - CDS - seq=contig_57, start=186428, stop=187708, strand=+, frame=2, truncated=no, start-type=ATG, RBS-motif=GGAGG
11:40:03.348 - INFO - CDS - seq=contig_57, start=187714, stop=188775, strand=+, frame=1, truncated=no, start-type=ATG, RBS-motif=AGGAG
11:40:03.348 - INFO - CDS - seq=contig_57, start=188777, stop=189691, strand=+, frame=2, truncated=no, start-type=ATG, RBS-motif=AGGAG
11:40:03.348 - INFO - CDS - seq=contig_57, start=189749, stop=190552, strand=+, frame=2, truncated=no, start-type=ATG, RBS-motif=AGGAG/GGAGG
11:40:03.348 - INFO - CDS - seq=contig_57, start=190845, stop=191159, strand=-, frame=3, truncated=no, start-type=ATG, RBS-motif=GGA/GAG/AGG
11:40:03.348 - INFO - CDS - seq=contig_57, start=191377, stop=192831, strand=-, frame=2, truncated=no, start-type=ATG, RBS-motif=GGAG/GAGG
11:40:03.348 - INFO - CDS - seq=contig_57, start=193035, stop=194552, strand=+, frame=3, truncated=no, start-type=ATG, RBS-motif=GGAGG
11:40:03.348 - INFO - CDS - seq=contig_57, start=194643, stop=194792, strand=+, frame=3, truncated=no, start-type=GTG, RBS-motif=GGAG/GAGG
11:40:03.349 - INFO - CDS - seq=contig_57, start=195246, stop=195515, strand=+, frame=3, truncated=no, start-type=ATG, RBS-motif=GGAG/GAGG
11:40:03.349 - INFO - CDS - seq=contig_57, start=195672, stop=196649, strand=+, frame=3, truncated=no, start-type=GTG, RBS-motif=GGA/GAG/AGG
11:40:03.349 - INFO - CDS - seq=contig_57, start=196824, stop=197687, strand=+, frame=3, truncated=no, start-type=TTG, RBS-motif=GGA/GAG/AGG
11:40:03.349 - INFO - CDS - seq=contig_57, start=198067, stop=198690, strand=-, frame=2, truncated=no, start-type=ATG, RBS-motif=GGAG/GAGG
11:40:03.349 - INFO - CDS - seq=contig_57, start=198830, stop=199066, strand=+, frame=2, truncated=no, start-type=ATG, RBS-motif=AGGAG
11:40:03.349 - INFO - CDS - seq=contig_57, start=199203, stop=199442, strand=+, frame=3, truncated=no, start-type=TTG, RBS-motif=GGA/GAG/AGG
11:40:03.349 - INFO - CDS - seq=contig_57, start=199563, stop=201551, strand=+, frame=3, truncated=no, start-type=ATG, RBS-motif=GGA/GAG/AGG
11:40:03.349 - INFO - CDS - seq=contig_57, start=201784, stop=202071, strand=+, frame=1, truncated=no, start-type=ATG, RBS-motif=None
11:40:03.349 - INFO - CDS - seq=contig_57, start=202250, stop=202717, strand=+, frame=2, truncated=no, start-type=GTG, RBS-motif=AGxAGG/AGGxGG
11:40:03.349 - INFO - CDS - seq=contig_57, start=202841, stop=203962, strand=+, frame=2, truncated=no, start-type=ATG, RBS-motif=GGAGG
11:40:03.349 - INFO - CDS - seq=contig_57, start=203966, stop=206995, strand=+, frame=2, truncated=no, start-type=ATG, RBS-motif=AGGAGG
11:40:03.349 - INFO - CDS - seq=contig_57, start=207066, stop=207428, strand=-, frame=3, truncated=no, start-type=ATG, RBS-motif=GGAG/GAGG
11:40:03.350 - INFO - CDS - seq=contig_57, start=207632, stop=209278, strand=+, frame=2, truncated=no, start-type=ATG, RBS-motif=GGAG/GAGG
11:40:03.350 - INFO - CDS - seq=contig_57, start=210225, stop=212930, strand=+, frame=3, truncated=no, start-type=ATG, RBS-motif=AGxAGG/AGGxGG
11:40:03.350 - INFO - CDS - seq=contig_57, start=213110, stop=213577, strand=+, frame=2, truncated=no, start-type=ATG, RBS-motif=AGxAGG/AGGxGG
11:40:03.350 - INFO - CDS - seq=contig_57, start=213784, stop=214080, strand=-, frame=2, truncated=no, start-type=ATG, RBS-motif=AGGAGG
11:40:03.350 - INFO - CDS - seq=contig_57, start=214456, stop=215064, strand=-, frame=2, truncated=no, start-type=ATG, RBS-motif=AGGA/GGAG/GAGG
11:40:03.350 - INFO - CDS - seq=contig_57, start=215270, stop=217261, strand=+, frame=2, truncated=no, start-type=ATG, RBS-motif=AGGAG(G)/GGAGG
11:40:03.350 - INFO - CDS - seq=contig_57, start=217261, stop=219663, strand=+, frame=1, truncated=no, start-type=GTG, RBS-motif=AGGAGG
11:40:03.350 - INFO - CDS - seq=contig_57, start=219913, stop=221373, strand=+, frame=1, truncated=no, start-type=TTG, RBS-motif=GGAG/GAGG
11:40:03.350 - INFO - CDS - seq=contig_57, start=221873, stop=222724, strand=+, frame=2, truncated=no, start-type=ATG, RBS-motif=GGA/GAG/AGG
11:40:03.350 - INFO - CDS - seq=contig_57, start=222919, stop=224067, strand=+, frame=1, truncated=no, start-type=ATG, RBS-motif=None
11:40:03.350 - INFO - CDS - seq=contig_57, start=224548, stop=227070, strand=+, frame=1, truncated=no, start-type=ATG, RBS-motif=None
11:40:03.351 - INFO - CDS - seq=contig_57, start=227273, stop=227782, strand=-, frame=1, truncated=no, start-type=ATG, RBS-motif=AGGA
11:40:03.351 - INFO - CDS - seq=contig_57, start=227919, stop=228902, strand=+, frame=3, truncated=no, start-type=ATG, RBS-motif=GGA/GAG/AGG
11:40:03.351 - INFO - CDS - seq=contig_57, start=228990, stop=229178, strand=-, frame=3, truncated=no, start-type=ATG, RBS-motif=AGGAGG
11:40:03.351 - INFO - CDS - seq=contig_57, start=229323, stop=230585, strand=+, frame=3, truncated=no, start-type=GTG, RBS-motif=GGAGG
11:40:03.351 - INFO - CDS - seq=contig_57, start=230722, stop=231813, strand=-, frame=2, truncated=no, start-type=ATG, RBS-motif=GGA/GAG/AGG
11:40:03.351 - INFO - CDS - seq=contig_57, start=231978, stop=232256, strand=+, frame=3, truncated=no, start-type=ATG, RBS-motif=GGAGG
11:40:03.351 - INFO - CDS - seq=contig_57, start=232237, stop=233010, strand=+, frame=1, truncated=no, start-type=TTG, RBS-motif=None
11:40:03.351 - INFO - CDS - seq=contig_57, start=233502, stop=234908, strand=+, frame=3, truncated=no, start-type=ATG, RBS-motif=AGGAG
11:40:03.351 - INFO - CDS - seq=contig_57, start=234905, stop=235471, strand=+, frame=2, truncated=no, start-type=ATG, RBS-motif=GGAGG
11:40:03.351 - INFO - CDS - seq=contig_57, start=235477, stop=236475, strand=+, frame=1, truncated=no, start-type=ATG, RBS-motif=AGGA
11:40:03.352 - INFO - CDS - seq=contig_57, start=236477, stop=237259, strand=+, frame=2, truncated=no, start-type=ATG, RBS-motif=GGAG/GAGG
11:40:03.352 - INFO - CDS - seq=contig_57, start=237256, stop=237891, strand=+, frame=1, truncated=no, start-type=ATG, RBS-motif=GGA/GAG/AGG
11:40:03.352 - INFO - CDS - seq=contig_57, start=237884, stop=239098, strand=+, frame=2, truncated=no, start-type=ATG, RBS-motif=AGGAG
11:40:03.352 - INFO - CDS - seq=contig_57, start=239091, stop=239819, strand=+, frame=3, truncated=no, start-type=ATG, RBS-motif=GGAG/GAGG
11:40:03.353 - INFO - CDS - seq=contig_57, start=240141, stop=241403, strand=+, frame=3, truncated=no, start-type=ATG, RBS-motif=AGGAG
11:40:03.353 - INFO - CDS - seq=contig_57, start=241422, stop=242681, strand=+, frame=3, truncated=no, start-type=ATG, RBS-motif=GGA/GAG/AGG
11:40:03.353 - INFO - CDS - seq=contig_57, start=242970, stop=243716, strand=+, frame=3, truncated=no, start-type=ATG, RBS-motif=GGAG/GAGG
11:40:03.353 - INFO - CDS - seq=contig_57, start=243946, stop=244713, strand=+, frame=1, truncated=no, start-type=ATG, RBS-motif=GGAG/GAGG
11:40:03.353 - INFO - CDS - seq=contig_57, start=244761, stop=245234, strand=-, frame=3, truncated=no, start-type=ATG, RBS-motif=AGGAG
11:40:03.353 - INFO - CDS - seq=contig_57, start=245358, stop=246059, strand=-, frame=3, truncated=no, start-type=ATG, RBS-motif=GGAG/GAGG
11:40:03.353 - INFO - CDS - seq=contig_57, start=246052, stop=246828, strand=-, frame=2, truncated=no, start-type=ATG, RBS-motif=GGAG/GAGG
11:40:03.353 - INFO - CDS - seq=contig_57, start=246812, stop=247642, strand=-, frame=1, truncated=no, start-type=ATG, RBS-motif=AGxAG
11:40:03.353 - INFO - CDS - seq=contig_57, start=247635, stop=248621, strand=-, frame=3, truncated=no, start-type=ATG, RBS-motif=AGGAGG
11:40:03.353 - INFO - CDS - seq=contig_57, start=248925, stop=249269, strand=-, frame=3, truncated=no, start-type=ATG, RBS-motif=AGGAG
11:40:03.353 - INFO - CDS - seq=contig_57, start=249474, stop=251288, strand=+, frame=3, truncated=no, start-type=ATG, RBS-motif=AGGAG
11:40:03.354 - INFO - CDS - seq=contig_57, start=251428, stop=252069, strand=-, frame=2, truncated=no, start-type=ATG, RBS-motif=3Base/5BMM
11:40:03.354 - INFO - CDS - seq=contig_57, start=252076, stop=252927, strand=-, frame=2, truncated=no, start-type=ATG, RBS-motif=GGAG/GAGG
11:40:03.354 - INFO - CDS - seq=contig_57, start=252974, stop=253891, strand=-, frame=1, truncated=no, start-type=ATG, RBS-motif=GGAGG
11:40:03.354 - INFO - CDS - seq=contig_57, start=253893, stop=254819, strand=-, frame=3, truncated=no, start-type=ATG, RBS-motif=GGAG/GAGG
11:40:03.354 - INFO - CDS - seq=contig_57, start=255010, stop=255993, strand=-, frame=2, truncated=no, start-type=ATG, RBS-motif=GGAGG
11:40:03.354 - INFO - CDS - seq=contig_57, start=223, stop=1182, strand=-, nt=[ATGAAAACAC..GACAAATTAA]
11:40:03.354 - INFO - CDS - seq=contig_57, start=1985, stop=2182, strand=+, nt=[ATGACAGAGT..AGAACATTAA]
11:40:03.354 - INFO - CDS - seq=contig_57, start=2672, stop=3388, strand=-, nt=[ATGAGTAAGA..CTTTGATTAG]
11:40:03.354 - INFO - CDS - seq=contig_57, start=3496, stop=4221, strand=-, nt=[ATGAACAATA..ATCAAACTAA]
11:40:03.355 - INFO - CDS - seq=contig_57, start=4316, stop=5041, strand=-, nt=[ATGAAAAAGA..ATCTAACTAA]
11:40:03.355 - INFO - CDS - seq=contig_57, start=5479, stop=6480, strand=+, nt=[ATGAAAAATT..TGAATTTTAA]
11:40:03.355 - INFO - CDS - seq=contig_57, start=6500, stop=7435, strand=+, nt=[ATGATGGCGA..TAAAAAGTAA]
11:40:03.355 - INFO - CDS - seq=contig_57, start=7607, stop=9163, strand=+, nt=[GTGGAAAATA..TTATTCATAA]
11:40:03.355 - INFO - CDS - seq=contig_57, start=9470, stop=9697, strand=+, nt=[ATGACACATT..CGGTGTTTAA]
11:40:03.355 - INFO - CDS - seq=contig_57, start=10003, stop=10950, strand=-, nt=[ATGAGACTTC..GTCTCAGTAA]
11:40:03.355 - INFO - CDS - seq=contig_57, start=11199, stop=11387, strand=+, nt=[ATGAGAAATC..TGAAAATTAA]
11:40:03.355 - INFO - CDS - seq=contig_57, start=12292, stop=12426, strand=+, nt=[ATGGAAGGTT..CGGATTCTAA]
11:40:03.355 - INFO - CDS - seq=contig_57, start=12483, stop=12617, strand=+, nt=[ATGACTGGAC..TGGATTCTAA]
11:40:03.355 - INFO - CDS - seq=contig_57, start=12750, stop=13436, strand=+, nt=[TTGGGATATA..TGTACGTTAA]
11:40:03.355 - INFO - CDS - seq=contig_57, start=13545, stop=13985, strand=-, nt=[ATGAGTGAAA..GAAACCATAA]
11:40:03.356 - INFO - CDS - seq=contig_57, start=14180, stop=15793, strand=+, nt=[ATGGACTGTA..AAAACCTTAA]
11:40:03.356 - INFO - CDS - seq=contig_57, start=15937, stop=16368, strand=+, nt=[ATGTTCATGG..TGATTTTTAA]
11:40:03.356 - INFO - CDS - seq=contig_57, start=16384, stop=17319, strand=+, nt=[GTGTTTCATC..ACTTAAATAA]
11:40:03.356 - INFO - CDS - seq=contig_57, start=17333, stop=17734, strand=+, nt=[ATGGCTGTAG..AAAAAATTAA]
11:40:03.356 - INFO - CDS - seq=contig_57, start=17715, stop=19949, strand=+, nt=[ATGGCGAAGC..GTCGGACTAA]
11:40:03.356 - INFO - CDS - seq=contig_57, start=20241, stop=21206, strand=+, nt=[ATGATTTTTG..AGTGCATTAA]
11:40:03.356 - INFO - CDS - seq=contig_57, start=21208, stop=22557, strand=+, nt=[ATGCTTAATT..ATCTTATTAA]
11:40:03.356 - INFO - CDS - seq=contig_57, start=22573, stop=23892, strand=+, nt=[ATGGATGATA..GAATAATTAA]
11:40:03.356 - INFO - CDS - seq=contig_57, start=23998, stop=25410, strand=+, nt=[ATGGAAGAAC..ATTTGAATGA]
11:40:03.356 - INFO - CDS - seq=contig_57, start=25443, stop=26615, strand=+, nt=[ATGTTAGAAT..AAGACGTTAA]
11:40:03.356 - INFO - CDS - seq=contig_57, start=26875, stop=27666, strand=+, nt=[GTGAATGATA..TCAACAGTAA]
11:40:03.357 - INFO - CDS - seq=contig_57, start=27690, stop=28358, strand=+, nt=[GTGAAAGATA..AGAGGAGTGA]
11:40:03.357 - INFO - CDS - seq=contig_57, start=28355, stop=28918, strand=+, nt=[GTGAGCCACT..ATTCGACTAA]
11:40:03.357 - INFO - CDS - seq=contig_57, start=28930, stop=29220, strand=+, nt=[ATGGATATAA..ATTACAATAA]
11:40:03.357 - INFO - CDS - seq=contig_57, start=29303, stop=30109, strand=+, nt=[ATGGTATTTT..ATTCAAATAG]
11:40:03.357 - INFO - CDS - seq=contig_57, start=30133, stop=30750, strand=+, nt=[ATGCCTTTTA..TAAGAAGTAA]
11:40:03.357 - INFO - CDS - seq=contig_57, start=30971, stop=33724, strand=+, nt=[ATGGATTACA..ACTGGTATAA]
11:40:03.357 - INFO - CDS - seq=contig_57, start=34015, stop=34812, strand=+, nt=[ATGTATCATA..TGAAGATTAG]
11:40:03.357 - INFO - CDS - seq=contig_57, start=34873, stop=35583, strand=-, nt=[ATGATTCAAA..TCCTTCATAA]
11:40:03.357 - INFO - CDS - seq=contig_57, start=36022, stop=36276, strand=-, nt=[ATGATGTTAA..TGGTACATAA]
11:40:03.357 - INFO - CDS - seq=contig_57, start=36911, stop=37402, strand=+, nt=[ATGCACAAAA..GGTTAAGTAA]
11:40:03.357 - INFO - CDS - seq=contig_57, start=37402, stop=38319, strand=+, nt=[ATGGAGACTT..AGATGCATAA]
11:40:03.358 - INFO - CDS - seq=contig_57, start=38719, stop=39246, strand=+, nt=[ATGTCTGAAC..AATTAAATAA]
11:40:03.358 - INFO - CDS - seq=contig_57, start=39464, stop=40771, strand=+, nt=[ATGCAAAATG..AAACAATTAA]
11:40:03.358 - INFO - CDS - seq=contig_57, start=40799, stop=41680, strand=+, nt=[ATGAATCATT..ATTAAAATAG]
11:40:03.358 - INFO - CDS - seq=contig_57, start=41695, stop=42972, strand=+, nt=[ATGATGAAAT..GGATAAATAA]
11:40:03.359 - INFO - CDS - seq=contig_57, start=42974, stop=44074, strand=+, nt=[ATGCAAAGCA..CAATGCCTAA]
11:40:03.359 - INFO - CDS - seq=contig_57, start=44067, stop=47240, strand=+, nt=[ATGCCTAAAC..TCAAATGTAA]
11:40:03.359 - INFO - CDS - seq=contig_57, start=47350, stop=48042, strand=+, nt=[ATGAAAGATT..GTTAGTATAA]
11:40:03.359 - INFO - CDS - seq=contig_57, start=48042, stop=48653, strand=+, nt=[ATGGCTAAAG..CTTAGCATAA]
11:40:03.359 - INFO - CDS - seq=contig_57, start=48683, stop=48895, strand=+, nt=[ATGAATGACA..ACAAATTTAA]
11:40:03.359 - INFO - CDS - seq=contig_57, start=49332, stop=49733, strand=+, nt=[ATGGATATTC..ACCTGAGTAA]
11:40:03.359 - INFO - CDS - seq=contig_57, start=49996, stop=51693, strand=-, nt=[ATGGCTTATG..ACAATTATAA]
11:40:03.359 - INFO - CDS - seq=contig_57, start=51968, stop=52591, strand=+, nt=[ATGGATAATG..TAAAAAATAA]
11:40:03.359 - INFO - CDS - seq=contig_57, start=52591, stop=52809, strand=+, nt=[ATGTTAAATC..TAAAGAATAG]
11:40:03.359 - INFO - CDS - seq=contig_57, start=53025, stop=54224, strand=+, nt=[ATGAAGAAAA..GTGGCAATAA]
11:40:03.359 - INFO - CDS - seq=contig_57, start=54224, stop=56632, strand=+, nt=[ATGATAGCGA..GATGATGTAA]
11:40:03.360 - INFO - CDS - seq=contig_57, start=57138, stop=58091, strand=+, nt=[ATGAAAAAGA..TTTAAAATAG]
11:40:03.360 - INFO - CDS - seq=contig_57, start=58254, stop=58532, strand=-, nt=[ATGTTTGAAC..CACTTTATAA]
11:40:03.360 - INFO - CDS - seq=contig_57, start=58756, stop=59244, strand=+, nt=[ATGGCGATTA..AAATGACTAA]
11:40:03.360 - INFO - CDS - seq=contig_57, start=59237, stop=60172, strand=+, nt=[ATGACTAAAA..ACTTATATGA]
11:40:03.360 - INFO - CDS - seq=contig_57, start=60169, stop=61476, strand=+, nt=[ATGATCGAAA..GGACAATTAG]
11:40:03.360 - INFO - CDS - seq=contig_57, start=61479, stop=62573, strand=+, nt=[ATGATAACTG..AACGAGGTAA]
11:40:03.360 - INFO - CDS - seq=contig_57, start=62580, stop=63323, strand=+, nt=[ATGCTAGAGG..TAAAGTATGA]
11:40:03.360 - INFO - CDS - seq=contig_57, start=63320, stop=65314, strand=+, nt=[ATGATAGGTA..TGATATTTAA]
11:40:03.360 - INFO - CDS - seq=contig_57, start=65542, stop=66417, strand=+, nt=[TTGAAGACAG..TAGATATTAA]
11:40:03.360 - INFO - CDS - seq=contig_57, start=66418, stop=67062, strand=+, nt=[ATGACAAAAC..GAAAGGTTGA]
11:40:03.360 - INFO - CDS - seq=contig_57, start=67069, stop=67710, strand=+, nt=[ATGCATATAA..TTTAAATTAA]
11:40:03.361 - INFO - CDS - seq=contig_57, start=68091, stop=68279, strand=-, nt=[ATGGGTAAAC..TAGAGTTTAA]
11:40:03.361 - INFO - CDS - seq=contig_57, start=68722, stop=69096, strand=+, nt=[ATGACATTAG..GAAAGCTTAG]
11:40:03.361 - INFO - CDS - seq=contig_57, start=69111, stop=70757, strand=+, nt=[ATGATTAGCA..AGTAGAATAA]
11:40:03.361 - INFO - CDS - seq=contig_57, start=70947, stop=73007, strand=+, nt=[TTGGCTAAAG..TTTTGACTAA]
11:40:03.361 - INFO - CDS - seq=contig_57, start=73225, stop=73782, strand=+, nt=[TTGAAACTAA..GCGAGGATAA]
11:40:03.361 - INFO - CDS - seq=contig_57, start=73787, stop=74773, strand=+, nt=[ATGGTTAAAT..AAATGAGTAA]
11:40:03.361 - INFO - CDS - seq=contig_57, start=74766, stop=75692, strand=+, nt=[ATGAGTAAAA..AAATGACTAA]
11:40:03.361 - INFO - CDS - seq=contig_57, start=75685, stop=76419, strand=+, nt=[ATGACTAAGA..GTACATGTAA]
11:40:03.361 - INFO - CDS - seq=contig_57, start=76854, stop=77087, strand=+, nt=[GTGGAAAATT..TGAAAAATAA]
11:40:03.361 - INFO - CDS - seq=contig_57, start=77203, stop=77934, strand=+, nt=[ATGTCTAAAC..AATTAAATAG]
11:40:03.361 - INFO - CDS - seq=contig_57, start=78081, stop=81647, strand=+, nt=[ATGGTTTATT..GGAGCAATAA]
11:40:03.361 - INFO - CDS - seq=contig_57, start=81647, stop=82897, strand=+, nt=[ATGAGCTTTT..GGCAAAATGA]
11:40:03.362 - INFO - CDS - seq=contig_57, start=82884, stop=83216, strand=+, nt=[ATGGGGCAAA..CTTAGAATAG]
11:40:03.362 - INFO - CDS - seq=contig_57, start=83242, stop=84609, strand=+, nt=[ATGGCATTTG..ACCGTTTTAA]
11:40:03.362 - INFO - CDS - seq=contig_57, start=85044, stop=85319, strand=+, nt=[ATGGCAGTTA..AGCTAAGTAA]
11:40:03.362 - INFO - CDS - seq=contig_57, start=85507, stop=86010, strand=+, nt=[ATGAGAGTTG..GTTGGATTAA]
11:40:03.362 - INFO - CDS - seq=contig_57, start=86010, stop=86747, strand=+, nt=[ATGAAAATTG..AAAAGGTTAG]
11:40:03.362 - INFO - CDS - seq=contig_57, start=86850, stop=87200, strand=+, nt=[ATGACAAATC..AATTCGTTAA]
11:40:03.362 - INFO - CDS - seq=contig_57, start=87444, stop=90050, strand=-, nt=[GTGTTAAAAA..ACAAAAATAA]
11:40:03.362 - INFO - CDS - seq=contig_57, start=90451, stop=91335, strand=+, nt=[ATGGTTATTC..TAACAATTAA]
11:40:03.362 - INFO - CDS - seq=contig_57, start=91319, stop=92086, strand=+, nt=[ATGACGCTAA..GTTACTGTAA]
11:40:03.362 - INFO - CDS - seq=contig_57, start=92195, stop=93361, strand=+, nt=[ATGAATATCC..AGAAGCATAA]
11:40:03.362 - INFO - CDS - seq=contig_57, start=93383, stop=94291, strand=+, nt=[ATGAGTGTAT..TAATAAATAA]
11:40:03.362 - INFO - CDS - seq=contig_57, start=94518, stop=95636, strand=+, nt=[ATGAATAAAC..AAAAGCATAA]
11:40:03.363 - INFO - CDS - seq=contig_57, start=95664, stop=96908, strand=+, nt=[ATGAAATTTT..TAAGGTTTAA]
11:40:03.363 - INFO - CDS - seq=contig_57, start=97081, stop=97953, strand=+, nt=[TTGATTAAAC..CTATATTTAA]
11:40:03.363 - INFO - CDS - seq=contig_57, start=98127, stop=100202, strand=+, nt=[ATGACATTGG..GCAGAAATAA]
11:40:03.363 - INFO - CDS - seq=contig_57, start=100358, stop=101665, strand=+, nt=[ATGACTCAAA..AACTTTATAA]
11:40:03.363 - INFO - CDS - seq=contig_57, start=102083, stop=102979, strand=+, nt=[TTGAATCATA..TGAAACATGA]
11:40:03.363 - INFO - CDS - seq=contig_57, start=102976, stop=103521, strand=+, nt=[ATGAGTAATA..AACACTATAA]
11:40:03.363 - INFO - CDS - seq=contig_57, start=103587, stop=104990, strand=+, nt=[ATGGATACAG..TATTCTATAA]
11:40:03.363 - INFO - CDS - seq=contig_57, start=105015, stop=105788, strand=+, nt=[ATGAGCTTAT..AAGTAAATAA]
11:40:03.363 - INFO - CDS - seq=contig_57, start=106135, stop=106902, strand=+, nt=[ATGGCAGTAA..TGAAGAATAA]
11:40:03.363 - INFO - CDS - seq=contig_57, start=107084, stop=107965, strand=+, nt=[ATGGCAACTA..AATGAAATAA]
11:40:03.363 - INFO - CDS - seq=contig_57, start=108102, stop=108824, strand=+, nt=[ATGGCTCAAA..TACAAAATAA]
11:40:03.363 - INFO - CDS - seq=contig_57, start=108843, stop=109397, strand=+, nt=[ATGAGTGACA..GTCAGTATAA]
11:40:03.364 - INFO - CDS - seq=contig_57, start=109770, stop=110540, strand=+, nt=[ATGTTTAAAA..TGAGGAGTAG]
11:40:03.364 - INFO - CDS - seq=contig_57, start=110547, stop=111329, strand=+, nt=[ATGAAAGTTA..ACAATCTTAA]
11:40:03.364 - INFO - CDS - seq=contig_57, start=111541, stop=112827, strand=+, nt=[GTGAGCTATT..TTTCTTATAA]
11:40:03.364 - INFO - CDS - seq=contig_57, start=112847, stop=114550, strand=+, nt=[ATGAAGCAAT..CTTAAAATAA]
11:40:03.364 - INFO - CDS - seq=contig_57, start=114808, stop=119124, strand=+, nt=[TTGGCAATGA..TGATATGTAA]
11:40:03.365 - INFO - CDS - seq=contig_57, start=119414, stop=119881, strand=+, nt=[ATGAGTAAAA..TATGATTTAA]
11:40:03.365 - INFO - CDS - seq=contig_57, start=119902, stop=121077, strand=+, nt=[GTGTCAAGTA..ATCTGAATAA]
11:40:03.365 - INFO - CDS - seq=contig_57, start=121098, stop=121382, strand=+, nt=[ATGAAAAAGA..TCCAAAATGA]
11:40:03.365 - INFO - CDS - seq=contig_57, start=121379, stop=121696, strand=+, nt=[ATGAGTATAG..TAAGGAGTGA]
11:40:03.365 - INFO - CDS - seq=contig_57, start=121701, stop=123818, strand=+, nt=[ATGAGTAAAC..TAAGCGTTAA]
11:40:03.365 - INFO - CDS - seq=contig_57, start=124204, stop=124554, strand=+, nt=[ATGAGCAGTA..AGATAGATAA]
11:40:03.365 - INFO - CDS - seq=contig_57, start=124723, stop=125640, strand=+, nt=[ATGTATAATG..CTTTAATTAA]
11:40:03.365 - INFO - CDS - seq=contig_57, start=125655, stop=126626, strand=+, nt=[ATGAAAGTCA..TAATATCTAG]
11:40:03.365 - INFO - CDS - seq=contig_57, start=126741, stop=127010, strand=+, nt=[ATGGCAATTT..CCGTCGTTAA]
11:40:03.365 - INFO - CDS - seq=contig_57, start=127379, stop=129475, strand=+, nt=[ATGTCTCAAG..AGAAGAATAA]
11:40:03.366 - INFO - CDS - seq=contig_57, start=129711, stop=131384, strand=+, nt=[TTGAGTTTAA..TGAAATTTAA]
11:40:03.366 - INFO - CDS - seq=contig_57, start=131641, stop=134007, strand=+, nt=[TTGGCACAAG..CGAGGTGTAA]
11:40:03.366 - INFO - CDS - seq=contig_57, start=134012, stop=134725, strand=+, nt=[ATGTCAGAAA..AAAAATATAG]
11:40:03.366 - INFO - CDS - seq=contig_57, start=134756, stop=136021, strand=+, nt=[TTGAGTAGAC..GGATAAATAA]
11:40:03.366 - INFO - CDS - seq=contig_57, start=136021, stop=137307, strand=+, nt=[ATGAAAGAGC..TAAAAAGTAA]
11:40:03.366 - INFO - CDS - seq=contig_57, start=137307, stop=138011, strand=+, nt=[ATGAAAGCAT..GTATATTTAA]
11:40:03.366 - INFO - CDS - seq=contig_57, start=138116, stop=138943, strand=+, nt=[ATGACAGTTG..CTTCGAGTAA]
11:40:03.366 - INFO - CDS - seq=contig_57, start=138962, stop=139354, strand=+, nt=[TTGAAAACGG..AATATTTTAA]
11:40:03.366 - INFO - CDS - seq=contig_57, start=139388, stop=139966, strand=+, nt=[ATGAATATTC..ACAAAAATAA]
11:40:03.366 - INFO - CDS - seq=contig_57, start=140190, stop=141341, strand=+, nt=[ATGTCAATTG..AACAAATTAA]
11:40:03.366 - INFO - CDS - seq=contig_57, start=141506, stop=142549, strand=+, nt=[TTGGATAACG..CGAAGAATAG]
11:40:03.367 - INFO - CDS - seq=contig_57, start=142903, stop=144462, strand=+, nt=[GTGAATTTAT..TGCGAAATAA]
11:40:03.367 - INFO - CDS - seq=contig_57, start=144759, stop=144974, strand=-, nt=[ATGTCTATTA..ATTAAAATAA]
11:40:03.367 - INFO - CDS - seq=contig_57, start=145148, stop=145945, strand=+, nt=[ATGAGAATAA..AACATTTTAA]
11:40:03.367 - INFO - CDS - seq=contig_57, start=146085, stop=147845, strand=+, nt=[ATGAAACCAC..GATGGTATAG]
11:40:03.367 - INFO - CDS - seq=contig_57, start=147846, stop=148712, strand=+, nt=[ATGGCGACAT..ATTTATTTAA]
11:40:03.367 - INFO - CDS - seq=contig_57, start=148806, stop=149099, strand=+, nt=[ATGAAAGACA..TGATGAATAA]
11:40:03.367 - INFO - CDS - seq=contig_57, start=149233, stop=150777, strand=+, nt=[GTGAACGAAG..GATTCAATAA]
11:40:03.367 - INFO - CDS - seq=contig_57, start=150778, stop=151143, strand=+, nt=[ATGTATAATA..TAGTGATTAA]
11:40:03.367 - INFO - CDS - seq=contig_57, start=151170, stop=151661, strand=+, nt=[ATGAAATCAA..TATAAAATAA]
11:40:03.367 - INFO - CDS - seq=contig_57, start=151964, stop=154582, strand=+, nt=[ATGTCTAATG..ATTAAAATAG]
11:40:03.367 - INFO - CDS - seq=contig_57, start=154595, stop=156604, strand=+, nt=[ATGGGGAAAA..TGTGATGTAG]
11:40:03.367 - INFO - CDS - seq=contig_57, start=156619, stop=157152, strand=+, nt=[GTGAATAACA..ACTTTGGTAA]
11:40:03.367 - INFO - CDS - seq=contig_57, start=157627, stop=158445, strand=+, nt=[ATGAATGTAT..AATTTACTAA]
11:40:03.368 - INFO - CDS - seq=contig_57, start=158574, stop=160070, strand=+, nt=[ATGGAAAAAT..AACAGAATAA]
11:40:03.368 - INFO - CDS - seq=contig_57, start=160228, stop=161901, strand=+, nt=[ATGGCATTGT..TAAAGAATAA]
11:40:03.368 - INFO - CDS - seq=contig_57, start=162048, stop=162965, strand=+, nt=[ATGATGACTG..TAAAAAATAA]
11:40:03.368 - INFO - CDS - seq=contig_57, start=162983, stop=163918, strand=+, nt=[ATGAATAAAA..GATTAAGTAA]
11:40:03.368 - INFO - CDS - seq=contig_57, start=163933, stop=164166, strand=+, nt=[ATGATTGCAA..TGAAGAATAA]
11:40:03.368 - INFO - CDS - seq=contig_57, start=164388, stop=164864, strand=-, nt=[ATGGAGACAA..ATTATTATAA]
11:40:03.368 - INFO - CDS - seq=contig_57, start=164976, stop=166214, strand=+, nt=[ATGGCTCAGC..TAAAAAATAA]
11:40:03.368 - INFO - CDS - seq=contig_57, start=166233, stop=167471, strand=+, nt=[ATGAAAGATA..ACTTATATAA]
11:40:03.368 - INFO - CDS - seq=contig_57, start=167714, stop=168082, strand=+, nt=[ATGATATCGA..TATTAAATAA]
11:40:03.368 - INFO - CDS - seq=contig_57, start=168101, stop=169441, strand=+, nt=[ATGCCAAAAC..GCAATATTAA]
11:40:03.369 - INFO - CDS - seq=contig_57, start=170715, stop=170843, strand=+, nt=[ATGACAAGAG..ACCAGTTTAA]
11:40:03.369 - INFO - CDS - seq=contig_57, start=170830, stop=171042, strand=+, nt=[ATGAACCAGT..TGAATATTAA]
11:40:03.369 - INFO - CDS - seq=contig_57, start=171336, stop=171542, strand=+, nt=[ATGAATGAGA..AGAATGTTAA]
11:40:03.369 - INFO - CDS - seq=contig_57, start=172776, stop=172961, strand=+, nt=[ATGTCAGAAT..AGTTTTGTAA]
11:40:03.369 - INFO - CDS - seq=contig_57, start=173472, stop=173576, strand=+, nt=[ATGTTCAAAG..CAAGATTTAA]
11:40:03.369 - INFO - CDS - seq=contig_57, start=173704, stop=173955, strand=+, nt=[ATGCTTACAT..ATGGTATTAA]
11:40:03.369 - INFO - CDS - seq=contig_57, start=174001, stop=174237, strand=+, nt=[ATGCTTTTTT..CAATTGGTGA]
11:40:03.369 - INFO - CDS - seq=contig_57, start=174319, stop=174612, strand=+, nt=[ATGCTTGATA..ACGAAATTAG]
11:40:03.369 - INFO - CDS - seq=contig_57, start=174678, stop=174872, strand=+, nt=[ATGAATTTAC..ACAAAAATAG]
11:40:03.369 - INFO - CDS - seq=contig_57, start=175416, stop=176441, strand=-, nt=[GTGATCTCAT..ATTAATCTAA]
11:40:03.369 - INFO - CDS - seq=contig_57, start=176711, stop=176908, strand=+, nt=[ATGGAACAAA..GAATAAATAA]
11:40:03.370 - INFO - CDS - seq=contig_57, start=176929, stop=178446, strand=+, nt=[ATGTTTTTTG..AATTTTATAA]
11:40:03.370 - INFO - CDS - seq=contig_57, start=178630, stop=179529, strand=+, nt=[TTGATTCAAA..TCGAATTTAA]
11:40:03.370 - INFO - CDS - seq=contig_57, start=179498, stop=180229, strand=+, nt=[ATGATACTAA..GGCGGAATAA]
11:40:03.370 - INFO - CDS - seq=contig_57, start=180233, stop=181324, strand=+, nt=[ATGAAATTTT..AATAGCATGA]
11:40:03.370 - INFO - CDS - seq=contig_57, start=181321, stop=181923, strand=+, nt=[ATGACATCTT..CTGGATCTAA]
11:40:03.370 - INFO - CDS - seq=contig_57, start=182036, stop=182224, strand=-, nt=[ATGAACATTT..AAAAAATTAG]
11:40:03.371 - INFO - CDS - seq=contig_57, start=182363, stop=182896, strand=+, nt=[ATGAAGTCAA..GAGTAAATAA]
11:40:03.371 - INFO - CDS - seq=contig_57, start=183041, stop=183895, strand=-, nt=[ATGTCTTTTT..ATTCAAGTAA]
11:40:03.371 - INFO - CDS - seq=contig_57, start=184217, stop=184801, strand=+, nt=[GTGAATGAAA..AAATAATTAA]
11:40:03.371 - INFO - CDS - seq=contig_57, start=184855, stop=186237, strand=-, nt=[ATGAAAGTTT..TAAAAACTAA]
11:40:03.371 - INFO - CDS - seq=contig_57, start=186428, stop=187708, strand=+, nt=[ATGAAAAAAT..AGGAGTTTAA]
11:40:03.371 - INFO - CDS - seq=contig_57, start=187714, stop=188775, strand=+, nt=[ATGAGAAGAT..AGCTTTATAA]
11:40:03.371 - INFO - CDS - seq=contig_57, start=188777, stop=189691, strand=+, nt=[ATGTCGAATG..ATACCAATAG]
11:40:03.372 - INFO - CDS - seq=contig_57, start=189749, stop=190552, strand=+, nt=[ATGACAAATT..ATTGTTATAA]
11:40:03.372 - INFO - CDS - seq=contig_57, start=190845, stop=191159, strand=-, nt=[ATGATTGGAC..AGCTAAATAA]
11:40:03.372 - INFO - CDS - seq=contig_57, start=191377, stop=192831, strand=-, nt=[ATGGAAGATA..TCAAAAATAA]
11:40:03.372 - INFO - CDS - seq=contig_57, start=193035, stop=194552, strand=+, nt=[ATGTCACAAC..TGAAAAATAA]
11:40:03.372 - INFO - CDS - seq=contig_57, start=194643, stop=194792, strand=+, nt=[GTGCGCGTAA..AACTAAGTAA]
11:40:03.372 - INFO - CDS - seq=contig_57, start=195246, stop=195515, strand=+, nt=[ATGGCTAAGA..AAGTTGGTAA]
11:40:03.372 - INFO - CDS - seq=contig_57, start=195672, stop=196649, strand=+, nt=[GTGAAAATAT..TAGAGATTAA]
11:40:03.372 - INFO - CDS - seq=contig_57, start=196824, stop=197687, strand=+, nt=[TTGGATACAC..TACTGGTTAA]
11:40:03.372 - INFO - CDS - seq=contig_57, start=198067, stop=198690, strand=-, nt=[ATGAGAGAAT..CGAAATGTAA]
11:40:03.373 - INFO - CDS - seq=contig_57, start=198830, stop=199066, strand=+, nt=[ATGATGTTTT..AATAAATTGA]
11:40:03.373 - INFO - CDS - seq=contig_57, start=199203, stop=199442, strand=+, nt=[TTGAGTAATT..TAAAAATTAA]
11:40:03.373 - INFO - CDS - seq=contig_57, start=199563, stop=201551, strand=+, nt=[ATGTTTAATG..GAGCTTATAA]
11:40:03.373 - INFO - CDS - seq=contig_57, start=201784, stop=202071, strand=+, nt=[ATGAATTTAG..GAAAAAGTAA]
11:40:03.373 - INFO - CDS - seq=contig_57, start=202250, stop=202717, strand=+, nt=[GTGCTCTATT..AATCAATTAA]
11:40:03.373 - INFO - CDS - seq=contig_57, start=202841, stop=203962, strand=+, nt=[ATGAAAATTA..GGAGGATTAA]
11:40:03.373 - INFO - CDS - seq=contig_57, start=203966, stop=206995, strand=+, nt=[ATGAAACCAT..AAGAAATTAA]
11:40:03.373 - INFO - CDS - seq=contig_57, start=207066, stop=207428, strand=-, nt=[ATGTTAAAAG..GAAAAAATAA]
11:40:03.373 - INFO - CDS - seq=contig_57, start=207632, stop=209278, strand=+, nt=[ATGAATTCTT..AGATAACTAA]
11:40:03.373 - INFO - CDS - seq=contig_57, start=210225, stop=212930, strand=+, nt=[ATGGCTGCAA..AGCGCAATAA]
11:40:03.373 - INFO - CDS - seq=contig_57, start=213110, stop=213577, strand=+, nt=[ATGATATATA..TTCTTTATAA]
11:40:03.373 - INFO - CDS - seq=contig_57, start=213784, stop=214080, strand=-, nt=[ATGCAAATAG..CACAAAATAA]
11:40:03.374 - INFO - CDS - seq=contig_57, start=214456, stop=215064, strand=-, nt=[ATGATGATAA..ATGGATGTAA]
11:40:03.374 - INFO - CDS - seq=contig_57, start=215270, stop=217261, strand=+, nt=[ATGAATAAAC..GGAAATCTAG]
11:40:03.374 - INFO - CDS - seq=contig_57, start=217261, stop=219663, strand=+, nt=[GTGAGTGAAA..TATTAGCTAA]
11:40:03.374 - INFO - CDS - seq=contig_57, start=219913, stop=221373, strand=+, nt=[TTGAAAGATT..TGATAAATAA]
11:40:03.374 - INFO - CDS - seq=contig_57, start=221873, stop=222724, strand=+, nt=[ATGGGAGAAT..TCAATCCTAA]
11:40:03.374 - INFO - CDS - seq=contig_57, start=222919, stop=224067, strand=+, nt=[ATGAAGTTTG..AGTTGAATAA]
11:40:03.374 - INFO - CDS - seq=contig_57, start=224548, stop=227070, strand=+, nt=[ATGAATCAGG..TCACAAATAA]
11:40:03.374 - INFO - CDS - seq=contig_57, start=227273, stop=227782, strand=-, nt=[ATGAATATTA..TAAGCAATAA]
11:40:03.374 - INFO - CDS - seq=contig_57, start=227919, stop=228902, strand=+, nt=[ATGGATAAAG..TGAAGATTAA]
11:40:03.374 - INFO - CDS - seq=contig_57, start=228990, stop=229178, strand=-, nt=[ATGATGCCAA..AGATCAATAA]
11:40:03.374 - INFO - CDS - seq=contig_57, start=229323, stop=230585, strand=+, nt=[GTGTATAATT..TAAAATGTAA]
11:40:03.374 - INFO - CDS - seq=contig_57, start=230722, stop=231813, strand=-, nt=[ATGACAACAG..TATCCAATAA]
11:40:03.375 - INFO - CDS - seq=contig_57, start=231978, stop=232256, strand=+, nt=[ATGGAACCAA..TCACGTATAA]
11:40:03.375 - INFO - CDS - seq=contig_57, start=232237, stop=233010, strand=+, nt=[TTGGAGGGAT..AATTGAGTAA]
11:40:03.375 - INFO - CDS - seq=contig_57, start=233502, stop=234908, strand=+, nt=[ATGGATATAT..GAGGCCATGA]
11:40:03.375 - INFO - CDS - seq=contig_57, start=234905, stop=235471, strand=+, nt=[ATGATCTTAG..GGAAGGATGA]
11:40:03.375 - INFO - CDS - seq=contig_57, start=235477, stop=236475, strand=+, nt=[ATGACATTAC..AGGTGAATAA]
11:40:03.375 - INFO - CDS - seq=contig_57, start=236477, stop=237259, strand=+, nt=[ATGACGATTT..GAAGTCATGA]
11:40:03.375 - INFO - CDS - seq=contig_57, start=237256, stop=237891, strand=+, nt=[ATGATGAAAT..CAATGAATAA]
11:40:03.375 - INFO - CDS - seq=contig_57, start=237884, stop=239098, strand=+, nt=[ATGAATAAAC..AAATGACTAA]
11:40:03.375 - INFO - CDS - seq=contig_57, start=239091, stop=239819, strand=+, nt=[ATGACTAAAT..GAATAATTAA]
11:40:03.375 - INFO - CDS - seq=contig_57, start=240141, stop=241403, strand=+, nt=[ATGAAGTTTA..AATTTTTTAG]
11:40:03.375 - INFO - CDS - seq=contig_57, start=241422, stop=242681, strand=+, nt=[ATGAAATTTA..AAAGAAATAG]
11:40:03.376 - INFO - CDS - seq=contig_57, start=242970, stop=243716, strand=+, nt=[ATGAATCGAA..TGTTAAATAA]
11:40:03.376 - INFO - CDS - seq=contig_57, start=243946, stop=244713, strand=+, nt=[ATGAGATTTG..ATATAAATAA]
11:40:03.376 - INFO - CDS - seq=contig_57, start=244761, stop=245234, strand=-, nt=[ATGGGATTAC..ATTTTATTAA]
11:40:03.376 - INFO - CDS - seq=contig_57, start=245358, stop=246059, strand=-, nt=[ATGATTGAGT..TTCATATTAG]
11:40:03.376 - INFO - CDS - seq=contig_57, start=246052, stop=246828, strand=-, nt=[ATGATGAGTC..CTATGATTGA]
11:40:03.376 - INFO - CDS - seq=contig_57, start=246812, stop=247642, strand=-, nt=[ATGCATAAAA..GTCTCATTGA]
11:40:03.376 - INFO - CDS - seq=contig_57, start=247635, stop=248621, strand=-, nt=[ATGTTCATAA..TCATGCATAA]
11:40:03.376 - INFO - CDS - seq=contig_57, start=248925, stop=249269, strand=-, nt=[ATGACATTAT..TAAAAAATAA]
11:40:03.376 - INFO - CDS - seq=contig_57, start=249474, stop=251288, strand=+, nt=[ATGTCTCAAG..AAATAACTAA]
11:40:03.376 - INFO - CDS - seq=contig_57, start=251428, stop=252069, strand=-, nt=[ATGGCAATAA..CGAACAATAA]
11:40:03.376 - INFO - CDS - seq=contig_57, start=252076, stop=252927, strand=-, nt=[ATGGCGCAAA..GTTTGGTTGA]
11:40:03.377 - INFO - CDS - seq=contig_57, start=252974, stop=253891, strand=-, nt=[ATGGAAACGA..AAAATTCTAA]
11:40:03.377 - INFO - CDS - seq=contig_57, start=253893, stop=254819, strand=-, nt=[ATGACTTCAT..GGAGTATTAA]
11:40:03.377 - INFO - CDS - seq=contig_57, start=255010, stop=255993, strand=-, nt=[ATGAAAAAAT..CAAAAAATAA]
11:40:03.378 - INFO - CDS - seq=contig_58, start=434, stop=2035, strand=-, frame=2, truncated=no, start-type=ATG, RBS-motif=AGGAG
11:40:03.378 - INFO - CDS - seq=contig_58, start=2182, stop=3084, strand=+, frame=1, truncated=no, start-type=ATG, RBS-motif=AGGAG
11:40:03.378 - INFO - CDS - seq=contig_58, start=434, stop=2035, strand=-, nt=[ATGTTACAAG..TTTAAAATAA]
11:40:03.378 - INFO - CDS - seq=contig_58, start=2182, stop=3084, strand=+, nt=[ATGGCATTAG..AAAAGAATAA]
11:40:03.378 - INFO - CDS - seq=contig_59, start=166, stop=390, strand=+, frame=1, truncated=no, start-type=ATG, RBS-motif=GGA/GAG/AGG
11:40:03.378 - INFO - CDS - seq=contig_59, start=166, stop=390, strand=+, nt=[ATGTATGAAT..AGATAAATAA]
11:40:03.378 - INFO - CDS - seq=contig_60, start=34, stop=597, strand=+, frame=1, truncated=no, start-type=GTG, RBS-motif=None
11:40:03.378 - INFO - CDS - seq=contig_60, start=713, stop=1474, strand=+, frame=2, truncated=no, start-type=ATG, RBS-motif=GGA/GAG/AGG
11:40:03.379 - INFO - CDS - seq=contig_60, start=1719, stop=2174, strand=+, frame=3, truncated=no, start-type=ATG, RBS-motif=AGGAG
11:40:03.379 - INFO - CDS - seq=contig_60, start=2293, stop=2397, strand=+, frame=1, truncated=no, start-type=ATG, RBS-motif=AGGAG
11:40:03.379 - INFO - CDS - seq=contig_60, start=2457, stop=3881, strand=-, frame=3, truncated=no, start-type=ATG, RBS-motif=AGGAGG
11:40:03.379 - INFO - CDS - seq=contig_60, start=4079, stop=4279, strand=+, frame=2, truncated=no, start-type=ATG, RBS-motif=GGAG/GAGG
11:40:03.379 - INFO - CDS - seq=contig_60, start=4305, stop=4970, strand=+, frame=3, truncated=no, start-type=ATG, RBS-motif=AGGA/GGAG/GAGG
11:40:03.379 - INFO - CDS - seq=contig_60, start=4981, stop=5868, strand=+, frame=1, truncated=no, start-type=ATG, RBS-motif=GGA/GAG/AGG
11:40:03.379 - INFO - CDS - seq=contig_60, start=5976, stop=6731, strand=+, frame=3, truncated=no, start-type=ATG, RBS-motif=GGAG/GAGG
11:40:03.379 - INFO - CDS - seq=contig_60, start=6728, stop=8728, strand=+, frame=2, truncated=no, start-type=ATG, RBS-motif=AGGAG/GGAGG
11:40:03.379 - INFO - CDS - seq=contig_60, start=9891, stop=10142, strand=+, frame=3, truncated=no, start-type=ATG, RBS-motif=AGGA
11:40:03.379 - INFO - CDS - seq=contig_60, start=10152, stop=10649, strand=+, frame=3, truncated=no, start-type=ATG, RBS-motif=GGA/GAG/AGG
11:40:03.379 - INFO - CDS - seq=contig_60, start=11043, stop=12923, strand=+, frame=3, truncated=no, start-type=TTG, RBS-motif=GGAG/GAGG
11:40:03.380 - INFO - CDS - seq=contig_60, start=12986, stop=13591, strand=+, frame=2, truncated=no, start-type=ATG, RBS-motif=AGGA/GGAG/GAGG
11:40:03.380 - INFO - CDS - seq=contig_60, start=14084, stop=15454, strand=+, frame=2, truncated=no, start-type=ATG, RBS-motif=AGGAG/GGAGG
11:40:03.380 - INFO - CDS - seq=contig_60, start=15644, stop=17494, strand=+, frame=2, truncated=no, start-type=ATG, RBS-motif=AGxAGG/AGGxGG
11:40:03.380 - INFO - CDS - seq=contig_60, start=17491, stop=18027, strand=+, frame=1, truncated=no, start-type=ATG, RBS-motif=None
11:40:03.380 - INFO - CDS - seq=contig_60, start=18546, stop=20168, strand=+, frame=3, truncated=no, start-type=TTG, RBS-motif=GGAG/GAGG
11:40:03.380 - INFO - CDS - seq=contig_60, start=20339, stop=20902, strand=-, frame=1, truncated=no, start-type=ATG, RBS-motif=GGAGG
11:40:03.380 - INFO - CDS - seq=contig_60, start=21155, stop=22645, strand=+, frame=2, truncated=no, start-type=ATG, RBS-motif=GGAGG
11:40:03.380 - INFO - CDS - seq=contig_60, start=22906, stop=24615, strand=+, frame=1, truncated=no, start-type=ATG, RBS-motif=GGAGG
11:40:03.380 - INFO - CDS - seq=contig_60, start=24893, stop=25105, strand=+, frame=2, truncated=no, start-type=ATG, RBS-motif=AGxAGG/AGGxGG
11:40:03.381 - INFO - CDS - seq=contig_60, start=25385, stop=25828, strand=+, frame=2, truncated=no, start-type=ATG, RBS-motif=GGA/GAG/AGG
11:40:03.381 - INFO - CDS - seq=contig_60, start=26022, stop=27620, strand=+, frame=3, truncated=no, start-type=ATG, RBS-motif=AGGA
11:40:03.381 - INFO - CDS - seq=contig_60, start=28305, stop=29801, strand=+, frame=3, truncated=no, start-type=ATG, RBS-motif=GGAG/GAGG
11:40:03.381 - INFO - CDS - seq=contig_60, start=29995, stop=30885, strand=-, frame=2, truncated=no, start-type=ATG, RBS-motif=AGGAG
11:40:03.381 - INFO - CDS - seq=contig_60, start=31008, stop=31424, strand=-, frame=3, truncated=no, start-type=ATG, RBS-motif=GGAG/GAGG
11:40:03.381 - INFO - CDS - seq=contig_60, start=31682, stop=33019, strand=+, frame=2, truncated=no, start-type=ATG, RBS-motif=GGAGG
11:40:03.381 - INFO - CDS - seq=contig_60, start=33100, stop=34548, strand=-, frame=2, truncated=no, start-type=ATG, RBS-motif=GGAGG
11:40:03.381 - INFO - CDS - seq=contig_60, start=35234, stop=36193, strand=+, frame=2, truncated=no, start-type=ATG, RBS-motif=AGGAG
11:40:03.381 - INFO - CDS - seq=contig_60, start=36471, stop=37175, strand=+, frame=3, truncated=no, start-type=ATG, RBS-motif=AGGA/GGAG/GAGG
11:40:03.381 - INFO - CDS - seq=contig_60, start=37261, stop=38121, strand=-, frame=2, truncated=no, start-type=ATG, RBS-motif=AGGA
11:40:03.382 - INFO - CDS - seq=contig_60, start=38194, stop=39012, strand=+, frame=1, truncated=no, start-type=TTG, RBS-motif=GGAG/GAGG
11:40:03.382 - INFO - CDS - seq=contig_60, start=39005, stop=39856, strand=+, frame=2, truncated=no, start-type=ATG, RBS-motif=GGAG/GAGG
11:40:03.382 - INFO - CDS - seq=contig_60, start=39858, stop=40241, strand=+, frame=3, truncated=no, start-type=GTG, RBS-motif=GGAG/GAGG
11:40:03.382 - INFO - CDS - seq=contig_60, start=40584, stop=41660, strand=+, frame=3, truncated=no, start-type=ATG, RBS-motif=AGGAGG
11:40:03.382 - INFO - CDS - seq=contig_60, start=41676, stop=42311, strand=+, frame=3, truncated=no, start-type=ATG, RBS-motif=AGGA
11:40:03.382 - INFO - CDS - seq=contig_60, start=42409, stop=44091, strand=-, frame=2, truncated=no, start-type=ATG, RBS-motif=GGA/GAG/AGG
11:40:03.382 - INFO - CDS - seq=contig_60, start=44234, stop=44821, strand=+, frame=2, truncated=no, start-type=ATG, RBS-motif=AGGAG/GGAGG
11:40:03.382 - INFO - CDS - seq=contig_60, start=44902, stop=45351, strand=-, frame=2, truncated=no, start-type=ATG, RBS-motif=GGAG/GAGG
11:40:03.382 - INFO - CDS - seq=contig_60, start=45705, stop=46427, strand=+, frame=3, truncated=no, start-type=ATG, RBS-motif=GGAGG
11:40:03.382 - INFO - CDS - seq=contig_60, start=46463, stop=46576, strand=+, frame=2, truncated=no, start-type=ATG, RBS-motif=GGA/GAG/AGG
11:40:03.383 - INFO - CDS - seq=contig_60, start=46613, stop=46888, strand=-, frame=1, truncated=no, start-type=ATG, RBS-motif=GGAGG
11:40:03.383 - INFO - CDS - seq=contig_60, start=47043, stop=48107, strand=-, frame=3, truncated=no, start-type=ATG, RBS-motif=AGGAG
11:40:03.383 - INFO - CDS - seq=contig_60, start=48325, stop=49191, strand=+, frame=1, truncated=no, start-type=ATG, RBS-motif=GGA/GAG/AGG
11:40:03.383 - INFO - CDS - seq=contig_60, start=49535, stop=49810, strand=+, frame=2, truncated=no, start-type=ATG, RBS-motif=GGAG/GAGG
11:40:03.383 - INFO - CDS - seq=contig_60, start=49855, stop=50193, strand=+, frame=1, truncated=no, start-type=ATG, RBS-motif=GGA/GAG/AGG
11:40:03.384 - INFO - CDS - seq=contig_60, start=50181, stop=50477, strand=+, frame=3, truncated=no, start-type=ATG, RBS-motif=AGGAGG
11:40:03.384 - INFO - CDS - seq=contig_60, start=50810, stop=51916, strand=+, frame=2, truncated=no, start-type=ATG, RBS-motif=GGAG/GAGG
11:40:03.384 - INFO - CDS - seq=contig_60, start=51904, stop=53250, strand=+, frame=1, truncated=no, start-type=ATG, RBS-motif=None
11:40:03.384 - INFO - CDS - seq=contig_60, start=53347, stop=54237, strand=+, frame=1, truncated=no, start-type=ATG, RBS-motif=AGGAG
11:40:03.384 - INFO - CDS - seq=contig_60, start=54384, stop=55214, strand=-, frame=3, truncated=no, start-type=ATG, RBS-motif=GGAGG
11:40:03.384 - INFO - CDS - seq=contig_60, start=55234, stop=56244, strand=-, frame=2, truncated=no, start-type=ATG, RBS-motif=GGAGG
11:40:03.384 - INFO - CDS - seq=contig_60, start=56342, stop=57046, strand=-, frame=1, truncated=no, start-type=ATG, RBS-motif=GGAG/GAGG
11:40:03.384 - INFO - CDS - seq=contig_60, start=57039, stop=57596, strand=-, frame=3, truncated=no, start-type=ATG, RBS-motif=AGxAGG/AGGxGG
11:40:03.385 - INFO - CDS - seq=contig_60, start=57727, stop=58026, strand=+, frame=1, truncated=no, start-type=ATG, RBS-motif=GGA/GAG/AGG
11:40:03.385 - INFO - CDS - seq=contig_60, start=58046, stop=58867, strand=+, frame=2, truncated=no, start-type=ATG, RBS-motif=AGGAG
11:40:03.385 - INFO - CDS - seq=contig_60, start=58884, stop=59261, strand=+, frame=3, truncated=no, start-type=ATG, RBS-motif=None
11:40:03.385 - INFO - CDS - seq=contig_60, start=59563, stop=59793, strand=-, frame=2, truncated=no, start-type=ATG, RBS-motif=AGGAGG
11:40:03.385 - INFO - CDS - seq=contig_60, start=60013, stop=60333, strand=-, frame=2, truncated=no, start-type=GTG, RBS-motif=AGGAGG
11:40:03.385 - INFO - CDS - seq=contig_60, start=60711, stop=61298, strand=-, frame=3, truncated=no, start-type=ATG, RBS-motif=None
11:40:03.385 - INFO - CDS - seq=contig_60, start=61690, stop=62745, strand=+, frame=1, truncated=no, start-type=ATG, RBS-motif=AGGA
11:40:03.385 - INFO - CDS - seq=contig_60, start=63353, stop=64054, strand=+, frame=2, truncated=no, start-type=ATG, RBS-motif=GGAGG
11:40:03.385 - INFO - CDS - seq=contig_60, start=64336, stop=64824, strand=+, frame=1, truncated=no, start-type=ATG, RBS-motif=AGGAG
11:40:03.385 - INFO - CDS - seq=contig_60, start=65337, stop=67148, strand=+, frame=3, truncated=no, start-type=ATG, RBS-motif=None
11:40:03.386 - INFO - CDS - seq=contig_60, start=67509, stop=68276, strand=+, frame=3, truncated=no, start-type=ATG, RBS-motif=GGAGG
11:40:03.386 - INFO - CDS - seq=contig_60, start=68442, stop=68939, strand=+, frame=3, truncated=no, start-type=ATG, RBS-motif=3Base/5BMM
11:40:03.386 - INFO - CDS - seq=contig_60, start=68932, stop=70425, strand=+, frame=1, truncated=no, start-type=ATG, RBS-motif=GGAG/GAGG
11:40:03.386 - INFO - CDS - seq=contig_60, start=70431, stop=71558, strand=+, frame=3, truncated=no, start-type=ATG, RBS-motif=AGGA
11:40:03.386 - INFO - CDS - seq=contig_60, start=71595, stop=72458, strand=+, frame=3, truncated=no, start-type=ATG, RBS-motif=AGGAGG
11:40:03.386 - INFO - CDS - seq=contig_60, start=72470, stop=73978, strand=+, frame=2, truncated=no, start-type=ATG, RBS-motif=AGxAGG/AGGxGG
11:40:03.386 - INFO - CDS - seq=contig_60, start=74406, stop=75560, strand=+, frame=3, truncated=no, start-type=ATG, RBS-motif=AGGAGG
11:40:03.386 - INFO - CDS - seq=contig_60, start=75553, stop=76581, strand=+, frame=1, truncated=no, start-type=ATG, RBS-motif=None
11:40:03.386 - INFO - CDS - seq=contig_60, start=76672, stop=76878, strand=-, frame=2, truncated=no, start-type=ATG, RBS-motif=AGGAGG
11:40:03.386 - INFO - CDS - seq=contig_60, start=77416, stop=79824, strand=-, frame=2, truncated=no, start-type=GTG, RBS-motif=GGAGG
11:40:03.387 - INFO - CDS - seq=contig_60, start=80064, stop=80255, strand=-, frame=3, truncated=no, start-type=ATG, RBS-motif=AGGAG
11:40:03.387 - INFO - CDS - seq=contig_60, start=80494, stop=81093, strand=+, frame=1, truncated=no, start-type=ATG, RBS-motif=AGGAG/GGAGG
11:40:03.387 - INFO - CDS - seq=contig_60, start=81283, stop=82827, strand=+, frame=1, truncated=no, start-type=ATG, RBS-motif=AGxAGG/AGGxGG
11:40:03.387 - INFO - CDS - seq=contig_60, start=83183, stop=83671, strand=-, frame=1, truncated=no, start-type=TTG, RBS-motif=AGxAG
11:40:03.387 - INFO - CDS - seq=contig_60, start=83878, stop=86367, strand=+, frame=1, truncated=no, start-type=TTG, RBS-motif=AGGAGG
11:40:03.387 - INFO - CDS - seq=contig_60, start=86583, stop=86810, strand=+, frame=3, truncated=no, start-type=ATG, RBS-motif=AGGAG/GGAGG
11:40:03.387 - INFO - CDS - seq=contig_60, start=86822, stop=88816, strand=+, frame=2, truncated=no, start-type=ATG, RBS-motif=AGGAG
11:40:03.387 - INFO - CDS - seq=contig_60, start=88829, stop=88999, strand=+, frame=2, truncated=no, start-type=GTG, RBS-motif=AGGAG
11:40:03.387 - INFO - CDS - seq=contig_60, start=89068, stop=91173, strand=-, frame=2, truncated=no, start-type=ATG, RBS-motif=GGAG/GAGG
11:40:03.387 - INFO - CDS - seq=contig_60, start=91582, stop=92103, strand=+, frame=1, truncated=no, start-type=ATG, RBS-motif=AGxAGG/AGGxGG
11:40:03.388 - INFO - CDS - seq=contig_60, start=92268, stop=93434, strand=-, frame=3, truncated=no, start-type=ATG, RBS-motif=AGGA/GGAG/GAGG
11:40:03.388 - INFO - CDS - seq=contig_60, start=93689, stop=94966, strand=+, frame=2, truncated=no, start-type=ATG, RBS-motif=AGGAG
11:40:03.388 - INFO - CDS - seq=contig_60, start=95105, stop=95536, strand=-, frame=1, truncated=no, start-type=ATG, RBS-motif=GGAG/GAGG
11:40:03.388 - INFO - CDS - seq=contig_60, start=95926, stop=96144, strand=-, frame=2, truncated=no, start-type=TTG, RBS-motif=GGAG/GAGG
11:40:03.388 - INFO - CDS - seq=contig_60, start=96326, stop=97189, strand=+, frame=2, truncated=no, start-type=ATG, RBS-motif=GGA/GAG/AGG
11:40:03.388 - INFO - CDS - seq=contig_60, start=97402, stop=97797, strand=+, frame=1, truncated=no, start-type=ATG, RBS-motif=GGA/GAG/AGG
11:40:03.388 - INFO - CDS - seq=contig_60, start=97790, stop=98479, strand=+, frame=2, truncated=no, start-type=ATG, RBS-motif=GGA/GAG/AGG
11:40:03.389 - INFO - CDS - seq=contig_60, start=98530, stop=100269, strand=+, frame=1, truncated=no, start-type=ATG, RBS-motif=AGGAG/GGAGG
11:40:03.389 - INFO - CDS - seq=contig_60, start=100537, stop=102636, strand=+, frame=1, truncated=no, start-type=ATG, RBS-motif=None
11:40:03.389 - INFO - CDS - seq=contig_60, start=103016, stop=103426, strand=+, frame=2, truncated=no, start-type=ATG, RBS-motif=AGGAG
11:40:03.389 - INFO - CDS - seq=contig_60, start=103468, stop=103824, strand=+, frame=1, truncated=no, start-type=ATG, RBS-motif=AGxAGG/AGGxGG
11:40:03.389 - INFO - CDS - seq=contig_60, start=103945, stop=104913, strand=+, frame=1, truncated=no, start-type=ATG, RBS-motif=AGGAG
11:40:03.390 - INFO - CDS - seq=contig_60, start=104994, stop=105323, strand=-, frame=3, truncated=no, start-type=ATG, RBS-motif=None
11:40:03.390 - INFO - CDS - seq=contig_60, start=105345, stop=105956, strand=-, frame=3, truncated=no, start-type=ATG, RBS-motif=None
11:40:03.390 - INFO - CDS - seq=contig_60, start=106112, stop=106315, strand=-, frame=1, truncated=no, start-type=GTG, RBS-motif=GGAGG
11:40:03.390 - INFO - CDS - seq=contig_60, start=106865, stop=107908, strand=+, frame=2, truncated=no, start-type=ATG, RBS-motif=GGAG/GAGG
11:40:03.390 - INFO - CDS - seq=contig_60, start=107911, stop=108591, strand=+, frame=1, truncated=no, start-type=ATG, RBS-motif=AGGAG/GGAGG
11:40:03.390 - INFO - CDS - seq=contig_60, start=108605, stop=109504, strand=+, frame=2, truncated=no, start-type=ATG, RBS-motif=GGAG/GAGG
11:40:03.390 - INFO - CDS - seq=contig_60, start=109683, stop=109853, strand=+, frame=3, truncated=no, start-type=ATG, RBS-motif=AGGAG
11:40:03.391 - INFO - CDS - seq=contig_60, start=109997, stop=110488, strand=-, frame=1, truncated=no, start-type=ATG, RBS-motif=AGxAGG/AGGxGG
11:40:03.391 - INFO - CDS - seq=contig_60, start=110682, stop=111302, strand=+, frame=3, truncated=no, start-type=ATG, RBS-motif=AGGAG
11:40:03.391 - INFO - CDS - seq=contig_60, start=111464, stop=112186, strand=-, frame=1, truncated=no, start-type=TTG, RBS-motif=GGAG/GAGG
11:40:03.391 - INFO - CDS - seq=contig_60, start=112201, stop=112836, strand=-, frame=2, truncated=no, start-type=ATG, RBS-motif=AGGAG
11:40:03.391 - INFO - CDS - seq=contig_60, start=113156, stop=113956, strand=+, frame=2, truncated=no, start-type=ATG, RBS-motif=AGGAGG
11:40:03.391 - INFO - CDS - seq=contig_60, start=114203, stop=115195, strand=-, frame=1, truncated=no, start-type=ATG, RBS-motif=GGAG/GAGG
11:40:03.391 - INFO - CDS - seq=contig_60, start=115465, stop=116136, strand=+, frame=1, truncated=no, start-type=ATG, RBS-motif=GGAGG
11:40:03.391 - INFO - CDS - seq=contig_60, start=116257, stop=117063, strand=-, frame=2, truncated=no, start-type=ATG, RBS-motif=GGAG/GAGG
11:40:03.391 - INFO - CDS - seq=contig_60, start=117234, stop=117518, strand=-, frame=3, truncated=no, start-type=ATG, RBS-motif=AGGAG
11:40:03.391 - INFO - CDS - seq=contig_60, start=117744, stop=118178, strand=+, frame=3, truncated=no, start-type=ATG, RBS-motif=None
11:40:03.391 - INFO - CDS - seq=contig_60, start=118256, stop=119215, strand=+, frame=2, truncated=no, start-type=ATG, RBS-motif=GGAG/GAGG
11:40:03.392 - INFO - CDS - seq=contig_60, start=119246, stop=119839, strand=+, frame=2, truncated=no, start-type=ATG, RBS-motif=AGGAGG
11:40:03.392 - INFO - CDS - seq=contig_60, start=119944, stop=121023, strand=-, frame=2, truncated=no, start-type=ATG, RBS-motif=GGA/GAG/AGG
11:40:03.392 - INFO - CDS - seq=contig_60, start=121365, stop=123329, strand=-, frame=3, truncated=no, start-type=ATG, RBS-motif=AGGAG
11:40:03.392 - INFO - CDS - seq=contig_60, start=123702, stop=124472, strand=-, frame=3, truncated=no, start-type=ATG, RBS-motif=AGGAG/GGAGG
11:40:03.392 - INFO - CDS - seq=contig_60, start=124474, stop=125169, strand=-, frame=2, truncated=no, start-type=ATG, RBS-motif=AGGAG
11:40:03.392 - INFO - CDS - seq=contig_60, start=125687, stop=126298, strand=-, frame=1, truncated=no, start-type=ATG, RBS-motif=AGGAG(G)/GGAGG
11:40:03.392 - INFO - CDS - seq=contig_60, start=126845, stop=128122, strand=+, frame=2, truncated=no, start-type=ATG, RBS-motif=AGxAGG/AGGxGG
11:40:03.392 - INFO - CDS - seq=contig_60, start=128599, stop=130422, strand=+, frame=1, truncated=no, start-type=ATG, RBS-motif=GGA/GAG/AGG
11:40:03.392 - INFO - CDS - seq=contig_60, start=130561, stop=130977, strand=+, frame=1, truncated=no, start-type=ATG, RBS-motif=GGAGG
11:40:03.393 - INFO - CDS - seq=contig_60, start=131208, stop=131900, strand=+, frame=3, truncated=no, start-type=ATG, RBS-motif=AGGAG/GGAGG
11:40:03.393 - INFO - CDS - seq=contig_60, start=132065, stop=132829, strand=+, frame=2, truncated=no, start-type=ATG, RBS-motif=AGGAGG
11:40:03.393 - INFO - CDS - seq=contig_60, start=132985, stop=133662, strand=+, frame=1, truncated=no, start-type=ATG, RBS-motif=AGGAG
11:40:03.393 - INFO - CDS - seq=contig_60, start=133686, stop=135239, strand=+, frame=3, truncated=no, start-type=ATG, RBS-motif=AGxAGG/AGGxGG
11:40:03.393 - INFO - CDS - seq=contig_60, start=135356, stop=136714, strand=+, frame=2, truncated=no, start-type=ATG, RBS-motif=GGAG/GAGG
11:40:03.393 - INFO - CDS - seq=contig_60, start=136848, stop=137048, strand=+, frame=3, truncated=no, start-type=ATG, RBS-motif=GGA/GAG/AGG
11:40:03.393 - INFO - CDS - seq=contig_60, start=34, stop=597, strand=+, nt=[GTGAGCGATT..AAAAGCGTAA]
11:40:03.393 - INFO - CDS - seq=contig_60, start=713, stop=1474, strand=+, nt=[ATGGCTTATA..GAATGATTAA]
11:40:03.393 - INFO - CDS - seq=contig_60, start=1719, stop=2174, strand=+, nt=[ATGTCGACCA..AGAAAGCTAG]
11:40:03.393 - INFO - CDS - seq=contig_60, start=2293, stop=2397, strand=+, nt=[ATGATGAAAA..TGAGTACTAA]
11:40:03.393 - INFO - CDS - seq=contig_60, start=2457, stop=3881, strand=-, nt=[ATGTTATCAG..ATTCAAGTAA]
11:40:03.394 - INFO - CDS - seq=contig_60, start=4079, stop=4279, strand=+, nt=[ATGATACTAG..CAAAGGATAA]
11:40:03.394 - INFO - CDS - seq=contig_60, start=4305, stop=4970, strand=+, nt=[ATGAAAATAT..TAAAGTATAG]
11:40:03.394 - INFO - CDS - seq=contig_60, start=4981, stop=5868, strand=+, nt=[ATGACCTTTC..AGATGAATAA]
11:40:03.394 - INFO - CDS - seq=contig_60, start=5976, stop=6731, strand=+, nt=[ATGTTGCTAG..CAATATATGA]
11:40:03.394 - INFO - CDS - seq=contig_60, start=6728, stop=8728, strand=+, nt=[ATGAAGTTAA..ACGTAATTAA]
11:40:03.394 - INFO - CDS - seq=contig_60, start=9891, stop=10142, strand=+, nt=[ATGAGGGGTT..GGCTGTGTAG]
11:40:03.394 - INFO - CDS - seq=contig_60, start=10152, stop=10649, strand=+, nt=[ATGAATAATA..TTCATCTTAA]
11:40:03.394 - INFO - CDS - seq=contig_60, start=11043, stop=12923, strand=+, nt=[TTGAAATTAA..TGTTTATTAG]
11:40:03.394 - INFO - CDS - seq=contig_60, start=12986, stop=13591, strand=+, nt=[ATGAATATGC..TGTAAGATAA]
11:40:03.394 - INFO - CDS - seq=contig_60, start=14084, stop=15454, strand=+, nt=[ATGAATAGTG..GACGATTTAA]
11:40:03.395 - INFO - CDS - seq=contig_60, start=15644, stop=17494, strand=+, nt=[ATGAATCAAA..TAAAGAATGA]
11:40:03.395 - INFO - CDS - seq=contig_60, start=17491, stop=18027, strand=+, nt=[ATGACACTTT..AGTTAGTTGA]
11:40:03.395 - INFO - CDS - seq=contig_60, start=18546, stop=20168, strand=+, nt=[TTGAAAAAAG..TAATTTATAA]
11:40:03.395 - INFO - CDS - seq=contig_60, start=20339, stop=20902, strand=-, nt=[ATGACTCGTT..TGAAAATTAA]
11:40:03.395 - INFO - CDS - seq=contig_60, start=21155, stop=22645, strand=+, nt=[ATGGAACTTT..TAGCAAATAA]
11:40:03.395 - INFO - CDS - seq=contig_60, start=22906, stop=24615, strand=+, nt=[ATGAGTAACA..CGCTAAATAA]
11:40:03.395 - INFO - CDS - seq=contig_60, start=24893, stop=25105, strand=+, nt=[ATGAGCTTTT..AAAATCGTAA]
11:40:03.395 - INFO - CDS - seq=contig_60, start=25385, stop=25828, strand=+, nt=[ATGAACATTT..TATGGTCTAG]
11:40:03.395 - INFO - CDS - seq=contig_60, start=26022, stop=27620, strand=+, nt=[ATGCAAAAGT..CAATCAATAA]
11:40:03.395 - INFO - CDS - seq=contig_60, start=28305, stop=29801, strand=+, nt=[ATGGCTAAGT..CGAAAACTAA]
11:40:03.396 - INFO - CDS - seq=contig_60, start=29995, stop=30885, strand=-, nt=[ATGAATAAAG..CAAAAACTAA]
11:40:03.396 - INFO - CDS - seq=contig_60, start=31008, stop=31424, strand=-, nt=[ATGCGTTTAA..AATAAAATAA]
11:40:03.396 - INFO - CDS - seq=contig_60, start=31682, stop=33019, strand=+, nt=[ATGAGTAAAG..AGGTTGGTAA]
11:40:03.396 - INFO - CDS - seq=contig_60, start=33100, stop=34548, strand=-, nt=[ATGGGAAGTT..ACCAAAATAA]
11:40:03.396 - INFO - CDS - seq=contig_60, start=35234, stop=36193, strand=+, nt=[ATGAAAACAT..AGAAGACTAA]
11:40:03.396 - INFO - CDS - seq=contig_60, start=36471, stop=37175, strand=+, nt=[ATGACGAATG..AGCTGAATAG]
11:40:03.397 - INFO - CDS - seq=contig_60, start=37261, stop=38121, strand=-, nt=[ATGTTATCAG..AAATATGTAA]
11:40:03.397 - INFO - CDS - seq=contig_60, start=38194, stop=39012, strand=+, nt=[TTGAAAACAG..CAATGACTAA]
11:40:03.397 - INFO - CDS - seq=contig_60, start=39005, stop=39856, strand=+, nt=[ATGACTAAGC..AGCTGAATAA]
11:40:03.397 - INFO - CDS - seq=contig_60, start=39858, stop=40241, strand=+, nt=[GTGATAAGAA..AGTGTTATAA]
11:40:03.397 - INFO - CDS - seq=contig_60, start=40584, stop=41660, strand=+, nt=[ATGACAAAAA..AGTAAAATAG]
11:40:03.397 - INFO - CDS - seq=contig_60, start=41676, stop=42311, strand=+, nt=[ATGAAAAAAG..CCATCAATAA]
11:40:03.397 - INFO - CDS - seq=contig_60, start=42409, stop=44091, strand=-, nt=[ATGAACCAAC..CGTTAATTGA]
11:40:03.397 - INFO - CDS - seq=contig_60, start=44234, stop=44821, strand=+, nt=[ATGACTATAG..TATACAATAA]
11:40:03.397 - INFO - CDS - seq=contig_60, start=44902, stop=45351, strand=-, nt=[ATGACAGCAT..CCAACAATAA]
11:40:03.397 - INFO - CDS - seq=contig_60, start=45705, stop=46427, strand=+, nt=[ATGATTAATG..TCCAGATTAA]
11:40:03.397 - INFO - CDS - seq=contig_60, start=46463, stop=46576, strand=+, nt=[ATGCCATATC..TACTGAATAA]
11:40:03.398 - INFO - CDS - seq=contig_60, start=46613, stop=46888, strand=-, nt=[ATGACTAAAG..AATGATTTAA]
11:40:03.398 - INFO - CDS - seq=contig_60, start=47043, stop=48107, strand=-, nt=[ATGTACAAAT..AGATGCCTAA]
11:40:03.398 - INFO - CDS - seq=contig_60, start=48325, stop=49191, strand=+, nt=[ATGAATGAAC..AACAAGTTAG]
11:40:03.398 - INFO - CDS - seq=contig_60, start=49535, stop=49810, strand=+, nt=[ATGAGTACAG..TAAAAATTAA]
11:40:03.398 - INFO - CDS - seq=contig_60, start=49855, stop=50193, strand=+, nt=[ATGATCACAG..GAAACAATAG]
11:40:03.398 - INFO - CDS - seq=contig_60, start=50181, stop=50477, strand=+, nt=[ATGGAAACAA..ACCACAATAA]
11:40:03.398 - INFO - CDS - seq=contig_60, start=50810, stop=51916, strand=+, nt=[ATGCAACATC..CACATGTTAG]
11:40:03.398 - INFO - CDS - seq=contig_60, start=51904, stop=53250, strand=+, nt=[ATGCACATGT..GATTATTTAA]
11:40:03.398 - INFO - CDS - seq=contig_60, start=53347, stop=54237, strand=+, nt=[ATGAAAATAG..GGAACAGTAG]
11:40:03.399 - INFO - CDS - seq=contig_60, start=54384, stop=55214, strand=-, nt=[ATGGAAACTT..GTGGGGTTAA]
11:40:03.399 - INFO - CDS - seq=contig_60, start=55234, stop=56244, strand=-, nt=[ATGAAAAGTA..TAACAATTAA]
11:40:03.399 - INFO - CDS - seq=contig_60, start=56342, stop=57046, strand=-, nt=[ATGACTAAAA..GCCTTGGTAG]
11:40:03.399 - INFO - CDS - seq=contig_60, start=57039, stop=57596, strand=-, nt=[ATGCGAAAAG..TAATGACTAA]
11:40:03.399 - INFO - CDS - seq=contig_60, start=57727, stop=58026, strand=+, nt=[ATGTCTTTAA..TTTAAGATAA]
11:40:03.399 - INFO - CDS - seq=contig_60, start=58046, stop=58867, strand=+, nt=[ATGAAAGATA..TAATAAGTAA]
11:40:03.399 - INFO - CDS - seq=contig_60, start=58884, stop=59261, strand=+, nt=[ATGATTCAAT..AGTCTGCTAA]
11:40:03.399 - INFO - CDS - seq=contig_60, start=59563, stop=59793, strand=-, nt=[ATGAAAATTT..TCAAAATTAA]
11:40:03.399 - INFO - CDS - seq=contig_60, start=60013, stop=60333, strand=-, nt=[GTGAGCGAGA..TGTCTTATAA]
11:40:03.399 - INFO - CDS - seq=contig_60, start=60711, stop=61298, strand=-, nt=[ATGTTAGGTA..ACATTTTTAA]
11:40:03.400 - INFO - CDS - seq=contig_60, start=61690, stop=62745, strand=+, nt=[ATGACATCAA..CATGGGATAA]
11:40:03.400 - INFO - CDS - seq=contig_60, start=63353, stop=64054, strand=+, nt=[ATGAAAAAGA..GGGATTCTAA]
11:40:03.400 - INFO - CDS - seq=contig_60, start=64336, stop=64824, strand=+, nt=[ATGGCTATAA..AAAAGATTAA]
11:40:03.400 - INFO - CDS - seq=contig_60, start=65337, stop=67148, strand=+, nt=[ATGGATACAA..TAAGAAATAA]
11:40:03.400 - INFO - CDS - seq=contig_60, start=67509, stop=68276, strand=+, nt=[ATGAAAAAAA..CATTCATTAA]
11:40:03.400 - INFO - CDS - seq=contig_60, start=68442, stop=68939, strand=+, nt=[ATGAAAACCA..TCATGACTAA]
11:40:03.400 - INFO - CDS - seq=contig_60, start=68932, stop=70425, strand=+, nt=[ATGACTAAAC..TAGGAAGTGA]
11:40:03.400 - INFO - CDS - seq=contig_60, start=70431, stop=71558, strand=+, nt=[ATGAAATGGT..AGAACAATAA]
11:40:03.400 - INFO - CDS - seq=contig_60, start=71595, stop=72458, strand=+, nt=[ATGACAATGA..TAGAATATAG]
11:40:03.400 - INFO - CDS - seq=contig_60, start=72470, stop=73978, strand=+, nt=[ATGAAGATTG..GGGCGTATAA]
11:40:03.400 - INFO - CDS - seq=contig_60, start=74406, stop=75560, strand=+, nt=[ATGATCTCTA..ATATGAATAA]
11:40:03.400 - INFO - CDS - seq=contig_60, start=75553, stop=76581, strand=+, nt=[ATGAATAATA..AGTAAATTAA]
11:40:03.401 - INFO - CDS - seq=contig_60, start=76672, stop=76878, strand=-, nt=[ATGTCACAAG..TGTCGTTTAA]
11:40:03.401 - INFO - CDS - seq=contig_60, start=77416, stop=79824, strand=-, nt=[GTGGCTAATA..AGATGCCTAG]
11:40:03.401 - INFO - CDS - seq=contig_60, start=80064, stop=80255, strand=-, nt=[ATGAGAATAT..TTTCTTTTAA]
11:40:03.401 - INFO - CDS - seq=contig_60, start=80494, stop=81093, strand=+, nt=[ATGACTGAAA..GATAAAGTAG]
11:40:03.401 - INFO - CDS - seq=contig_60, start=81283, stop=82827, strand=+, nt=[ATGGTAGTAG..AATGTTCTAA]
11:40:03.401 - INFO - CDS - seq=contig_60, start=83183, stop=83671, strand=-, nt=[TTGTTAGAAC..GATTAAATAG]
11:40:03.401 - INFO - CDS - seq=contig_60, start=83878, stop=86367, strand=+, nt=[TTGGCAAAAT..TAAATCATAA]
11:40:03.401 - INFO - CDS - seq=contig_60, start=86583, stop=86810, strand=+, nt=[ATGTTAAACA..AGAAGAATAG]
11:40:03.401 - INFO - CDS - seq=contig_60, start=86822, stop=88816, strand=+, nt=[ATGGAAAATT..ATTTGTTTAA]
11:40:03.401 - INFO - CDS - seq=contig_60, start=88829, stop=88999, strand=+, nt=[GTGTCAGTCA..AGGGAAATAA]
11:40:03.401 - INFO - CDS - seq=contig_60, start=89068, stop=91173, strand=-, nt=[ATGAATAACG..AGGTAAATAA]
11:40:03.402 - INFO - CDS - seq=contig_60, start=91582, stop=92103, strand=+, nt=[ATGGAGTATA..AAAGCCGTAA]
11:40:03.402 - INFO - CDS - seq=contig_60, start=92268, stop=93434, strand=-, nt=[ATGACAATAG..ACCAGAGTAA]
11:40:03.402 - INFO - CDS - seq=contig_60, start=93689, stop=94966, strand=+, nt=[ATGCAAAGTT..ACAACAATAG]
11:40:03.403 - INFO - CDS - seq=contig_60, start=95105, stop=95536, strand=-, nt=[ATGGAATATA..TATTTACTAA]
11:40:03.403 - INFO - CDS - seq=contig_60, start=95926, stop=96144, strand=-, nt=[TTGAGCTTTT..TGTACAATGA]
11:40:03.403 - INFO - CDS - seq=contig_60, start=96326, stop=97189, strand=+, nt=[ATGAAATATT..TTTAGGCTAA]
11:40:03.403 - INFO - CDS - seq=contig_60, start=97402, stop=97797, strand=+, nt=[ATGCACAAAG..TTATGAATGA]
11:40:03.403 - INFO - CDS - seq=contig_60, start=97790, stop=98479, strand=+, nt=[ATGAATGATT..ATTCTATTAA]
11:40:03.403 - INFO - CDS - seq=contig_60, start=98530, stop=100269, strand=+, nt=[ATGGCAAAAA..TTTCTTATAA]
11:40:03.403 - INFO - CDS - seq=contig_60, start=100537, stop=102636, strand=+, nt=[ATGGAAGCGG..AGTCAAATAA]
11:40:03.403 - INFO - CDS - seq=contig_60, start=103016, stop=103426, strand=+, nt=[ATGACAACAG..AACAAAATAA]
11:40:03.403 - INFO - CDS - seq=contig_60, start=103468, stop=103824, strand=+, nt=[ATGGTTAAGC..TCGCAAATGA]
11:40:03.403 - INFO - CDS - seq=contig_60, start=103945, stop=104913, strand=+, nt=[ATGCGTAAAA..TATTAATTAA]
11:40:03.404 - INFO - CDS - seq=contig_60, start=104994, stop=105323, strand=-, nt=[ATGCTTATTT..AGATGAATAA]
11:40:03.404 - INFO - CDS - seq=contig_60, start=105345, stop=105956, strand=-, nt=[ATGTTGTTGG..CTTCGGTTAG]
11:40:03.404 - INFO - CDS - seq=contig_60, start=106112, stop=106315, strand=-, nt=[GTGCAATTGA..ATTTAAATAG]
11:40:03.404 - INFO - CDS - seq=contig_60, start=106865, stop=107908, strand=+, nt=[ATGGATATTC..GAGTGTTTAA]
11:40:03.404 - INFO - CDS - seq=contig_60, start=107911, stop=108591, strand=+, nt=[ATGGCAAAGA..TATAAATTAG]
11:40:03.404 - INFO - CDS - seq=contig_60, start=108605, stop=109504, strand=+, nt=[ATGTTTGATT..AAATAATTAA]
11:40:03.404 - INFO - CDS - seq=contig_60, start=109683, stop=109853, strand=+, nt=[ATGCTAAGAC..AAAGCGTTAA]
11:40:03.404 - INFO - CDS - seq=contig_60, start=109997, stop=110488, strand=-, nt=[ATGATTCGAT..AAAAGACTAG]
11:40:03.404 - INFO - CDS - seq=contig_60, start=110682, stop=111302, strand=+, nt=[ATGAAAAAAT..AGTCAAATAA]
11:40:03.404 - INFO - CDS - seq=contig_60, start=111464, stop=112186, strand=-, nt=[TTGAAATTAG..CGGTATGTAG]
11:40:03.405 - INFO - CDS - seq=contig_60, start=112201, stop=112836, strand=-, nt=[ATGAAACTAA..TAATTTATAA]
11:40:03.405 - INFO - CDS - seq=contig_60, start=113156, stop=113956, strand=+, nt=[ATGGTTAAGG..GAACAAGTAG]
11:40:03.405 - INFO - CDS - seq=contig_60, start=114203, stop=115195, strand=-, nt=[ATGACAAAAA..TTTAAATTAA]
11:40:03.405 - INFO - CDS - seq=contig_60, start=115465, stop=116136, strand=+, nt=[ATGAGCAATA..AAAAGAATAA]
11:40:03.405 - INFO - CDS - seq=contig_60, start=116257, stop=117063, strand=-, nt=[ATGGCATTTC..AGAAAAATAA]
11:40:03.405 - INFO - CDS - seq=contig_60, start=117234, stop=117518, strand=-, nt=[ATGAGTAACC..TCTTGGTTAA]
11:40:03.405 - INFO - CDS - seq=contig_60, start=117744, stop=118178, strand=+, nt=[ATGGATCGAA..AGAAGTGTAA]
11:40:03.405 - INFO - CDS - seq=contig_60, start=118256, stop=119215, strand=+, nt=[ATGATAAATA..TAAGCGTTAA]
11:40:03.405 - INFO - CDS - seq=contig_60, start=119246, stop=119839, strand=+, nt=[ATGGAACATA..TGGGAAATAA]
11:40:03.405 - INFO - CDS - seq=contig_60, start=119944, stop=121023, strand=-, nt=[ATGCGTATCT..TATCGATTAA]
11:40:03.405 - INFO - CDS - seq=contig_60, start=121365, stop=123329, strand=-, nt=[ATGACTCAAA..CTTAGACTAA]
11:40:03.406 - INFO - CDS - seq=contig_60, start=123702, stop=124472, strand=-, nt=[ATGGGAACTT..AAATATTTAG]
11:40:03.406 - INFO - CDS - seq=contig_60, start=124474, stop=125169, strand=-, nt=[ATGGGTGTTT..CCAAGCATAA]
11:40:03.406 - INFO - CDS - seq=contig_60, start=125687, stop=126298, strand=-, nt=[ATGGAACAAA..AGTAAAATAA]
11:40:03.406 - INFO - CDS - seq=contig_60, start=126845, stop=128122, strand=+, nt=[ATGAAGGAAA..AGAAAAATAA]
11:40:03.406 - INFO - CDS - seq=contig_60, start=128599, stop=130422, strand=+, nt=[ATGATTATTC..GAACGTTTAA]
11:40:03.406 - INFO - CDS - seq=contig_60, start=130561, stop=130977, strand=+, nt=[ATGCCCTTTA..AGACGTATAA]
11:40:03.406 - INFO - CDS - seq=contig_60, start=131208, stop=131900, strand=+, nt=[ATGTATGTAG..AACAGAGTAG]
11:40:03.406 - INFO - CDS - seq=contig_60, start=132065, stop=132829, strand=+, nt=[ATGTCTAACT..TAACAATTAA]
11:40:03.406 - INFO - CDS - seq=contig_60, start=132985, stop=133662, strand=+, nt=[ATGTATGGAT..GTTGAATTAA]
11:40:03.406 - INFO - CDS - seq=contig_60, start=133686, stop=135239, strand=+, nt=[ATGAAATATA..AACACAATAA]
11:40:03.407 - INFO - CDS - seq=contig_60, start=135356, stop=136714, strand=+, nt=[ATGTTTAACG..ATTTGTTTAA]
11:40:03.407 - INFO - CDS - seq=contig_60, start=136848, stop=137048, strand=+, nt=[ATGAAAGGCG..TATCAATTAA]
11:40:03.407 - INFO - CDS - seq=contig_61, start=411, stop=1274, strand=-, frame=1, truncated=no, start-type=TTG, RBS-motif=AGGAG/GGAGG
11:40:03.407 - INFO - CDS - seq=contig_61, start=1455, stop=2342, strand=-, frame=1, truncated=no, start-type=ATG, RBS-motif=GGAGG
11:40:03.407 - INFO - CDS - seq=contig_61, start=2517, stop=4652, strand=+, frame=3, truncated=no, start-type=ATG, RBS-motif=AGGA
11:40:03.407 - INFO - CDS - seq=contig_61, start=4765, stop=6099, strand=+, frame=1, truncated=no, start-type=GTG, RBS-motif=AGGAG
11:40:03.407 - INFO - CDS - seq=contig_61, start=6290, stop=6679, strand=-, frame=2, truncated=no, start-type=ATG, RBS-motif=GGxGG
11:40:03.407 - INFO - CDS - seq=contig_61, start=7036, stop=7344, strand=+, frame=1, truncated=no, start-type=ATG, RBS-motif=AGGAGG
11:40:03.407 - INFO - CDS - seq=contig_61, start=7372, stop=8034, strand=+, frame=1, truncated=no, start-type=ATG, RBS-motif=AGGAGG
11:40:03.407 - INFO - CDS - seq=contig_61, start=8061, stop=8684, strand=+, frame=3, truncated=no, start-type=ATG, RBS-motif=AGGAGG
11:40:03.408 - INFO - CDS - seq=contig_61, start=8684, stop=8959, strand=+, frame=2, truncated=no, start-type=ATG, RBS-motif=AGGAGG
11:40:03.408 - INFO - CDS - seq=contig_61, start=8992, stop=9825, strand=+, frame=1, truncated=no, start-type=ATG, RBS-motif=AGGAGG
11:40:03.408 - INFO - CDS - seq=contig_61, start=9892, stop=10170, strand=+, frame=1, truncated=no, start-type=ATG, RBS-motif=GGAGG
11:40:03.408 - INFO - CDS - seq=contig_61, start=10199, stop=10552, strand=+, frame=2, truncated=no, start-type=ATG, RBS-motif=AGGAGG
11:40:03.409 - INFO - CDS - seq=contig_61, start=10576, stop=11229, strand=+, frame=1, truncated=no, start-type=GTG, RBS-motif=AGGAGG
11:40:03.409 - INFO - CDS - seq=contig_61, start=11232, stop=11666, strand=+, frame=3, truncated=no, start-type=ATG, RBS-motif=AGGAGG
11:40:03.409 - INFO - CDS - seq=contig_61, start=11656, stop=11865, strand=+, frame=1, truncated=no, start-type=ATG, RBS-motif=GGxGG
11:40:03.409 - INFO - CDS - seq=contig_61, start=11889, stop=12152, strand=+, frame=3, truncated=no, start-type=GTG, RBS-motif=AGGAGG
11:40:03.409 - INFO - CDS - seq=contig_61, start=12184, stop=12552, strand=+, frame=1, truncated=no, start-type=ATG, RBS-motif=GGAGG
11:40:03.409 - INFO - CDS - seq=contig_61, start=12588, stop=12905, strand=+, frame=3, truncated=no, start-type=ATG, RBS-motif=AGGAGG
11:40:03.409 - INFO - CDS - seq=contig_61, start=12932, stop=13471, strand=+, frame=2, truncated=no, start-type=TTG, RBS-motif=AGGAGG
11:40:03.410 - INFO - CDS - seq=contig_61, start=13494, stop=13679, strand=+, frame=3, truncated=no, start-type=GTG, RBS-motif=AGGAGG
11:40:03.410 - INFO - CDS - seq=contig_61, start=13711, stop=14109, strand=+, frame=1, truncated=no, start-type=ATG, RBS-motif=AGGAGG
11:40:03.410 - INFO - CDS - seq=contig_61, start=14134, stop=14670, strand=+, frame=1, truncated=no, start-type=ATG, RBS-motif=AGGAGG
11:40:03.410 - INFO - CDS - seq=contig_61, start=14701, stop=15060, strand=+, frame=1, truncated=no, start-type=ATG, RBS-motif=AGGAG
11:40:03.410 - INFO - CDS - seq=contig_61, start=15081, stop=15581, strand=+, frame=3, truncated=no, start-type=ATG, RBS-motif=AGGAGG
11:40:03.410 - INFO - CDS - seq=contig_61, start=15598, stop=15777, strand=+, frame=1, truncated=no, start-type=ATG, RBS-motif=AGGAGG
11:40:03.410 - INFO - CDS - seq=contig_61, start=15794, stop=16234, strand=+, frame=2, truncated=no, start-type=ATG, RBS-motif=AGGAGG
11:40:03.410 - INFO - CDS - seq=contig_61, start=16234, stop=17526, strand=+, frame=1, truncated=no, start-type=ATG, RBS-motif=GGAG/GAGG
11:40:03.410 - INFO - CDS - seq=contig_61, start=17543, stop=18190, strand=+, frame=2, truncated=no, start-type=ATG, RBS-motif=AGGAGG
11:40:03.410 - INFO - CDS - seq=contig_61, start=18383, stop=18601, strand=+, frame=2, truncated=no, start-type=ATG, RBS-motif=AGxAGG/AGGxGG
11:40:03.410 - INFO - CDS - seq=contig_61, start=18633, stop=18746, strand=+, frame=3, truncated=no, start-type=ATG, RBS-motif=GGAGG
11:40:03.411 - INFO - CDS - seq=contig_61, start=18769, stop=19134, strand=+, frame=1, truncated=no, start-type=ATG, RBS-motif=AGGA/GGAG/GAGG
11:40:03.411 - INFO - CDS - seq=contig_61, start=19158, stop=19547, strand=+, frame=3, truncated=no, start-type=ATG, RBS-motif=AGGAGG
11:40:03.411 - INFO - CDS - seq=contig_61, start=19622, stop=20566, strand=+, frame=2, truncated=no, start-type=ATG, RBS-motif=AGGAGG
11:40:03.411 - INFO - CDS - seq=contig_61, start=20583, stop=20951, strand=+, frame=3, truncated=no, start-type=ATG, RBS-motif=AGGAGG
11:40:03.411 - INFO - CDS - seq=contig_61, start=21489, stop=22298, strand=+, frame=3, truncated=no, start-type=GTG, RBS-motif=AGGAG
11:40:03.411 - INFO - CDS - seq=contig_61, start=22295, stop=23155, strand=+, frame=2, truncated=no, start-type=ATG, RBS-motif=GGxGG
11:40:03.411 - INFO - CDS - seq=contig_61, start=23145, stop=23951, strand=+, frame=3, truncated=no, start-type=ATG, RBS-motif=AGGAG
11:40:03.411 - INFO - CDS - seq=contig_61, start=23956, stop=24759, strand=+, frame=1, truncated=no, start-type=ATG, RBS-motif=AGGAG
11:40:03.411 - INFO - CDS - seq=contig_61, start=24999, stop=25436, strand=+, frame=3, truncated=no, start-type=ATG, RBS-motif=AGGAGG
11:40:03.411 - INFO - CDS - seq=contig_61, start=25450, stop=25848, strand=+, frame=1, truncated=no, start-type=ATG, RBS-motif=AGxAGG/AGGxGG
11:40:03.411 - INFO - CDS - seq=contig_61, start=26026, stop=26973, strand=-, frame=3, truncated=no, start-type=ATG, RBS-motif=AGGAGG
11:40:03.412 - INFO - CDS - seq=contig_61, start=27920, stop=28144, strand=+, frame=2, truncated=no, start-type=ATG, RBS-motif=GGA/GAG/AGG
11:40:03.412 - INFO - CDS - seq=contig_61, start=30235, stop=30339, strand=+, frame=1, truncated=no, start-type=ATG, RBS-motif=GGA/GAG/AGG
11:40:03.412 - INFO - CDS - seq=contig_61, start=30419, stop=31066, strand=+, frame=2, truncated=no, start-type=TTG, RBS-motif=None
11:40:03.412 - INFO - CDS - seq=contig_61, start=31066, stop=31695, strand=+, frame=1, truncated=no, start-type=ATG, RBS-motif=None
11:40:03.412 - INFO - CDS - seq=contig_61, start=31940, stop=32956, strand=+, frame=2, truncated=no, start-type=ATG, RBS-motif=GGAG/GAGG
11:40:03.412 - INFO - CDS - seq=contig_61, start=33684, stop=33854, strand=-, frame=1, truncated=no, start-type=ATG, RBS-motif=GGxGG
11:40:03.412 - INFO - CDS - seq=contig_61, start=34206, stop=35870, strand=+, frame=3, truncated=no, start-type=ATG, RBS-motif=AGGA/GGAG/GAGG
11:40:03.412 - INFO - CDS - seq=contig_61, start=35907, stop=36611, strand=+, frame=3, truncated=no, start-type=ATG, RBS-motif=AGGAG/GGAGG
11:40:03.412 - INFO - CDS - seq=contig_61, start=36995, stop=37420, strand=-, frame=2, truncated=no, start-type=ATG, RBS-motif=AGGAG
11:40:03.413 - INFO - CDS - seq=contig_61, start=37716, stop=38531, strand=+, frame=3, truncated=no, start-type=ATG, RBS-motif=GGxGG
11:40:03.413 - INFO - CDS - seq=contig_61, start=38742, stop=39596, strand=+, frame=3, truncated=no, start-type=ATG, RBS-motif=GGAG/GAGG
11:40:03.413 - INFO - CDS - seq=contig_61, start=39656, stop=42085, strand=-, frame=2, truncated=no, start-type=ATG, RBS-motif=AGGAG
11:40:03.413 - INFO - CDS - seq=contig_61, start=42493, stop=42909, strand=+, frame=1, truncated=no, start-type=ATG, RBS-motif=AGGA
11:40:03.413 - INFO - CDS - seq=contig_61, start=42979, stop=43827, strand=+, frame=1, truncated=no, start-type=ATG, RBS-motif=AGGAGG
11:40:03.413 - INFO - CDS - seq=contig_61, start=44060, stop=44263, strand=+, frame=2, truncated=no, start-type=ATG, RBS-motif=GGA/GAG/AGG
11:40:03.413 - INFO - CDS - seq=contig_61, start=44548, stop=45288, strand=-, frame=3, truncated=no, start-type=GTG, RBS-motif=None
11:40:03.413 - INFO - CDS - seq=contig_61, start=45530, stop=46285, strand=+, frame=2, truncated=no, start-type=TTG, RBS-motif=AGGAGG
11:40:03.413 - INFO - CDS - seq=contig_61, start=46652, stop=47080, strand=+, frame=2, truncated=no, start-type=ATG, RBS-motif=AGGAG
11:40:03.413 - INFO - CDS - seq=contig_61, start=47096, stop=47611, strand=+, frame=2, truncated=no, start-type=ATG, RBS-motif=AGGAGG
11:40:03.414 - INFO - CDS - seq=contig_61, start=47624, stop=48556, strand=+, frame=2, truncated=no, start-type=ATG, RBS-motif=GGA/GAG/AGG
11:40:03.414 - INFO - CDS - seq=contig_61, start=48560, stop=49540, strand=+, frame=2, truncated=no, start-type=ATG, RBS-motif=GGAG/GAGG
11:40:03.414 - INFO - CDS - seq=contig_61, start=49562, stop=49873, strand=+, frame=2, truncated=no, start-type=ATG, RBS-motif=GGA/GAG/AGG
11:40:03.414 - INFO - CDS - seq=contig_61, start=49879, stop=51591, strand=+, frame=1, truncated=no, start-type=ATG, RBS-motif=GGAG/GAGG
11:40:03.414 - INFO - CDS - seq=contig_61, start=51609, stop=53021, strand=+, frame=3, truncated=no, start-type=ATG, RBS-motif=AGGAG
11:40:03.414 - INFO - CDS - seq=contig_61, start=53287, stop=54156, strand=+, frame=1, truncated=no, start-type=GTG, RBS-motif=GGAG/GAGG
11:40:03.414 - INFO - CDS - seq=contig_61, start=54431, stop=55435, strand=+, frame=2, truncated=no, start-type=ATG, RBS-motif=GGA/GAG/AGG
11:40:03.415 - INFO - CDS - seq=contig_61, start=55670, stop=56677, strand=+, frame=2, truncated=no, start-type=ATG, RBS-motif=GGAG/GAGG
11:40:03.415 - INFO - CDS - seq=contig_61, start=56985, stop=58547, strand=+, frame=3, truncated=no, start-type=ATG, RBS-motif=GGA/GAG/AGG
11:40:03.415 - INFO - CDS - seq=contig_61, start=58722, stop=59258, strand=+, frame=3, truncated=no, start-type=GTG, RBS-motif=AGGAGG
11:40:03.415 - INFO - CDS - seq=contig_61, start=59271, stop=59510, strand=+, frame=3, truncated=no, start-type=ATG, RBS-motif=GGAGG
11:40:03.415 - INFO - CDS - seq=contig_61, start=59573, stop=60082, strand=+, frame=2, truncated=no, start-type=ATG, RBS-motif=AGGAG
11:40:03.415 - INFO - CDS - seq=contig_61, start=60243, stop=62219, strand=-, frame=1, truncated=no, start-type=ATG, RBS-motif=GGAG/GAGG
11:40:03.415 - INFO - CDS - seq=contig_61, start=62321, stop=63514, strand=+, frame=2, truncated=no, start-type=ATG, RBS-motif=None
11:40:03.416 - INFO - CDS - seq=contig_61, start=63501, stop=65258, strand=+, frame=3, truncated=no, start-type=ATG, RBS-motif=GGAGG
11:40:03.416 - INFO - CDS - seq=contig_61, start=65265, stop=66335, strand=+, frame=3, truncated=no, start-type=ATG, RBS-motif=AGGA/GGAG/GAGG
11:40:03.416 - INFO - CDS - seq=contig_61, start=66727, stop=67710, strand=+, frame=1, truncated=no, start-type=ATG, RBS-motif=AGGAG
11:40:03.416 - INFO - CDS - seq=contig_61, start=67722, stop=68753, strand=+, frame=3, truncated=no, start-type=ATG, RBS-motif=AGxAGG/AGGxGG
11:40:03.416 - INFO - CDS - seq=contig_61, start=68750, stop=69718, strand=+, frame=2, truncated=no, start-type=ATG, RBS-motif=GGA/GAG/AGG
11:40:03.416 - INFO - CDS - seq=contig_61, start=69954, stop=71324, strand=+, frame=3, truncated=no, start-type=ATG, RBS-motif=GGA/GAG/AGG
11:40:03.416 - INFO - CDS - seq=contig_61, start=71393, stop=71653, strand=-, frame=2, truncated=no, start-type=ATG, RBS-motif=AGGA/GGAG/GAGG
11:40:03.416 - INFO - CDS - seq=contig_61, start=71830, stop=72345, strand=+, frame=1, truncated=no, start-type=ATG, RBS-motif=AGGAG
11:40:03.416 - INFO - CDS - seq=contig_61, start=72389, stop=73576, strand=+, frame=2, truncated=no, start-type=ATG, RBS-motif=AGGAGG
11:40:03.416 - INFO - CDS - seq=contig_61, start=73592, stop=74278, strand=+, frame=2, truncated=no, start-type=ATG, RBS-motif=AGxAGG/AGGxGG
11:40:03.417 - INFO - CDS - seq=contig_61, start=74455, stop=75798, strand=+, frame=1, truncated=no, start-type=ATG, RBS-motif=AGGAGG
11:40:03.417 - INFO - CDS - seq=contig_61, start=75903, stop=76370, strand=+, frame=3, truncated=no, start-type=GTG, RBS-motif=AGGAGG
11:40:03.417 - INFO - CDS - seq=contig_61, start=76693, stop=78135, strand=+, frame=1, truncated=no, start-type=ATG, RBS-motif=AGGAGG
11:40:03.417 - INFO - CDS - seq=contig_61, start=78283, stop=79347, strand=+, frame=1, truncated=no, start-type=TTG, RBS-motif=AGxAGG/AGGxGG
11:40:03.417 - INFO - CDS - seq=contig_61, start=411, stop=1274, strand=-, nt=[TTGCAATTTC..TTTGAAATAG]
11:40:03.417 - INFO - CDS - seq=contig_61, start=1455, stop=2342, strand=-, nt=[ATGAGCATAG..CCCTGAATAA]
11:40:03.417 - INFO - CDS - seq=contig_61, start=2517, stop=4652, strand=+, nt=[ATGAAATCTT..GAATTTATAG]
11:40:03.417 - INFO - CDS - seq=contig_61, start=4765, stop=6099, strand=+, nt=[GTGAAAAACT..TCATGGTTAA]
11:40:03.417 - INFO - CDS - seq=contig_61, start=6290, stop=6679, strand=-, nt=[ATGAAAAATG..TAGAGAATAA]
11:40:03.417 - INFO - CDS - seq=contig_61, start=7036, stop=7344, strand=+, nt=[ATGGCAAAAC..CAAATTATAA]
11:40:03.418 - INFO - CDS - seq=contig_61, start=7372, stop=8034, strand=+, nt=[ATGACCAAAG..TAATAAATAA]
11:40:03.418 - INFO - CDS - seq=contig_61, start=8061, stop=8684, strand=+, nt=[ATGGCTAATT..GCTCGGATAA]
11:40:03.418 - INFO - CDS - seq=contig_61, start=8684, stop=8959, strand=+, nt=[ATGGAAGCAA..ATTTAACTAA]
11:40:03.418 - INFO - CDS - seq=contig_61, start=8992, stop=9825, strand=+, nt=[ATGGCTATTA..GAAAAAATAA]
11:40:03.418 - INFO - CDS - seq=contig_61, start=9892, stop=10170, strand=+, nt=[ATGGCTCGTA..AAGAAGATAA]
11:40:03.418 - INFO - CDS - seq=contig_61, start=10199, stop=10552, strand=+, nt=[ATGGAAGCAA..AGAAGCTTAA]
11:40:03.418 - INFO - CDS - seq=contig_61, start=10576, stop=11229, strand=+, nt=[GTGGGTCAAA..AGGAAAATAA]
11:40:03.418 - INFO - CDS - seq=contig_61, start=11232, stop=11666, strand=+, nt=[ATGTTACTAC..TGAAAGCTAA]
11:40:03.418 - INFO - CDS - seq=contig_61, start=11656, stop=11865, strand=+, nt=[ATGAAAGCTA..TAATCAATAA]
11:40:03.418 - INFO - CDS - seq=contig_61, start=11889, stop=12152, strand=+, nt=[GTGAGCGAAA..AATTATTTAA]
11:40:03.418 - INFO - CDS - seq=contig_61, start=12184, stop=12552, strand=+, nt=[ATGATCCAAC..AGTACTTTAA]
11:40:03.419 - INFO - CDS - seq=contig_61, start=12588, stop=12905, strand=+, nt=[ATGCATATCA..TAATAATTAA]
11:40:03.419 - INFO - CDS - seq=contig_61, start=12932, stop=13471, strand=+, nt=[TTGAACCGTT..CCGTAAATAA]
11:40:03.419 - INFO - CDS - seq=contig_61, start=13494, stop=13679, strand=+, nt=[GTGGCTAAAA..TAGCTGGTAA]
11:40:03.419 - INFO - CDS - seq=contig_61, start=13711, stop=14109, strand=+, nt=[ATGACAATGA..CGTTTGGTAA]
11:40:03.419 - INFO - CDS - seq=contig_61, start=14134, stop=14670, strand=+, nt=[ATGAGTCGTG..TGGTAAATAA]
11:40:03.419 - INFO - CDS - seq=contig_61, start=14701, stop=15060, strand=+, nt=[ATGATCAGTA..AGAATTTTAA]
11:40:03.419 - INFO - CDS - seq=contig_61, start=15081, stop=15581, strand=+, nt=[ATGGCTCGTA..ATACAATTAA]
11:40:03.419 - INFO - CDS - seq=contig_61, start=15598, stop=15777, strand=+, nt=[ATGGCTAAAT..AGAAAAATAA]
11:40:03.419 - INFO - CDS - seq=contig_61, start=15794, stop=16234, strand=+, nt=[ATGAAATTAC..GGTGATCTAA]
11:40:03.419 - INFO - CDS - seq=contig_61, start=16234, stop=17526, strand=+, nt=[ATGATTCAAA..TGGTAGATAA]
11:40:03.419 - INFO - CDS - seq=contig_61, start=17543, stop=18190, strand=+, nt=[ATGAATATCA..TCATTTGTAA]
11:40:03.419 - INFO - CDS - seq=contig_61, start=18383, stop=18601, strand=+, nt=[ATGGCTAAAC..TTATAAATAA]
11:40:03.419 - INFO - CDS - seq=contig_61, start=18633, stop=18746, strand=+, nt=[ATGAAAGTAA..ACAAGGTTAA]
11:40:03.420 - INFO - CDS - seq=contig_61, start=18769, stop=19134, strand=+, nt=[ATGGCACGTA..GAAAAAATAA]
11:40:03.420 - INFO - CDS - seq=contig_61, start=19158, stop=19547, strand=+, nt=[ATGGCACGTA..TCGTGTATAA]
11:40:03.420 - INFO - CDS - seq=contig_61, start=19622, stop=20566, strand=+, nt=[ATGATAGAAA..AGAAGATTGA]
11:40:03.420 - INFO - CDS - seq=contig_61, start=20583, stop=20951, strand=+, nt=[ATGGGTTACA..ATTAGTATAA]
11:40:03.420 - INFO - CDS - seq=contig_61, start=21489, stop=22298, strand=+, nt=[GTGGAGGATA..TCAACTATGA]
11:40:03.420 - INFO - CDS - seq=contig_61, start=22295, stop=23155, strand=+, nt=[ATGACTATAC..TGAAAAATAA]
11:40:03.420 - INFO - CDS - seq=contig_61, start=23145, stop=23951, strand=+, nt=[ATGAAAAATA..AGGAGTGTAA]
11:40:03.420 - INFO - CDS - seq=contig_61, start=23956, stop=24759, strand=+, nt=[ATGCGTATAT..AAATGACTGA]
11:40:03.420 - INFO - CDS - seq=contig_61, start=24999, stop=25436, strand=+, nt=[ATGCGTCAAA..ACGTGGTTAA]
11:40:03.420 - INFO - CDS - seq=contig_61, start=25450, stop=25848, strand=+, nt=[ATGACTTTGG..AAAACGTTAA]
11:40:03.420 - INFO - CDS - seq=contig_61, start=26026, stop=26973, strand=-, nt=[ATGAAAAAGA..TGGAATTTAG]
11:40:03.421 - INFO - CDS - seq=contig_61, start=27920, stop=28144, strand=+, nt=[ATGTCGCCTA..GCTAATGTGA]
11:40:03.421 - INFO - CDS - seq=contig_61, start=30235, stop=30339, strand=+, nt=[ATGGTAGGAG..CAATTACTAG]
11:40:03.421 - INFO - CDS - seq=contig_61, start=30419, stop=31066, strand=+, nt=[TTGAAACAAA..AAAAAAATAA]
11:40:03.422 - INFO - CDS - seq=contig_61, start=31066, stop=31695, strand=+, nt=[ATGGATACTT..TAATAAATAA]
11:40:03.422 - INFO - CDS - seq=contig_61, start=31940, stop=32956, strand=+, nt=[ATGGAGAAAA..GATAAATTAA]
11:40:03.422 - INFO - CDS - seq=contig_61, start=33684, stop=33854, strand=-, nt=[ATGCTGTTTT..TTATAAATGA]
11:40:03.422 - INFO - CDS - seq=contig_61, start=34206, stop=35870, strand=+, nt=[ATGACTGATA..ATTTAACTAA]
11:40:03.422 - INFO - CDS - seq=contig_61, start=35907, stop=36611, strand=+, nt=[ATGACTAATG..AGCTGAATAA]
11:40:03.422 - INFO - CDS - seq=contig_61, start=36995, stop=37420, strand=-, nt=[ATGAAACTAA..AGTTAAATAA]
11:40:03.422 - INFO - CDS - seq=contig_61, start=37716, stop=38531, strand=+, nt=[ATGTCAAAGC..TGATTATTGA]
11:40:03.422 - INFO - CDS - seq=contig_61, start=38742, stop=39596, strand=+, nt=[ATGAATAAAA..AGGTGAATGA]
11:40:03.422 - INFO - CDS - seq=contig_61, start=39656, stop=42085, strand=-, nt=[ATGACATATA..AACTAAATAA]
11:40:03.422 - INFO - CDS - seq=contig_61, start=42493, stop=42909, strand=+, nt=[ATGAAAACTA..GAGAAAGTAA]
11:40:03.423 - INFO - CDS - seq=contig_61, start=42979, stop=43827, strand=+, nt=[ATGAATCATA..AGATGTTTAA]
11:40:03.423 - INFO - CDS - seq=contig_61, start=44060, stop=44263, strand=+, nt=[ATGAAATATA..TAAACAATAA]
11:40:03.423 - INFO - CDS - seq=contig_61, start=44548, stop=45288, strand=-, nt=[GTGTTTATTT..GACAGAGTAA]
11:40:03.423 - INFO - CDS - seq=contig_61, start=45530, stop=46285, strand=+, nt=[TTGAATAAAC..AGTCGACTAA]
11:40:03.423 - INFO - CDS - seq=contig_61, start=46652, stop=47080, strand=+, nt=[ATGGCGATTA..AATGTGCTAA]
11:40:03.423 - INFO - CDS - seq=contig_61, start=47096, stop=47611, strand=+, nt=[ATGAAGATTG..CCACGATTAA]
11:40:03.423 - INFO - CDS - seq=contig_61, start=47624, stop=48556, strand=+, nt=[ATGATTTTAA..AGAGGTGTAA]
11:40:03.423 - INFO - CDS - seq=contig_61, start=48560, stop=49540, strand=+, nt=[ATGTCAAAAT..AAGAAAATAA]
11:40:03.423 - INFO - CDS - seq=contig_61, start=49562, stop=49873, strand=+, nt=[ATGAATAGAG..AAGAGGGTGA]
11:40:03.424 - INFO - CDS - seq=contig_61, start=49879, stop=51591, strand=+, nt=[ATGATGCAAA..TGAAAATTAA]
11:40:03.424 - INFO - CDS - seq=contig_61, start=51609, stop=53021, strand=+, nt=[ATGACTAAAA..AATTAAATAA]
11:40:03.424 - INFO - CDS - seq=contig_61, start=53287, stop=54156, strand=+, nt=[GTGAAGAAAA..GAAAAAATAA]
11:40:03.424 - INFO - CDS - seq=contig_61, start=54431, stop=55435, strand=+, nt=[ATGATGCAAA..AACGGAATAA]
11:40:03.424 - INFO - CDS - seq=contig_61, start=55670, stop=56677, strand=+, nt=[ATGAAAATGA..TAATATATAG]
11:40:03.424 - INFO - CDS - seq=contig_61, start=56985, stop=58547, strand=+, nt=[ATGAAAAATA..CGAAAATTAA]
11:40:03.424 - INFO - CDS - seq=contig_61, start=58722, stop=59258, strand=+, nt=[GTGAAACGAC..AGTGTTGTAA]
11:40:03.424 - INFO - CDS - seq=contig_61, start=59271, stop=59510, strand=+, nt=[ATGGCTAACA..ATGGAGTTAA]
11:40:03.424 - INFO - CDS - seq=contig_61, start=59573, stop=60082, strand=+, nt=[ATGACTGTAG..TTTACAATAA]
11:40:03.424 - INFO - CDS - seq=contig_61, start=60243, stop=62219, strand=-, nt=[ATGAACTTGA..AAATAATTAA]
11:40:03.424 - INFO - CDS - seq=contig_61, start=62321, stop=63514, strand=+, nt=[ATGACAAAAT..TATATCTTGA]
11:40:03.424 - INFO - CDS - seq=contig_61, start=63501, stop=65258, strand=+, nt=[ATGGTATATC..AGAGGTGTAG]
11:40:03.425 - INFO - CDS - seq=contig_61, start=65265, stop=66335, strand=+, nt=[ATGGCACACG..CCAATATTAA]
11:40:03.425 - INFO - CDS - seq=contig_61, start=66727, stop=67710, strand=+, nt=[ATGAGAGGTC..ACAAAAGTAA]
11:40:03.425 - INFO - CDS - seq=contig_61, start=67722, stop=68753, strand=+, nt=[ATGGCTATAA..AAGAATATGA]
11:40:03.425 - INFO - CDS - seq=contig_61, start=68750, stop=69718, strand=+, nt=[ATGATGACAA..AATGAAATAA]
11:40:03.425 - INFO - CDS - seq=contig_61, start=69954, stop=71324, strand=+, nt=[ATGGATAGCT..TTTGTTATAA]
11:40:03.425 - INFO - CDS - seq=contig_61, start=71393, stop=71653, strand=-, nt=[ATGGCAATGA..AACTAAATAA]
11:40:03.425 - INFO - CDS - seq=contig_61, start=71830, stop=72345, strand=+, nt=[ATGACAGGTA..GTTTTTATAG]
11:40:03.425 - INFO - CDS - seq=contig_61, start=72389, stop=73576, strand=+, nt=[ATGCTAGATA..TTTAATTTAA]
11:40:03.425 - INFO - CDS - seq=contig_61, start=73592, stop=74278, strand=+, nt=[ATGATGTCCA..TTTTATGTAG]
11:40:03.425 - INFO - CDS - seq=contig_61, start=74455, stop=75798, strand=+, nt=[ATGCGATTAA..AAAAGAATAG]
11:40:03.425 - INFO - CDS - seq=contig_61, start=75903, stop=76370, strand=+, nt=[GTGAATTATC..TAGAAAATAG]
11:40:03.426 - INFO - CDS - seq=contig_61, start=76693, stop=78135, strand=+, nt=[ATGGCTAAAG..GAAATTTTAA]
11:40:03.426 - INFO - CDS - seq=contig_61, start=78283, stop=79347, strand=+, nt=[TTGTTAACGG..AAATAAATAG]
11:40:03.426 - INFO - CDS - seq=contig_62, start=11, stop=385, strand=+, frame=2, truncated=no, start-type=TTG, RBS-motif=None
11:40:03.426 - INFO - CDS - seq=contig_62, start=11, stop=385, strand=+, nt=[TTGTTTGTTG..CGTTTGTTGA]
11:40:03.426 - INFO - CDS - predicted=2709
11:40:03.427 - INFO - CDS - discarded=0
11:40:03.943 - INFO - ORF - discarded=0
11:40:03.946 - INFO - ORF - write internal aa seqs: # seqs=2709, path=/tmp/tmpj6l07wn0/cds.pscc.faa
11:42:32.682 - INFO - PSCC - found: PSCC=2527
11:42:32.702 - INFO - PSC - looked-up=0
11:42:37.022 - INFO - PSCC - looked-up=2527
11:42:37.023 - INFO - ORF - write internal aa seqs: # seqs=2709, path=/tmp/tmpj6l07wn0/cds.expert.faa
11:42:53.404 - INFO - EXPERT-AMRFINDER - found=40
11:43:02.230 - INFO - EXPERT_AA_SEQ - found=229
11:43:02.231 - INFO - ANNOTATION - marked as hypothetical: seq=contig_5, start=446, stop=700, strand=-
11:43:02.232 - INFO - ANNOTATION - marked as hypothetical: seq=contig_5, start=776, stop=1051, strand=-
11:43:02.232 - INFO - ANNOTATION - fix gene: extract symbol from protein name. symbol=kdpE
11:43:02.238 - INFO - ANNOTATION - fix gene: extract symbol from protein name. symbol=kdpD
11:43:02.238 - INFO - ANNOTATION - marked as hypothetical: seq=contig_6, start=4074, stop=5750, strand=+
11:43:02.238 - INFO - ANNOTATION - fix gene: extract symbol from protein name. symbol=kdpC
11:43:02.239 - INFO - ANNOTATION - fix gene: extract symbol from protein name. symbol=mazE
11:43:02.239 - INFO - ANNOTATION - fix gene: extract symbol from protein name. symbol=mazF
11:43:02.239 - INFO - ANNOTATION - fix gene: extract symbol from protein name. symbol=rsbW
11:43:02.240 - INFO - ANNOTATION - fix gene: extract symbol from protein name. symbol=vraR
11:43:02.240 - INFO - ANNOTATION - fix gene: extract symbol from protein name. symbol=yhaN
11:43:02.241 - INFO - ANNOTATION - fix gene: extract symbol from protein name. symbol=yhaM
11:43:02.241 - INFO - ANNOTATION - fix gene: extract symbol from protein name. symbol=prsA
11:43:02.241 - INFO - ANNOTATION - marked as hypothetical: seq=contig_7, start=23603, stop=23968, strand=-
11:43:02.241 - INFO - ANNOTATION - marked as hypothetical: seq=contig_7, start=35890, stop=36291, strand=+
11:43:02.241 - INFO - ANNOTATION - marked as hypothetical: seq=contig_7, start=39863, stop=40099, strand=-
11:43:02.242 - INFO - ANNOTATION - marked as hypothetical: seq=contig_7, start=40177, stop=40671, strand=-
11:43:02.242 - INFO - ANNOTATION - marked as hypothetical: seq=contig_7, start=42663, stop=42761, strand=-
11:43:02.242 - INFO - ANNOTATION - marked as hypothetical: seq=contig_7, start=47472, stop=47690, strand=+
11:43:02.242 - INFO - ANNOTATION - fix gene: extract symbol from protein name. symbol=splA
11:43:02.242 - INFO - ANNOTATION - fix gene: extract symbol from protein name. symbol=splB
11:43:02.243 - INFO - ANNOTATION - fix gene: extract symbol from protein name. symbol=splC
11:43:02.243 - INFO - ANNOTATION - fix gene: extract symbol from protein name. symbol=splD
11:43:02.243 - INFO - ANNOTATION - fix gene: extract symbol from protein name. symbol=rocG
11:43:02.243 - INFO - ANNOTATION - marked as hypothetical: seq=contig_8, start=21469, stop=21846, strand=-
11:43:02.243 - INFO - ANNOTATION - fix gene: extract symbol from protein name. symbol=comA
11:43:02.244 - INFO - ANNOTATION - fix product: replace putative synonyms. new=putative cytosol aminopeptidase, old=Probable cytosol aminopeptidase
11:43:02.244 - INFO - ANNOTATION - fix gene: extract symbol from protein name. symbol=sufA
11:43:02.244 - INFO - ANNOTATION - fix gene: extract symbol from protein name. symbol=nifU
11:43:02.244 - INFO - ANNOTATION - fix gene: extract symbol from protein name. symbol=dltD
11:43:02.244 - INFO - ANNOTATION - marked as hypothetical: seq=contig_8, start=40192, stop=40428, strand=-
11:43:02.244 - INFO - ANNOTATION - fix gene: extract symbol from protein name. symbol=dltB
11:43:02.244 - INFO - ANNOTATION - fix gene: extract symbol from protein name. symbol=dltX
11:43:02.245 - INFO - ANNOTATION - fix gene: extract symbol from protein name. symbol=sarU
11:43:02.245 - INFO - ANNOTATION - fix gene: extract symbol from protein name. symbol=sarT
11:43:02.250 - INFO - ANNOTATION - marked as hypothetical: seq=contig_9, start=7243, stop=7413, strand=+
11:43:02.250 - INFO - ANNOTATION - marked as hypothetical: seq=contig_9, start=7973, stop=8239, strand=-
11:43:02.250 - INFO - ANNOTATION - marked as hypothetical: seq=contig_9, start=10857, stop=12188, strand=+
11:43:02.250 - INFO - ANNOTATION - marked as hypothetical: seq=contig_9, start=12228, stop=13718, strand=+
11:43:02.250 - INFO - ANNOTATION - fix gene: extract symbol from protein name. symbol=ezrA
11:43:02.250 - INFO - ANNOTATION - fix product: replace putative synonyms. new=putative tRNA sulfurtransferase, old=Probable tRNA sulfurtransferase
11:43:02.251 - INFO - ANNOTATION - fix product: replace putative synonyms. new=putative membrane transporter protein, old=Probable membrane transporter protein
11:43:02.251 - INFO - ANNOTATION - fix gene: extract symbol from protein name. symbol=uspA
11:43:02.251 - INFO - ANNOTATION - fix gene: extract symbol from protein name. symbol=phoP
11:43:02.251 - INFO - ANNOTATION - fix gene: extract symbol from protein name. symbol=walK
11:43:02.252 - INFO - ANNOTATION - fix gene: extract symbol from protein name. symbol=nrdR
11:43:02.252 - INFO - ANNOTATION - fix gene: extract symbol from protein name. symbol=dnaB
11:43:02.252 - INFO - ANNOTATION - fix gene: extract symbol from protein name. symbol=dnaI
11:43:02.252 - INFO - ANNOTATION - fix gene: extract symbol from protein name. symbol=lysP
11:43:02.252 - INFO - ANNOTATION - fix gene: extract symbol from protein name. symbol=clpX
11:43:02.252 - INFO - ANNOTATION - fix product: replace putative synonyms. new=putative GTP-binding protein EngB, old=Probable GTP-binding protein EngB
11:43:02.252 - INFO - ANNOTATION - fix gene: extract symbol from protein name. symbol=engB
11:43:02.253 - INFO - ANNOTATION - fix gene: extract symbol from protein name. symbol=abrB
11:43:02.253 - INFO - ANNOTATION - fix gene: extract symbol from protein name. symbol=radC
11:43:02.253 - INFO - ANNOTATION - fix gene: extract symbol from protein name. symbol=tfoX
11:43:02.253 - INFO - ANNOTATION - fix product: revise DUF. new=DUF5079 domain-containing protein, old=DUF5079 family protein
11:43:02.253 - INFO - ANNOTATION - fix gene: extract symbol from protein name. symbol=yxeP
11:43:02.253 - INFO - ANNOTATION - fix gene: extract symbol from protein name. symbol=norB
11:43:02.254 - INFO - ANNOTATION - fix gene: extract symbol from protein name. symbol=phoU
11:43:02.254 - INFO - ANNOTATION - fix gene: extract symbol from protein name. symbol=eamA
11:43:02.254 - INFO - ANNOTATION - fix gene: extract symbol from protein name. symbol=norG
11:43:02.254 - INFO - ANNOTATION - fix gene: extract symbol from protein name. symbol=sarS
11:43:02.254 - INFO - ANNOTATION - fix gene: extract symbol from protein name. symbol=sirC
11:43:02.255 - INFO - ANNOTATION - fix gene: extract symbol from protein name. symbol=sirB
11:43:02.255 - INFO - ANNOTATION - fix gene: extract symbol from protein name. symbol=sirA
11:43:02.255 - INFO - ANNOTATION - fix gene: extract symbol from protein name. symbol=sbnA
11:43:02.255 - INFO - ANNOTATION - fix gene: extract symbol from protein name. symbol=sbnB
11:43:02.255 - INFO - ANNOTATION - fix gene: extract symbol from protein name. symbol=sbnE
11:43:02.255 - INFO - ANNOTATION - fix gene: extract symbol from protein name. symbol=sbnF
11:43:02.255 - INFO - ANNOTATION - fix gene: extract symbol from protein name. symbol=sbnG
11:43:02.255 - INFO - ANNOTATION - fix gene: extract symbol from protein name. symbol=sbnH
11:43:02.256 - INFO - ANNOTATION - fix gene: extract symbol from protein name. symbol=sbnI
11:43:02.256 - INFO - ANNOTATION - fix gene: extract symbol from protein name. symbol=epsF
11:43:02.256 - INFO - ANNOTATION - fix gene: extract symbol from protein name. symbol=sasD
11:43:02.256 - INFO - ANNOTATION - marked as hypothetical: seq=contig_13, start=953, stop=1354, strand=-
11:43:02.256 - INFO - ANNOTATION - marked as hypothetical: seq=contig_13, start=5318, stop=5680, strand=-
11:43:02.257 - INFO - ANNOTATION - marked as hypothetical: seq=contig_13, start=6097, stop=6258, strand=-
11:43:02.257 - INFO - ANNOTATION - marked as hypothetical: seq=contig_13, start=7165, stop=7410, strand=-
11:43:02.257 - INFO - ANNOTATION - fix gene: extract symbol from protein name. symbol=irrE
11:43:02.257 - INFO - ANNOTATION - marked as hypothetical: seq=contig_13, start=10258, stop=10383, strand=+
11:43:02.257 - INFO - ANNOTATION - fix gene: extract symbol from protein name. symbol=mreC
11:43:02.257 - INFO - ANNOTATION - fix product: replace domain name underscores. new=UPF0735 ACT domain-containing protein SAOUHSC-01752, old=UPF0735 ACT domain-containing protein SAOUHSC_01752
11:43:02.258 - INFO - ANNOTATION - fix gene: extract symbol from protein name. symbol=ruvA
11:43:02.258 - INFO - ANNOTATION - fix gene: extract symbol from protein name. symbol=ruvB
11:43:02.258 - INFO - ANNOTATION - fix gene: extract symbol from protein name. symbol=yajC
11:43:02.258 - INFO - ANNOTATION - fix gene: extract symbol from protein name. symbol=recJ
11:43:02.258 - INFO - ANNOTATION - fix product: replace putative synonyms. new=putative cell wall amidase LytH, old=Probable cell wall amidase LytH
11:43:02.258 - INFO - ANNOTATION - fix gene: extract symbol from protein name. symbol=lytH
11:43:02.259 - INFO - ANNOTATION - marked as hypothetical: seq=contig_16, start=27053, stop=27235, strand=+
11:43:02.259 - INFO - ANNOTATION - marked as hypothetical: seq=contig_16, start=27275, stop=27421, strand=+
11:43:02.259 - INFO - ANNOTATION - fix gene: extract symbol from protein name. symbol=mnmA
11:43:02.259 - INFO - ANNOTATION - marked as hypothetical: seq=contig_16, start=31939, stop=32607, strand=+
11:43:02.259 - INFO - ANNOTATION - fix gene: extract symbol from protein name. symbol=recD2
11:43:02.259 - INFO - ANNOTATION - marked as hypothetical: seq=contig_16, start=38122, stop=38382, strand=+
11:43:02.260 - INFO - ANNOTATION - fix gene: extract symbol from protein name. symbol=greA
11:43:02.260 - INFO - ANNOTATION - fix gene: extract symbol from protein name. symbol=pxpB
11:43:02.260 - INFO - ANNOTATION - marked as hypothetical: seq=contig_16, start=45455, stop=45904, strand=+
11:43:02.260 - INFO - ANNOTATION - marked as hypothetical: seq=contig_16, start=51489, stop=51962, strand=+
11:43:02.260 - INFO - ANNOTATION - marked as hypothetical: seq=contig_16, start=52111, stop=52299, strand=+
11:43:02.260 - INFO - ANNOTATION - marked as hypothetical: seq=contig_16, start=52501, stop=52770, strand=-
11:43:02.260 - INFO - ANNOTATION - fix gene: extract symbol from protein name. symbol=yqeH
11:43:02.261 - INFO - ANNOTATION - fix product: replace putative synonyms. new=putative nicotinate-nucleotide adenylyltransferase, old=Probable nicotinate-nucleotide adenylyltransferase
11:43:02.261 - INFO - ANNOTATION - fix gene: extract symbol from protein name. symbol=rsfS
11:43:02.261 - INFO - ANNOTATION - fix gene: extract symbol from protein name. symbol=comE
11:43:02.261 - INFO - ANNOTATION - marked as hypothetical: seq=contig_16, start=59599, stop=60030, strand=+
11:43:02.261 - INFO - ANNOTATION - fix gene: extract symbol from protein name. symbol=hemW
11:43:02.261 - INFO - ANNOTATION - fix gene: extract symbol from protein name. symbol=hrcA
11:43:02.261 - INFO - ANNOTATION - fix gene: extract symbol from protein name. symbol=grpE
11:43:02.262 - INFO - ANNOTATION - fix gene: extract symbol from protein name. symbol=dnaK
11:43:02.262 - INFO - ANNOTATION - fix gene: extract symbol from protein name. symbol=dnaJ
11:43:02.262 - INFO - ANNOTATION - fix gene: extract symbol from protein name. symbol=mtaB
11:43:02.262 - INFO - ANNOTATION - fix gene: extract symbol from protein name. symbol=floA
11:43:02.262 - INFO - ANNOTATION - fix gene: extract symbol from protein name. symbol=ybeY
11:43:02.263 - INFO - ANNOTATION - fix gene: extract symbol from protein name. symbol=recO
11:43:02.263 - INFO - ANNOTATION - marked as hypothetical: seq=contig_16, start=84616, stop=85155, strand=+
11:43:02.263 - INFO - ANNOTATION - fix gene: extract symbol from protein name. symbol=sigA
11:43:02.263 - INFO - ANNOTATION - fix product: replace Homolog. new=GTP cyclohydrolase 1 type 2-like protein, old=GTP cyclohydrolase 1 type 2 homolog
11:43:02.263 - INFO - ANNOTATION - fix gene: extract symbol from protein name. symbol=cshB
11:43:02.263 - INFO - ANNOTATION - fix product: replace putative synonyms. new=putative endonuclease 4, old=Probable endonuclease 4
11:43:02.264 - INFO - ANNOTATION - fix gene: extract symbol from protein name. symbol=gspF
11:43:02.264 - INFO - ANNOTATION - fix gene: extract symbol from protein name. symbol=comG
11:43:02.264 - INFO - ANNOTATION - marked as hypothetical: seq=contig_16, start=106492, stop=106866, strand=+
11:43:02.264 - INFO - ANNOTATION - fix product: replace putative synonyms. new=putative glycine dehydrogenase (decarboxylating) subunit 1, old=Probable glycine dehydrogenase (decarboxylating) subunit 1
11:43:02.265 - INFO - ANNOTATION - fix product: replace putative synonyms. new=putative glycine dehydrogenase (decarboxylating) subunit 2, old=Probable glycine dehydrogenase (decarboxylating) subunit 2
11:43:02.265 - INFO - ANNOTATION - fix gene: extract symbol from protein name. symbol=lipM
11:43:02.265 - INFO - ANNOTATION - marked as hypothetical: seq=contig_16, start=113507, stop=113725, strand=-
11:43:02.265 - INFO - ANNOTATION - fix gene: extract symbol from protein name. symbol=nusB
11:43:02.265 - INFO - ANNOTATION - fix gene: extract symbol from protein name. symbol=recN
11:43:02.266 - INFO - ANNOTATION - marked as hypothetical: seq=contig_16, start=129233, stop=129331, strand=+
11:43:02.266 - INFO - ANNOTATION - fix gene: extract symbol from protein name. symbol=brxB
11:43:02.266 - INFO - ANNOTATION - marked as hypothetical: seq=contig_16, start=130962, stop=131054, strand=-
11:43:02.267 - INFO - ANNOTATION - fix product: replace putative synonyms. new=putative oligo-1,6-glucosidase 3, old=Probable oligo-1,6-glucosidase 3
11:43:02.267 - INFO - ANNOTATION - fix gene: extract symbol from protein name. symbol=xerD
11:43:02.267 - INFO - ANNOTATION - fix gene: extract symbol from protein name. symbol=srrA
11:43:02.268 - INFO - ANNOTATION - fix gene: extract symbol from protein name. symbol=srrB
11:43:02.268 - INFO - ANNOTATION - fix gene: extract symbol from protein name. symbol=yopX
11:43:02.268 - INFO - ANNOTATION - marked as hypothetical: seq=contig_18, start=345, stop=653, strand=+
11:43:02.268 - INFO - ANNOTATION - fix product: revise DUF. new=DUF1024 domain-containing protein, old=DUF1024 family protein
11:43:02.268 - INFO - ANNOTATION - fix gene: extract symbol from protein name. symbol=rinB
11:43:02.268 - INFO - ANNOTATION - marked as hypothetical: seq=contig_18, start=2260, stop=2460, strand=+
11:43:02.269 - INFO - ANNOTATION - marked as hypothetical: seq=contig_18, start=2487, stop=2693, strand=-
11:43:02.269 - INFO - ANNOTATION - fix gene: extract symbol from protein name. symbol=yajD
11:43:02.269 - INFO - ANNOTATION - marked as hypothetical: seq=contig_18, start=13454, stop=13732, strand=+
11:43:02.269 - INFO - ANNOTATION - fix gene: extract symbol from protein name. symbol=bppU
11:43:02.270 - INFO - ANNOTATION - marked as hypothetical: seq=contig_18, start=29395, stop=29559, strand=+
11:43:02.270 - INFO - ANNOTATION - fix product: replace putative synonyms. new=putative autolysin PH, old=Probable autolysin PH
11:43:02.270 - INFO - ANNOTATION - marked as hypothetical: seq=contig_18, start=32529, stop=32744, strand=+
11:43:02.271 - INFO - ANNOTATION - fix gene: extract symbol from protein name. symbol=recQ
11:43:02.271 - INFO - ANNOTATION - marked as hypothetical: seq=contig_18, start=50636, stop=50836, strand=+
11:43:02.271 - INFO - ANNOTATION - fix gene: extract symbol from protein name. symbol=yugP
11:43:02.271 - INFO - ANNOTATION - fix gene: extract symbol from protein name. symbol=birA
11:43:02.272 - INFO - ANNOTATION - fix gene: extract symbol from protein name. symbol=dinG
11:43:02.272 - INFO - ANNOTATION - fix gene: extract symbol from protein name. symbol=dnaD
11:43:02.272 - INFO - ANNOTATION - marked as hypothetical: seq=contig_18, start=69065, stop=71248, strand=-
11:43:02.272 - INFO - ANNOTATION - fix gene: extract symbol from protein name. symbol=recU
11:43:02.272 - INFO - ANNOTATION - fix product: revise DUF. new=DUF1798 domain-containing protein, old=DUF1798 family protein
11:43:02.272 - INFO - ANNOTATION - fix gene: extract symbol from protein name. symbol=gpsB
11:43:02.273 - INFO - ANNOTATION - marked as hypothetical: seq=contig_18, start=73776, stop=73892, strand=+
11:43:02.273 - INFO - ANNOTATION - fix gene: extract symbol from protein name. symbol=ypsC
11:43:02.273 - INFO - ANNOTATION - fix gene: extract symbol from protein name. symbol=tdcB
11:43:02.273 - INFO - ANNOTATION - fix gene: extract symbol from protein name. symbol=norB
11:43:02.273 - INFO - ANNOTATION - marked as hypothetical: seq=contig_18, start=119804, stop=120205, strand=-
11:43:02.273 - INFO - ANNOTATION - fix product: replace putative synonyms. new=putative queuosine precursor transporter, old=Probable queuosine precursor transporter
11:43:02.274 - INFO - ANNOTATION - fix gene: extract symbol from protein name. symbol=fakB2
11:43:02.274 - INFO - ANNOTATION - fix gene: extract symbol from protein name. symbol=msrA
11:43:02.274 - INFO - ANNOTATION - fix gene: extract symbol from protein name. symbol=msrB
11:43:02.274 - INFO - ANNOTATION - fix product: replace putative synonyms. new=putative CtpA-like serine protease, old=Probable CtpA-like serine protease
11:43:02.274 - INFO - ANNOTATION - marked as hypothetical: seq=contig_18, start=132816, stop=133016, strand=+
11:43:02.275 - INFO - ANNOTATION - fix gene: extract symbol from protein name. symbol=arlR
11:43:02.275 - INFO - ANNOTATION - fix gene: extract symbol from protein name. symbol=arlS
11:43:02.275 - INFO - ANNOTATION - fix gene: extract symbol from protein name. symbol=mhqA
11:43:02.275 - INFO - ANNOTATION - fix gene: extract symbol from protein name. symbol=yozC
11:43:02.275 - INFO - ANNOTATION - fix gene: extract symbol from protein name. symbol=norD
11:43:02.275 - INFO - ANNOTATION - fix gene: extract symbol from protein name. symbol=xpaC
11:43:02.276 - INFO - ANNOTATION - fix gene: extract symbol from protein name. symbol=msaA
11:43:02.276 - INFO - ANNOTATION - fix gene: extract symbol from protein name. symbol=cspA
11:43:02.276 - INFO - ANNOTATION - fix gene: extract symbol from protein name. symbol=sarA
11:43:02.276 - INFO - ANNOTATION - fix gene: extract symbol from protein name. symbol=msaC
11:43:02.276 - INFO - ANNOTATION - marked as hypothetical: seq=contig_18, start=153398, stop=154117, strand=-
11:43:02.276 - INFO - ANNOTATION - marked as hypothetical: seq=contig_19, start=244, stop=873, strand=-
11:43:02.277 - INFO - ANNOTATION - fix gene: extract symbol from protein name. symbol=cstR
11:43:02.277 - INFO - ANNOTATION - marked as hypothetical: seq=contig_19, start=3410, stop=3715, strand=+
11:43:02.277 - INFO - ANNOTATION - fix gene: extract symbol from protein name. symbol=mecI
11:43:02.277 - INFO - ANNOTATION - fix gene: extract symbol from protein name. symbol=mecR1
11:43:02.277 - INFO - ANNOTATION - fix gene: extract symbol from protein name. symbol=mecA
11:43:02.277 - INFO - ANNOTATION - marked as hypothetical: seq=contig_19, start=11671, stop=11838, strand=-
11:43:02.278 - INFO - ANNOTATION - fix gene: extract symbol from protein name. symbol=aldA
11:43:02.278 - INFO - ANNOTATION - fix gene: extract symbol from protein name. symbol=isdI
11:43:02.278 - INFO - ANNOTATION - fix gene: extract symbol from protein name. symbol=capN
11:43:02.278 - INFO - ANNOTATION - fix gene: extract symbol from protein name. symbol=capA
11:43:02.279 - INFO - ANNOTATION - fix gene: extract symbol from protein name. symbol=phnE
11:43:02.279 - INFO - ANNOTATION - marked as hypothetical: seq=contig_20, start=34546, stop=34704, strand=-
11:43:02.279 - INFO - ANNOTATION - marked as hypothetical: seq=contig_21, start=270, stop=425, strand=+
11:43:02.279 - INFO - ANNOTATION - marked as hypothetical: seq=contig_22, start=1302, stop=1394, strand=-
11:43:02.280 - INFO - ANNOTATION - marked as hypothetical: seq=contig_22, start=1387, stop=1737, strand=-
11:43:02.280 - INFO - ANNOTATION - fix gene: extract symbol from protein name. symbol=recA
11:43:02.280 - INFO - ANNOTATION - marked as hypothetical: seq=contig_22, start=9556, stop=9909, strand=-
11:43:02.281 - INFO - ANNOTATION - fix gene: extract symbol from protein name. symbol=arcD
11:43:02.281 - INFO - ANNOTATION - fix gene: extract symbol from protein name. symbol=kdpE
11:43:02.281 - INFO - ANNOTATION - fix gene: extract symbol from protein name. symbol=kdpD
11:43:02.282 - INFO - ANNOTATION - fix gene: extract symbol from protein name. symbol=kdpC
11:43:02.282 - INFO - ANNOTATION - marked as hypothetical: seq=contig_22, start=23021, stop=23170, strand=+
11:43:02.282 - INFO - ANNOTATION - marked as hypothetical: seq=contig_22, start=23702, stop=24328, strand=-
11:43:02.282 - INFO - ANNOTATION - fix product: replace putative synonyms. new=putative membrane transporter protein, old=Probable membrane transporter protein
11:43:02.282 - INFO - ANNOTATION - fix gene: extract symbol from protein name. symbol=cstR
11:43:02.282 - INFO - ANNOTATION - fix gene: extract symbol from protein name. symbol=cstA
11:43:02.282 - INFO - ANNOTATION - fix gene: extract symbol from protein name. symbol=cstB
11:43:02.283 - INFO - ANNOTATION - fix product: replace putative synonyms. new=putative cell division protein WhiA, old=Probable cell division protein WhiA
11:43:02.283 - INFO - ANNOTATION - fix gene: extract symbol from protein name. symbol=whiA
11:43:02.283 - INFO - ANNOTATION - fix product: revise DUF. new=DUF2198 domain-containing protein, old=DUF2198 family protein
11:43:02.283 - INFO - ANNOTATION - fix product: replace putative synonyms. new=putative autolysin LDP, old=Probable autolysin LDP
11:43:02.283 - INFO - ANNOTATION - fix gene: extract symbol from protein name. symbol=secA
11:43:02.283 - INFO - ANNOTATION - fix gene: extract symbol from protein name. symbol=comF
11:43:02.283 - INFO - ANNOTATION - marked as hypothetical: seq=contig_23, start=27573, stop=28439, strand=-
11:43:02.284 - INFO - ANNOTATION - fix gene: extract symbol from protein name. symbol=yigZ
11:43:02.284 - INFO - ANNOTATION - fix gene: extract symbol from protein name. symbol=thrE
11:43:02.284 - INFO - ANNOTATION - fix gene: extract symbol from protein name. symbol=ytxJ
11:43:02.284 - INFO - ANNOTATION - fix gene: extract symbol from protein name. symbol=grpB
11:43:02.284 - INFO - ANNOTATION - fix gene: extract symbol from protein name. symbol=fatE
11:43:02.284 - INFO - ANNOTATION - fix gene: extract symbol from protein name. symbol=yclN
11:43:02.285 - INFO - ANNOTATION - fix gene: extract symbol from protein name. symbol=nrdI
11:43:02.285 - INFO - ANNOTATION - fix gene: extract symbol from protein name. symbol=eamA
11:43:02.285 - INFO - ANNOTATION - fix gene: extract symbol from protein name. symbol=yclF
11:43:02.285 - INFO - ANNOTATION - fix product: replace putative synonyms. new=putative ergothioneine transporter EgtUBC, old=Probable ergothioneine transporter EgtUBC
11:43:02.285 - INFO - ANNOTATION - fix gene: extract symbol from protein name. symbol=recQ
11:43:02.285 - INFO - ANNOTATION - fix gene: extract symbol from protein name. symbol=ltaS
11:43:02.286 - INFO - ANNOTATION - fix gene: extract symbol from protein name. symbol=pxpB
11:43:02.286 - INFO - ANNOTATION - marked as hypothetical: seq=contig_23, start=71708, stop=72292, strand=+
11:43:02.286 - INFO - ANNOTATION - marked as hypothetical: seq=contig_23, start=72572, stop=73012, strand=+
11:43:02.286 - INFO - ANNOTATION - fix gene: extract symbol from protein name. symbol=doxX
11:43:02.286 - INFO - ANNOTATION - fix gene: extract symbol from protein name. symbol=saeR
11:43:02.287 - INFO - ANNOTATION - fix gene: extract symbol from protein name. symbol=saeS
11:43:02.287 - INFO - ANNOTATION - fix gene: extract symbol from protein name. symbol=csbB
11:43:02.287 - INFO - ANNOTATION - fix gene: extract symbol from protein name. symbol=norA
11:43:02.287 - INFO - ANNOTATION - fix gene: extract symbol from protein name. symbol=sdcS
11:43:02.288 - INFO - ANNOTATION - marked as hypothetical: seq=contig_23, start=92478, stop=92765, strand=-
11:43:02.288 - INFO - ANNOTATION - fix gene: extract symbol from protein name. symbol=cobW
11:43:02.288 - INFO - ANNOTATION - fix gene: extract symbol from protein name. symbol=mgrA
11:43:02.288 - INFO - ANNOTATION - marked as hypothetical: seq=contig_23, start=100101, stop=100784, strand=+
11:43:02.289 - INFO - ANNOTATION - fix product: revise DUF. new=DUF1129 domain-containing protein, old=DUF1129 family protein
11:43:02.289 - INFO - ANNOTATION - fix product: replace putative synonyms. new=putative transcriptional regulatory protein YeeN, old=Probable transcriptional regulatory protein YeeN
11:43:02.289 - INFO - ANNOTATION - fix gene: extract symbol from protein name. symbol=yeeN
11:43:02.289 - INFO - ANNOTATION - fix gene: extract symbol from protein name. symbol=sarX
11:43:02.289 - INFO - ANNOTATION - fix product: replace putative synonyms. new=putative autolysin SsaALP, old=Probable autolysin SsaALP
11:43:02.289 - INFO - ANNOTATION - fix gene: extract symbol from protein name. symbol=vraG
11:43:02.290 - INFO - ANNOTATION - fix gene: extract symbol from protein name. symbol=vraF
11:43:02.290 - INFO - ANNOTATION - fix gene: extract symbol from protein name. symbol=dhaL
11:43:02.290 - INFO - ANNOTATION - fix gene: extract symbol from protein name. symbol=dhaK
11:43:02.290 - INFO - ANNOTATION - fix gene: extract symbol from protein name. symbol=fhuC
11:43:02.290 - INFO - ANNOTATION - marked as hypothetical: seq=contig_23, start=135107, stop=136336, strand=-
11:43:02.290 - INFO - ANNOTATION - fix gene: extract symbol from protein name. symbol=tagX
11:43:02.290 - INFO - ANNOTATION - fix gene: extract symbol from protein name. symbol=tagG
11:43:02.291 - INFO - ANNOTATION - fix gene: extract symbol from protein name. symbol=tagH
11:43:02.291 - INFO - ANNOTATION - fix gene: extract symbol from protein name. symbol=mntC
11:43:02.291 - INFO - ANNOTATION - fix gene: extract symbol from protein name. symbol=pdxS
11:43:02.291 - INFO - ANNOTATION - fix gene: extract symbol from protein name. symbol=pdxT
11:43:02.291 - INFO - ANNOTATION - fix gene: extract symbol from protein name. symbol=ctsR
11:43:02.291 - INFO - ANNOTATION - fix gene: extract symbol from protein name. symbol=clpC
11:43:02.292 - INFO - ANNOTATION - fix gene: extract symbol from protein name. symbol=radA
11:43:02.292 - INFO - ANNOTATION - fix gene: extract symbol from protein name. symbol=trmH
11:43:02.292 - INFO - ANNOTATION - fix gene: extract symbol from protein name. symbol=sigS
11:43:02.292 - INFO - ANNOTATION - fix gene: extract symbol from protein name. symbol=secE
11:43:02.292 - INFO - ANNOTATION - fix gene: extract symbol from protein name. symbol=nusG
11:43:02.292 - INFO - ANNOTATION - fix gene: extract symbol from protein name. symbol=hchA
11:43:02.293 - INFO - ANNOTATION - marked as hypothetical: seq=contig_25, start=813, stop=1001, strand=-
11:43:02.293 - INFO - ANNOTATION - fix gene: extract symbol from protein name. symbol=dnaC
11:43:02.293 - INFO - ANNOTATION - marked as hypothetical: seq=contig_25, start=3606, stop=3722, strand=-
11:43:02.293 - INFO - ANNOTATION - marked as hypothetical: seq=contig_25, start=5764, stop=5985, strand=-
11:43:02.293 - INFO - ANNOTATION - marked as hypothetical: seq=contig_25, start=5995, stop=6255, strand=-
11:43:02.293 - INFO - ANNOTATION - marked as hypothetical: seq=contig_25, start=6501, stop=6629, strand=-
11:43:02.293 - INFO - ANNOTATION - marked as hypothetical: seq=contig_25, start=7357, stop=7500, strand=-
11:43:02.294 - INFO - ANNOTATION - marked as hypothetical: seq=contig_25, start=8592, stop=9074, strand=+
11:43:02.294 - INFO - ANNOTATION - marked as hypothetical: seq=contig_25, start=9175, stop=9354, strand=-
11:43:02.294 - INFO - ANNOTATION - marked as hypothetical: seq=contig_25, start=9425, stop=10192, strand=-
11:43:02.294 - INFO - ANNOTATION - fix gene: extract symbol from protein name. symbol=irrE
11:43:02.294 - INFO - ANNOTATION - fix gene: extract symbol from protein name. symbol=mazF
11:43:02.294 - INFO - ANNOTATION - fix gene: extract symbol from protein name. symbol=ylbF
11:43:02.295 - INFO - ANNOTATION - fix gene: extract symbol from protein name. symbol=yozB
11:43:02.295 - INFO - ANNOTATION - fix gene: extract symbol from protein name. symbol=ftsW
11:43:02.295 - INFO - ANNOTATION - fix gene: extract symbol from protein name. symbol=bipA
11:43:02.295 - INFO - ANNOTATION - fix gene: extract symbol from protein name. symbol=ylaF
11:43:02.295 - INFO - ANNOTATION - fix gene: extract symbol from protein name. symbol=mntH
11:43:02.295 - INFO - ANNOTATION - fix gene: extract symbol from protein name. symbol=potA
11:43:02.296 - INFO - ANNOTATION - fix gene: extract symbol from protein name. symbol=nrdH
11:43:02.296 - INFO - ANNOTATION - marked as hypothetical: seq=contig_25, start=62346, stop=62480, strand=+
11:43:02.296 - INFO - ANNOTATION - marked as hypothetical: seq=contig_25, start=62581, stop=62727, strand=-
11:43:02.296 - INFO - ANNOTATION - fix gene: extract symbol from protein name. symbol=purH
11:43:02.296 - INFO - ANNOTATION - fix gene: extract symbol from protein name. symbol=purL
11:43:02.297 - INFO - ANNOTATION - fix gene: extract symbol from protein name. symbol=purQ
11:43:02.297 - INFO - ANNOTATION - fix gene: extract symbol from protein name. symbol=purS
11:43:02.297 - INFO - ANNOTATION - fix gene: extract symbol from protein name. symbol=folD
11:43:02.297 - INFO - ANNOTATION - fix product: revise DUF. new=DUF3147 domain-containing protein, old=DUF3147 family protein
11:43:02.297 - INFO - ANNOTATION - fix gene: extract symbol from protein name. symbol=vraH
11:43:02.298 - INFO - ANNOTATION - fix gene: extract symbol from protein name. symbol=vraE
11:43:02.298 - INFO - ANNOTATION - fix gene: extract symbol from protein name. symbol=vraD
11:43:02.298 - INFO - ANNOTATION - fix gene: extract symbol from protein name. symbol=hdeD
11:43:02.298 - INFO - ANNOTATION - fix gene: extract symbol from protein name. symbol=eamA
11:43:02.298 - INFO - ANNOTATION - fix gene: extract symbol from protein name. symbol=bstA
11:43:02.298 - INFO - ANNOTATION - fix gene: extract symbol from protein name. symbol=padR
11:43:02.299 - INFO - ANNOTATION - fix product: revise DUF. new=DUF1129 domain-containing protein, old=DUF1129 family protein
11:43:02.299 - INFO - ANNOTATION - marked as hypothetical: seq=contig_25, start=93699, stop=93797, strand=-
11:43:02.299 - INFO - ANNOTATION - fix product: replace Homolog. new=NodB-like y domain-containing protein, old=NodB homology domain-containing protein
11:43:02.300 - INFO - ANNOTATION - fix gene: extract symbol from protein name. symbol=hisH
11:43:02.300 - INFO - ANNOTATION - fix gene: extract symbol from protein name. symbol=hisF
11:43:02.300 - INFO - ANNOTATION - fix gene: extract symbol from protein name. symbol=icaC
11:43:02.301 - INFO - ANNOTATION - fix gene: extract symbol from protein name. symbol=icaR
11:43:02.301 - INFO - ANNOTATION - fix gene: extract symbol from protein name. symbol=capA
11:43:02.301 - INFO - ANNOTATION - fix gene: extract symbol from protein name. symbol=capB
11:43:02.301 - INFO - ANNOTATION - fix gene: extract symbol from protein name. symbol=msrA
11:43:02.302 - INFO - ANNOTATION - fix gene: extract symbol from protein name. symbol=doxX
11:43:02.302 - INFO - ANNOTATION - marked as hypothetical: seq=contig_25, start=123329, stop=123757, strand=-
11:43:02.302 - INFO - ANNOTATION - marked as hypothetical: seq=contig_25, start=125259, stop=132074, strand=+
11:43:02.302 - INFO - ANNOTATION - fix gene: extract symbol from protein name. symbol=secY2
11:43:02.302 - INFO - ANNOTATION - fix gene: extract symbol from protein name. symbol=secA
11:43:02.302 - INFO - ANNOTATION - fix gene: extract symbol from protein name. symbol=gtfA
11:43:02.303 - INFO - ANNOTATION - fix gene: extract symbol from protein name. symbol=gtfB
11:43:02.303 - INFO - ANNOTATION - fix gene: extract symbol from protein name. symbol=sasF
11:43:02.303 - INFO - ANNOTATION - marked as hypothetical: seq=contig_25, start=145873, stop=147732, strand=-
11:43:02.303 - INFO - ANNOTATION - marked as hypothetical: seq=contig_25, start=151988, stop=153940, strand=-
11:43:02.303 - INFO - ANNOTATION - fix gene: extract symbol from protein name. symbol=bglG
11:43:02.304 - INFO - ANNOTATION - marked as hypothetical: seq=contig_25, start=156131, stop=156589, strand=-
11:43:02.304 - INFO - ANNOTATION - fix gene: extract symbol from protein name. symbol=isaB
11:43:02.304 - INFO - ANNOTATION - fix gene: extract symbol from protein name. symbol=arcR
11:43:02.304 - INFO - ANNOTATION - marked as hypothetical: seq=contig_26, start=5028, stop=8495, strand=+
11:43:02.305 - INFO - ANNOTATION - marked as hypothetical: seq=contig_26, start=8532, stop=12473, strand=+
11:43:02.305 - INFO - ANNOTATION - fix gene: extract symbol from protein name. symbol=bglG
11:43:02.305 - INFO - ANNOTATION - fix gene: extract symbol from protein name. symbol=czrB
11:43:02.305 - INFO - ANNOTATION - fix gene: extract symbol from protein name. symbol=czrA
11:43:02.305 - INFO - ANNOTATION - fix gene: extract symbol from protein name. symbol=yhfK
11:43:02.306 - INFO - ANNOTATION - fix gene: extract symbol from protein name. symbol=oatA
11:43:02.306 - INFO - ANNOTATION - fix gene: extract symbol from protein name. symbol=clpB
11:43:02.306 - INFO - ANNOTATION - fix product: revise DUF. new=DUF2929 domain-containing protein, old=DUF2929 family protein
11:43:02.307 - INFO - ANNOTATION - fix gene: extract symbol from protein name. symbol=oppC
11:43:02.307 - INFO - ANNOTATION - fix gene: extract symbol from protein name. symbol=appA
11:43:02.307 - INFO - ANNOTATION - fix gene: extract symbol from protein name. symbol=appC
11:43:02.307 - INFO - ANNOTATION - fix gene: extract symbol from protein name. symbol=mecA
11:43:02.307 - INFO - ANNOTATION - fix gene: extract symbol from protein name. symbol=coiA
11:43:02.308 - INFO - ANNOTATION - fix gene: extract symbol from protein name. symbol=pepB
11:43:02.308 - INFO - ANNOTATION - fix gene: extract symbol from protein name. symbol=yjbH
11:43:02.308 - INFO - ANNOTATION - fix gene: extract symbol from protein name. symbol=yjbI
11:43:02.308 - INFO - ANNOTATION - fix gene: extract symbol from protein name. symbol=mgtE
11:43:02.308 - INFO - ANNOTATION - fix gene: extract symbol from protein name. symbol=yjbQ
11:43:02.308 - INFO - ANNOTATION - fix gene: extract symbol from protein name. symbol=fabI
11:43:02.309 - INFO - ANNOTATION - fix gene: extract symbol from protein name. symbol=alsT
11:43:02.309 - INFO - ANNOTATION - fix gene: extract symbol from protein name. symbol=ltaA
11:43:02.309 - INFO - ANNOTATION - fix gene: extract symbol from protein name. symbol=terC
11:43:02.309 - INFO - ANNOTATION - fix gene: extract symbol from protein name. symbol=comK
11:43:02.310 - INFO - ANNOTATION - fix gene: extract symbol from protein name. symbol=lplJ
11:43:02.310 - INFO - ANNOTATION - fix gene: extract symbol from protein name. symbol=yxeA
11:43:02.310 - INFO - ANNOTATION - marked as hypothetical: seq=contig_28, start=69075, stop=69320, strand=-
11:43:02.310 - INFO - ANNOTATION - fix gene: extract symbol from protein name. symbol=doxX
11:43:02.310 - INFO - ANNOTATION - marked as hypothetical: seq=contig_28, start=71581, stop=71697, strand=-
11:43:02.311 - INFO - ANNOTATION - fix gene: extract symbol from protein name. symbol=sspB
11:43:02.311 - INFO - ANNOTATION - fix gene: extract symbol from protein name. symbol=sspA
11:43:02.311 - INFO - ANNOTATION - fix gene: extract symbol from protein name. symbol=marR
11:43:02.312 - INFO - ANNOTATION - fix gene: extract symbol from protein name. symbol=fmtA
11:43:02.312 - INFO - ANNOTATION - fix product: replace putative synonyms. new=putative quinol oxidase subunit 4, old=Probable quinol oxidase subunit 4
11:43:02.312 - INFO - ANNOTATION - fix product: replace putative synonyms. new=putative quinol oxidase subunit 2, old=Probable quinol oxidase subunit 2
11:43:02.312 - INFO - ANNOTATION - marked as hypothetical: seq=contig_29, start=519, stop=1202, strand=+
11:43:02.312 - INFO - ANNOTATION - fix product: revise DUF. new=DUF5080 domain-containing protein, old=DUF5080 family protein
11:43:02.313 - INFO - ANNOTATION - fix gene: extract symbol from protein name. symbol=tsaE
11:43:02.313 - INFO - ANNOTATION - fix gene: extract symbol from protein name. symbol=mutS
11:43:02.313 - INFO - ANNOTATION - marked as hypothetical: seq=contig_30, start=28492, stop=28635, strand=-
11:43:02.314 - INFO - ANNOTATION - fix gene: extract symbol from protein name. symbol=mroQ
11:43:02.314 - INFO - ANNOTATION - marked as hypothetical: seq=contig_30, start=38370, stop=38576, strand=+
11:43:02.314 - INFO - ANNOTATION - marked as hypothetical: seq=contig_30, start=39033, stop=39218, strand=+
11:43:02.314 - INFO - ANNOTATION - fix product: revise DUF. new=DUF1474 domain-containing protein, old=DUF1474 family protein
11:43:02.314 - INFO - ANNOTATION - fix gene: extract symbol from protein name. symbol=nusB
11:43:02.315 - INFO - ANNOTATION - fix gene: extract symbol from protein name. symbol=secB
11:43:02.315 - INFO - ANNOTATION - fix gene: extract symbol from protein name. symbol=ktrB
11:43:02.315 - INFO - ANNOTATION - fix product: replace putative synonyms. new=putative succinyl-diaminopimelate desuccinylase, old=Probable succinyl-diaminopimelate desuccinylase
11:43:02.315 - INFO - ANNOTATION - marked as hypothetical: seq=contig_30, start=59482, stop=60519, strand=-
11:43:02.315 - INFO - ANNOTATION - marked as hypothetical: seq=contig_30, start=60582, stop=60824, strand=-
11:43:02.316 - INFO - ANNOTATION - fix gene: extract symbol from protein name. symbol=tarP
11:43:02.316 - INFO - ANNOTATION - marked as hypothetical: seq=contig_30, start=67016, stop=67177, strand=+
11:43:02.316 - INFO - ANNOTATION - marked as hypothetical: seq=contig_30, start=67579, stop=67839, strand=+
11:43:02.316 - INFO - ANNOTATION - marked as hypothetical: seq=contig_30, start=67848, stop=68111, strand=+
11:43:02.317 - INFO - ANNOTATION - fix gene: extract symbol from protein name. symbol=recT
11:43:02.317 - INFO - ANNOTATION - marked as hypothetical: seq=contig_30, start=71198, stop=71683, strand=+
11:43:02.317 - INFO - ANNOTATION - fix gene: extract symbol from protein name. symbol=dnaD
11:43:02.317 - INFO - ANNOTATION - marked as hypothetical: seq=contig_31, start=132, stop=287, strand=+
11:43:02.317 - INFO - ANNOTATION - marked as hypothetical: seq=contig_32, start=188, stop=343, strand=+
11:43:02.317 - INFO - ANNOTATION - fix gene: extract symbol from protein name. symbol=folE2
11:43:02.317 - INFO - ANNOTATION - fix gene: extract symbol from protein name. symbol=bshB2
11:43:02.317 - INFO - ANNOTATION - fix product: revise DUF. new=DUF1806 domain-containing protein, old=DUF1806 family protein
11:43:02.318 - INFO - ANNOTATION - fix gene: extract symbol from protein name. symbol=vraA
11:43:02.318 - INFO - ANNOTATION - fix gene: extract symbol from protein name. symbol=vraB
11:43:02.318 - INFO - ANNOTATION - fix gene: extract symbol from protein name. symbol=vraC
11:43:02.318 - INFO - ANNOTATION - marked as hypothetical: seq=contig_32, start=14124, stop=14393, strand=+
11:43:02.318 - INFO - ANNOTATION - fix gene: extract symbol from protein name. symbol=vraX
11:43:02.318 - INFO - ANNOTATION - marked as hypothetical: seq=contig_32, start=16939, stop=17319, strand=+
11:43:02.319 - INFO - ANNOTATION - fix gene: extract symbol from protein name. symbol=yhdG
11:43:02.319 - INFO - ANNOTATION - fix gene: extract symbol from protein name. symbol=thrE
11:43:02.319 - INFO - ANNOTATION - marked as hypothetical: seq=contig_32, start=30617, stop=32011, strand=+
11:43:02.319 - INFO - ANNOTATION - fix gene: extract symbol from protein name. symbol=ywfO
11:43:02.319 - INFO - ANNOTATION - fix product: revise DUF. new=DUF1934 domain-containing protein, old=DUF1934 family protein
11:43:02.320 - INFO - ANNOTATION - fix product: revise DUF. new=DUF1129 domain-containing protein, old=DUF1129 family protein
11:43:02.320 - INFO - ANNOTATION - fix gene: extract symbol from protein name. symbol=sarA
11:43:02.320 - INFO - ANNOTATION - fix gene: extract symbol from protein name. symbol=recR
11:43:02.320 - INFO - ANNOTATION - fix gene: extract symbol from protein name. symbol=lysR
11:43:02.321 - INFO - ANNOTATION - fix gene: extract symbol from protein name. symbol=mutT
11:43:02.321 - INFO - ANNOTATION - marked as hypothetical: seq=contig_34, start=19797, stop=20066, strand=+
11:43:02.321 - INFO - ANNOTATION - fix gene: extract symbol from protein name. symbol=metN
11:43:02.321 - INFO - ANNOTATION - fix product: replace putative synonyms. new=Na+-translocating membrane putative-generating system MpsC domain-containing protein, old=Na+-translocating membrane potential-generating system MpsC domain-containing protein
11:43:02.321 - INFO - ANNOTATION - fix gene: extract symbol from protein name. symbol=mpsC
11:43:02.321 - INFO - ANNOTATION - fix product: replace putative synonyms. new=putative inorganic carbon transporter subunit DabA, old=Probable inorganic carbon transporter subunit DabA
11:43:02.321 - INFO - ANNOTATION - fix gene: extract symbol from protein name. symbol=dabA
11:43:02.322 - INFO - ANNOTATION - fix product: replace putative synonyms. new=putative inorganic carbon transporter subunit DabB, old=Probable inorganic carbon transporter subunit DabB
11:43:02.322 - INFO - ANNOTATION - fix gene: extract symbol from protein name. symbol=dabB
11:43:02.322 - INFO - ANNOTATION - fix gene: extract symbol from protein name. symbol=cobW
11:43:02.322 - INFO - ANNOTATION - marked as hypothetical: seq=contig_34, start=38244, stop=38438, strand=+
11:43:02.322 - INFO - ANNOTATION - marked as hypothetical: seq=contig_34, start=38727, stop=39041, strand=-
11:43:02.323 - INFO - ANNOTATION - marked as hypothetical: seq=contig_34, start=67321, stop=67473, strand=+
11:43:02.324 - INFO - ANNOTATION - fix gene: extract symbol from protein name. symbol=mazF
11:43:02.324 - INFO - ANNOTATION - marked as hypothetical: seq=contig_34, start=76909, stop=77865, strand=+
11:43:02.324 - INFO - ANNOTATION - fix gene: extract symbol from protein name. symbol=rinB
11:43:02.325 - INFO - ANNOTATION - marked as hypothetical: seq=contig_35, start=6799, stop=7395, strand=+
11:43:02.325 - INFO - ANNOTATION - marked as hypothetical: seq=contig_35, start=8583, stop=8897, strand=+
11:43:02.325 - INFO - ANNOTATION - marked as hypothetical: seq=contig_35, start=11543, stop=14512, strand=+
11:43:02.325 - INFO - ANNOTATION - marked as hypothetical: seq=contig_35, start=19270, stop=21093, strand=+
11:43:02.326 - INFO - ANNOTATION - fix gene: extract symbol from protein name. symbol=xkdX
11:43:02.326 - INFO - ANNOTATION - fix gene: extract symbol from protein name. symbol=bppU
11:43:02.326 - INFO - ANNOTATION - fix gene: extract symbol from protein name. symbol=lysH5
11:43:02.327 - INFO - ANNOTATION - marked as hypothetical: seq=contig_35, start=29849, stop=30238, strand=-
11:43:02.327 - INFO - ANNOTATION - fix gene: extract symbol from protein name. symbol=isdG
11:43:02.327 - INFO - ANNOTATION - fix gene: extract symbol from protein name. symbol=zapA
11:43:02.328 - INFO - ANNOTATION - fix gene: extract symbol from protein name. symbol=cvpA
11:43:02.328 - INFO - ANNOTATION - fix gene: extract symbol from protein name. symbol=mutS2
11:43:02.328 - INFO - ANNOTATION - marked as hypothetical: seq=contig_35, start=58639, stop=59145, strand=+
11:43:02.329 - INFO - ANNOTATION - fix gene: extract symbol from protein name. symbol=vraS
11:43:02.329 - INFO - ANNOTATION - fix gene: extract symbol from protein name. symbol=vraR
11:43:02.329 - INFO - ANNOTATION - fix gene: extract symbol from protein name. symbol=ytxH
11:43:02.329 - INFO - ANNOTATION - fix gene: extract symbol from protein name. symbol=ptpA
11:43:02.329 - INFO - ANNOTATION - marked as hypothetical: seq=contig_37, start=8022, stop=8228, strand=+
11:43:02.330 - INFO - ANNOTATION - fix gene: extract symbol from protein name. symbol=pepS
11:43:02.330 - INFO - ANNOTATION - fix gene: extract symbol from protein name. symbol=sgtB
11:43:02.330 - INFO - ANNOTATION - fix gene: extract symbol from protein name. symbol=recX
11:43:02.330 - INFO - ANNOTATION - fix gene: extract symbol from protein name. symbol=tagG
11:43:02.331 - INFO - ANNOTATION - fix gene: extract symbol from protein name. symbol=perR
11:43:02.331 - INFO - ANNOTATION - marked as hypothetical: seq=contig_38, start=480, stop=722, strand=+
11:43:02.331 - INFO - ANNOTATION - fix gene: extract symbol from protein name. symbol=marR
11:43:02.331 - INFO - ANNOTATION - fix gene: extract symbol from protein name. symbol=cadD
11:43:02.332 - INFO - ANNOTATION - marked as hypothetical: seq=contig_38, start=5587, stop=6279, strand=+
11:43:02.332 - INFO - ANNOTATION - marked as hypothetical: seq=contig_38, start=6447, stop=6596, strand=-
11:43:02.332 - INFO - ANNOTATION - marked as hypothetical: seq=contig_38, start=7151, stop=7321, strand=-
11:43:02.332 - INFO - ANNOTATION - marked as hypothetical: seq=contig_38, start=9797, stop=9982, strand=-
11:43:02.332 - INFO - ANNOTATION - marked as hypothetical: seq=contig_38, start=10541, stop=10780, strand=-
11:43:02.332 - INFO - ANNOTATION - fix gene: extract symbol from protein name. symbol=repB
11:43:02.333 - INFO - ANNOTATION - marked as hypothetical: seq=contig_38, start=12925, stop=13302, strand=-
11:43:02.333 - INFO - ANNOTATION - fix gene: extract symbol from protein name. symbol=yxeA
11:43:02.333 - INFO - ANNOTATION - fix gene: extract symbol from protein name. symbol=arsB
11:43:02.333 - INFO - ANNOTATION - fix gene: extract symbol from protein name. symbol=arsR
11:43:02.333 - INFO - ANNOTATION - fix gene: extract symbol from protein name. symbol=binR
11:43:02.333 - INFO - ANNOTATION - fix gene: extract symbol from protein name. symbol=blaI
11:43:02.334 - INFO - ANNOTATION - fix gene: extract symbol from protein name. symbol=blaR1
11:43:02.334 - INFO - ANNOTATION - fix gene: extract symbol from protein name. symbol=blaZ
11:43:02.334 - INFO - ANNOTATION - marked as hypothetical: seq=contig_39, start=107, stop=304, strand=-
11:43:02.335 - INFO - ANNOTATION - fix gene: extract symbol from protein name. symbol=yabA
11:43:02.335 - INFO - ANNOTATION - fix gene: extract symbol from protein name. symbol=metS
11:43:02.335 - INFO - ANNOTATION - fix gene: extract symbol from protein name. symbol=ridA
11:43:02.335 - INFO - ANNOTATION - fix gene: extract symbol from protein name. symbol=glmU
11:43:02.336 - INFO - ANNOTATION - fix gene: extract symbol from protein name. symbol=yabR
11:43:02.336 - INFO - ANNOTATION - fix gene: extract symbol from protein name. symbol=ftsH
11:43:02.336 - INFO - ANNOTATION - marked as hypothetical: seq=contig_42, start=112, stop=351, strand=-
11:43:02.336 - INFO - ANNOTATION - marked as hypothetical: seq=contig_42, start=766, stop=2022, strand=-
11:43:02.336 - INFO - ANNOTATION - fix gene: extract symbol from protein name. symbol=yycJ
11:43:02.337 - INFO - ANNOTATION - fix gene: extract symbol from protein name. symbol=yycH
11:43:02.337 - INFO - ANNOTATION - fix gene: extract symbol from protein name. symbol=walK
11:43:02.337 - INFO - ANNOTATION - fix gene: extract symbol from protein name. symbol=walR
11:43:02.337 - INFO - ANNOTATION - fix gene: extract symbol from protein name. symbol=gdpP
11:43:02.337 - INFO - ANNOTATION - fix gene: extract symbol from protein name. symbol=azlD
11:43:02.338 - INFO - ANNOTATION - fix gene: extract symbol from protein name. symbol=recF
11:43:02.338 - INFO - ANNOTATION - fix gene: extract symbol from protein name. symbol=dnaA
11:43:02.338 - INFO - ANNOTATION - fix gene: extract symbol from protein name. symbol=mnmE
11:43:02.338 - INFO - ANNOTATION - fix gene: extract symbol from protein name. symbol=mnmG
11:43:02.339 - INFO - ANNOTATION - fix gene: extract symbol from protein name. symbol=hrtB
11:43:02.339 - INFO - ANNOTATION - fix gene: extract symbol from protein name. symbol=hrtA
11:43:02.339 - INFO - ANNOTATION - fix gene: extract symbol from protein name. symbol=pfkB
11:43:02.340 - INFO - ANNOTATION - fix gene: extract symbol from protein name. symbol=bglG
11:43:02.340 - INFO - ANNOTATION - fix gene: extract symbol from protein name. symbol=mepR
11:43:02.340 - INFO - ANNOTATION - fix gene: extract symbol from protein name. symbol=mepA
11:43:02.340 - INFO - ANNOTATION - marked as hypothetical: seq=contig_43, start=43260, stop=43805, strand=+
11:43:02.340 - INFO - ANNOTATION - marked as hypothetical: seq=contig_43, start=48086, stop=48691, strand=-
11:43:02.340 - INFO - ANNOTATION - fix gene: extract symbol from protein name. symbol=tatA
11:43:02.341 - INFO - ANNOTATION - fix product: revise DUF. new=DUF3169 domain-containing protein, old=DUF3169 family protein
11:43:02.341 - INFO - ANNOTATION - fix gene: extract symbol from protein name. symbol=metC
11:43:02.341 - INFO - ANNOTATION - fix gene: extract symbol from protein name. symbol=parB
11:43:02.342 - INFO - ANNOTATION - marked as hypothetical: seq=contig_43, start=64239, stop=65120, strand=+
11:43:02.342 - INFO - ANNOTATION - fix gene: extract symbol from protein name. symbol=ychF
11:43:02.342 - INFO - ANNOTATION - fix gene: extract symbol from protein name. symbol=yxeA
11:43:02.342 - INFO - ANNOTATION - marked as hypothetical: seq=contig_43, start=74395, stop=74781, strand=-
11:43:02.342 - INFO - ANNOTATION - marked as hypothetical: seq=contig_43, start=74840, stop=74935, strand=+
11:43:02.343 - INFO - ANNOTATION - marked as hypothetical: seq=contig_43, start=75747, stop=75992, strand=-
11:43:02.343 - INFO - ANNOTATION - fix gene: extract symbol from protein name. symbol=tcyP
11:43:02.343 - INFO - ANNOTATION - marked as hypothetical: seq=contig_43, start=83858, stop=84088, strand=-
11:43:02.344 - INFO - ANNOTATION - fix product: replace putative synonyms. new=putative endopeptidase p60, old=Probable endopeptidase p60
11:43:02.344 - INFO - ANNOTATION - fix gene: extract symbol from protein name. symbol=ytxH
11:43:02.344 - INFO - ANNOTATION - fix gene: extract symbol from protein name. symbol=ardA
11:43:02.344 - INFO - ANNOTATION - fix gene: extract symbol from protein name. symbol=ftsK
11:43:02.345 - INFO - ANNOTATION - fix gene: extract symbol from protein name. symbol=gatD
11:43:02.345 - INFO - ANNOTATION - fix gene: extract symbol from protein name. symbol=murT
11:43:02.345 - INFO - ANNOTATION - fix gene: extract symbol from protein name. symbol=ftnA
11:43:02.345 - INFO - ANNOTATION - fix gene: extract symbol from protein name. symbol=camS
11:43:02.346 - INFO - ANNOTATION - fix gene: extract symbol from protein name. symbol=sdcS
11:43:02.346 - INFO - ANNOTATION - fix gene: extract symbol from protein name. symbol=pmtD
11:43:02.346 - INFO - ANNOTATION - fix gene: extract symbol from protein name. symbol=pmtC
11:43:02.347 - INFO - ANNOTATION - fix gene: extract symbol from protein name. symbol=pmtB
11:43:02.347 - INFO - ANNOTATION - fix gene: extract symbol from protein name. symbol=pmtA
11:43:02.347 - INFO - ANNOTATION - marked as hypothetical: seq=contig_47, start=48778, stop=48954, strand=-
11:43:02.347 - INFO - ANNOTATION - fix gene: extract symbol from protein name. symbol=lytN
11:43:02.348 - INFO - ANNOTATION - marked as hypothetical: seq=contig_47, start=60608, stop=60982, strand=-
11:43:02.348 - INFO - ANNOTATION - marked as hypothetical: seq=contig_47, start=61371, stop=61523, strand=-
11:43:02.348 - INFO - ANNOTATION - fix product: replace putative synonyms. new=putative transglycosylase IsaA, old=Probable transglycosylase IsaA
11:43:02.348 - INFO - ANNOTATION - fix gene: extract symbol from protein name. symbol=isaA
11:43:02.348 - INFO - ANNOTATION - marked as hypothetical: seq=contig_47, start=72218, stop=72859, strand=-
11:43:02.349 - INFO - ANNOTATION - fix gene: extract symbol from protein name. symbol=yajD
11:43:02.349 - INFO - ANNOTATION - fix gene: extract symbol from protein name. symbol=rinB
11:43:02.349 - INFO - ANNOTATION - marked as hypothetical: seq=contig_47, start=81136, stop=81342, strand=-
11:43:02.349 - INFO - ANNOTATION - fix product: revise DUF. new=DUF1024 domain-containing protein, old=DUF1024 family protein
11:43:02.350 - INFO - ANNOTATION - fix product: replace putative synonyms. new=putative protein-export membrane protein SecG, old=Probable protein-export membrane protein SecG
11:43:02.350 - INFO - ANNOTATION - fix gene: extract symbol from protein name. symbol=secG
11:43:02.350 - INFO - ANNOTATION - fix gene: extract symbol from protein name. symbol=araC
11:43:02.350 - INFO - ANNOTATION - marked as hypothetical: seq=contig_48, start=19494, stop=19838, strand=+
11:43:02.351 - INFO - ANNOTATION - marked as hypothetical: seq=contig_48, start=23605, stop=23799, strand=+
11:43:02.351 - INFO - ANNOTATION - marked as hypothetical: seq=contig_49, start=3223, stop=3600, strand=-
11:43:02.352 - INFO - ANNOTATION - marked as hypothetical: seq=contig_50, start=11513, stop=12508, strand=+
11:43:02.352 - INFO - ANNOTATION - fix product: revise DUF. new=DUF3969 domain-containing protein, old=DUF3969 family protein
11:43:02.352 - INFO - ANNOTATION - marked as hypothetical: seq=contig_50, start=13692, stop=14264, strand=+
11:43:02.352 - INFO - ANNOTATION - marked as hypothetical: seq=contig_50, start=15382, stop=15474, strand=-
11:43:02.352 - INFO - ANNOTATION - marked as hypothetical: seq=contig_50, start=16062, stop=16562, strand=-
11:43:02.352 - INFO - ANNOTATION - fix gene: extract symbol from protein name. symbol=ppaX
11:43:02.353 - INFO - ANNOTATION - fix gene: extract symbol from protein name. symbol=harA
11:43:02.353 - INFO - ANNOTATION - fix gene: extract symbol from protein name. symbol=acuA
11:43:02.353 - INFO - ANNOTATION - fix gene: extract symbol from protein name. symbol=acuC
11:43:02.353 - INFO - ANNOTATION - marked as hypothetical: seq=contig_51, start=25971, stop=26462, strand=-
11:43:02.353 - INFO - ANNOTATION - marked as hypothetical: seq=contig_51, start=27873, stop=31697, strand=-
11:43:02.354 - INFO - ANNOTATION - fix gene: extract symbol from protein name. symbol=ytpR
11:43:02.354 - INFO - ANNOTATION - fix gene: extract symbol from protein name. symbol=ytmP
11:43:02.354 - INFO - ANNOTATION - marked as hypothetical: seq=contig_51, start=41407, stop=41829, strand=-
11:43:02.354 - INFO - ANNOTATION - fix gene: extract symbol from protein name. symbol=sasC
11:43:02.355 - INFO - ANNOTATION - fix gene: extract symbol from protein name. symbol=ribD
11:43:02.355 - INFO - ANNOTATION - fix gene: extract symbol from protein name. symbol=sdpR
11:43:02.355 - INFO - ANNOTATION - fix gene: extract symbol from protein name. symbol=arsB
11:43:02.355 - INFO - ANNOTATION - marked as hypothetical: seq=contig_51, start=70678, stop=70902, strand=-
11:43:02.356 - INFO - ANNOTATION - fix gene: extract symbol from protein name. symbol=sigS
11:43:02.356 - INFO - ANNOTATION - fix gene: extract symbol from protein name. symbol=comK
11:43:02.356 - INFO - ANNOTATION - fix gene: extract symbol from protein name. symbol=sdpA
11:43:02.356 - INFO - ANNOTATION - marked as hypothetical: seq=contig_51, start=74901, stop=75203, strand=+
11:43:02.356 - INFO - ANNOTATION - fix gene: extract symbol from protein name. symbol=fluC
11:43:02.357 - INFO - ANNOTATION - fix gene: extract symbol from protein name. symbol=fluC
11:43:02.357 - INFO - ANNOTATION - marked as hypothetical: seq=contig_52, start=25, stop=183, strand=+
11:43:02.357 - INFO - ANNOTATION - fix gene: extract symbol from protein name. symbol=mauE
11:43:02.357 - INFO - ANNOTATION - fix product: replace putative synonyms. new=putative DNA-directed RNA polymerase subunit delta, old=Probable DNA-directed RNA polymerase subunit delta
11:43:02.358 - INFO - ANNOTATION - fix gene: extract symbol from protein name. symbol=ptpB
11:43:02.358 - INFO - ANNOTATION - fix gene: extract symbol from protein name. symbol=fabZ
11:43:02.358 - INFO - ANNOTATION - fix gene: extract symbol from protein name. symbol=ywpF
11:43:02.359 - INFO - ANNOTATION - fix gene: extract symbol from protein name. symbol=sceD
11:43:02.359 - INFO - ANNOTATION - fix gene: extract symbol from protein name. symbol=yidC
11:43:02.359 - INFO - ANNOTATION - fix gene: extract symbol from protein name. symbol=csoR
11:43:02.359 - INFO - ANNOTATION - fix gene: extract symbol from protein name. symbol=cshA
11:43:02.360 - INFO - ANNOTATION - marked as hypothetical: seq=contig_54, start=2967, stop=3254, strand=+
11:43:02.360 - INFO - ANNOTATION - marked as hypothetical: seq=contig_54, start=4571, stop=4663, strand=+
11:43:02.360 - INFO - ANNOTATION - fix gene: extract symbol from protein name. symbol=yxbG
11:43:02.360 - INFO - ANNOTATION - fix gene: extract symbol from protein name. symbol=cntL
11:43:02.360 - INFO - ANNOTATION - fix gene: extract symbol from protein name. symbol=cntM
11:43:02.360 - INFO - ANNOTATION - fix gene: extract symbol from protein name. symbol=cntA
11:43:02.361 - INFO - ANNOTATION - fix gene: extract symbol from protein name. symbol=cntB
11:43:02.361 - INFO - ANNOTATION - fix gene: extract symbol from protein name. symbol=cntD
11:43:02.361 - INFO - ANNOTATION - fix gene: extract symbol from protein name. symbol=cntF
11:43:02.361 - INFO - ANNOTATION - fix gene: extract symbol from protein name. symbol=yoeB
11:43:02.361 - INFO - ANNOTATION - fix gene: extract symbol from protein name. symbol=norB
11:43:02.362 - INFO - ANNOTATION - fix gene: extract symbol from protein name. symbol=kimA
11:43:02.362 - INFO - ANNOTATION - marked as hypothetical: seq=contig_54, start=55807, stop=56466, strand=-
11:43:02.362 - INFO - ANNOTATION - fix gene: extract symbol from protein name. symbol=gtxA
11:43:02.363 - INFO - ANNOTATION - fix gene: extract symbol from protein name. symbol=bioD
11:43:02.363 - INFO - ANNOTATION - fix gene: extract symbol from protein name. symbol=queT
11:43:02.363 - INFO - ANNOTATION - fix gene: extract symbol from protein name. symbol=mdeA
11:43:02.363 - INFO - ANNOTATION - fix gene: extract symbol from protein name. symbol=tcyC
11:43:02.363 - INFO - ANNOTATION - fix gene: extract symbol from protein name. symbol=fmhA
11:43:02.364 - INFO - ANNOTATION - fix gene: extract symbol from protein name. symbol=yoeB
11:43:02.364 - INFO - ANNOTATION - fix gene: extract symbol from protein name. symbol=adcA
11:43:02.364 - INFO - ANNOTATION - fix product: replace Homolog. new=Activator of Hsp90 ATPase-like ue 1/2-like C-terminal domain-containing protein, old=Activator of Hsp90 ATPase homologue 1/2-like C-terminal domain-containing protein
11:43:02.364 - INFO - ANNOTATION - marked as hypothetical: seq=contig_54, start=86714, stop=86896, strand=+
11:43:02.364 - INFO - ANNOTATION - fix gene: extract symbol from protein name. symbol=narX
11:43:02.365 - INFO - ANNOTATION - fix gene: extract symbol from protein name. symbol=nreB
11:43:02.365 - INFO - ANNOTATION - fix gene: extract symbol from protein name. symbol=nreC
11:43:02.365 - INFO - ANNOTATION - fix product: replace putative synonyms. new=putative nitrate transporter NarT, old=Probable nitrate transporter NarT
11:43:02.365 - INFO - ANNOTATION - fix gene: extract symbol from protein name. symbol=narT
11:43:02.365 - INFO - ANNOTATION - fix gene: extract symbol from protein name. symbol=sarZ
11:43:02.365 - INFO - ANNOTATION - fix gene: extract symbol from protein name. symbol=araC
11:43:02.366 - INFO - ANNOTATION - fix gene: extract symbol from protein name. symbol=corA
11:43:02.366 - INFO - ANNOTATION - marked as hypothetical: seq=contig_54, start=123781, stop=124395, strand=+
11:43:02.366 - INFO - ANNOTATION - fix gene: extract symbol from protein name. symbol=hssS
11:43:02.366 - INFO - ANNOTATION - fix gene: extract symbol from protein name. symbol=hssR
11:43:02.367 - INFO - ANNOTATION - fix gene: extract symbol from protein name. symbol=hrtB
11:43:02.367 - INFO - ANNOTATION - fix gene: extract symbol from protein name. symbol=hrtA
11:43:02.367 - INFO - ANNOTATION - fix gene: extract symbol from protein name. symbol=tcaR
11:43:02.367 - INFO - ANNOTATION - fix gene: extract symbol from protein name. symbol=tcaA
11:43:02.367 - INFO - ANNOTATION - fix gene: extract symbol from protein name. symbol=norB
11:43:02.367 - INFO - ANNOTATION - fix gene: extract symbol from protein name. symbol=corA
11:43:02.368 - INFO - ANNOTATION - fix gene: extract symbol from protein name. symbol=sdpC
11:43:02.368 - INFO - ANNOTATION - fix product: replace Homolog. new=Activator of Hsp90 ATPase-like ue 1/2-like C-terminal domain-containing protein, old=Activator of Hsp90 ATPase homologue 1/2-like C-terminal domain-containing protein
11:43:02.368 - INFO - ANNOTATION - fix gene: extract symbol from protein name. symbol=rpiR
11:43:02.369 - INFO - ANNOTATION - fix gene: extract symbol from protein name. symbol=thrP
11:43:02.369 - INFO - ANNOTATION - marked as hypothetical: seq=contig_54, start=179958, stop=180287, strand=-
11:43:02.369 - INFO - ANNOTATION - fix gene: extract symbol from protein name. symbol=sdpB
11:43:02.369 - INFO - ANNOTATION - fix gene: extract symbol from protein name. symbol=lytR
11:43:02.370 - INFO - ANNOTATION - fix gene: extract symbol from protein name. symbol=ssaA
11:43:02.370 - INFO - ANNOTATION - fix gene: extract symbol from protein name. symbol=ssaA2
11:43:02.370 - INFO - ANNOTATION - fix gene: extract symbol from protein name. symbol=sarR
11:43:02.370 - INFO - ANNOTATION - fix gene: extract symbol from protein name. symbol=ureD
11:43:02.371 - INFO - ANNOTATION - fix gene: extract symbol from protein name. symbol=ureG
11:43:02.371 - INFO - ANNOTATION - fix gene: extract symbol from protein name. symbol=ureF
11:43:02.371 - INFO - ANNOTATION - fix gene: extract symbol from protein name. symbol=ureE
11:43:02.371 - INFO - ANNOTATION - marked as hypothetical: seq=contig_54, start=212888, stop=213658, strand=+
11:43:02.371 - INFO - ANNOTATION - fix gene: extract symbol from protein name. symbol=fdhD
11:43:02.372 - INFO - ANNOTATION - fix gene: extract symbol from protein name. symbol=modA
11:43:02.372 - INFO - ANNOTATION - fix gene: extract symbol from protein name. symbol=mobB
11:43:02.372 - INFO - ANNOTATION - marked as hypothetical: seq=contig_54, start=221466, stop=221699, strand=+
11:43:02.372 - INFO - ANNOTATION - fix product: replace putative synonyms. new=putative molybdenum cofactor guanylyltransferase, old=Probable molybdenum cofactor guanylyltransferase
11:43:02.372 - INFO - ANNOTATION - fix gene: extract symbol from protein name. symbol=sarV
11:43:02.373 - INFO - ANNOTATION - marked as hypothetical: seq=contig_54, start=226938, stop=227189, strand=-
11:43:02.373 - INFO - ANNOTATION - marked as hypothetical: seq=contig_54, start=234479, stop=234682, strand=-
11:43:02.373 - INFO - ANNOTATION - marked as hypothetical: seq=contig_54, start=239459, stop=239818, strand=+
11:43:02.373 - INFO - ANNOTATION - fix gene: extract symbol from protein name. symbol=vraA
11:43:02.374 - INFO - ANNOTATION - fix gene: extract symbol from protein name. symbol=argJ
11:43:02.374 - INFO - ANNOTATION - marked as hypothetical: seq=contig_54, start=267839, stop=268120, strand=-
11:43:02.374 - INFO - ANNOTATION - marked as hypothetical: seq=contig_54, start=275424, stop=277142, strand=+
11:43:02.374 - INFO - ANNOTATION - marked as hypothetical: seq=contig_54, start=278365, stop=278553, strand=+
11:43:02.374 - INFO - ANNOTATION - marked as hypothetical: seq=contig_54, start=278582, stop=278740, strand=+
11:43:02.375 - INFO - ANNOTATION - fix gene: extract symbol from protein name. symbol=hptR
11:43:02.375 - INFO - ANNOTATION - marked as hypothetical: seq=contig_54, start=301662, stop=302429, strand=-
11:43:02.375 - INFO - ANNOTATION - marked as hypothetical: seq=contig_54, start=302377, stop=303219, strand=-
11:43:02.376 - INFO - ANNOTATION - fix gene: extract symbol from protein name. symbol=vraA
11:43:02.376 - INFO - ANNOTATION - fix gene: extract symbol from protein name. symbol=nikA
11:43:02.376 - INFO - ANNOTATION - marked as hypothetical: seq=contig_54, start=325158, stop=325331, strand=-
11:43:02.376 - INFO - ANNOTATION - marked as hypothetical: seq=contig_54, start=336922, stop=337068, strand=+
11:43:02.376 - INFO - ANNOTATION - marked as hypothetical: seq=contig_54, start=337092, stop=338135, strand=+
11:43:02.376 - INFO - ANNOTATION - fix gene: extract symbol from protein name. symbol=tarL
11:43:02.377 - INFO - ANNOTATION - fix gene: extract symbol from protein name. symbol=tarL
11:43:02.377 - INFO - ANNOTATION - fix gene: extract symbol from protein name. symbol=scdA
11:43:02.377 - INFO - ANNOTATION - fix gene: extract symbol from protein name. symbol=lytS
11:43:02.377 - INFO - ANNOTATION - fix gene: extract symbol from protein name. symbol=lytR
11:43:02.377 - INFO - ANNOTATION - fix gene: extract symbol from protein name. symbol=lrgA
11:43:02.377 - INFO - ANNOTATION - fix gene: extract symbol from protein name. symbol=lrgB
11:43:02.378 - INFO - ANNOTATION - fix gene: extract symbol from protein name. symbol=bglA
11:43:02.378 - INFO - ANNOTATION - fix gene: extract symbol from protein name. symbol=rbsU
11:43:02.378 - INFO - ANNOTATION - fix gene: extract symbol from protein name. symbol=norB
11:43:02.378 - INFO - ANNOTATION - fix gene: extract symbol from protein name. symbol=lytM
11:43:02.378 - INFO - ANNOTATION - marked as hypothetical: seq=contig_54, start=369823, stop=371346, strand=-
11:43:02.378 - INFO - ANNOTATION - marked as hypothetical: seq=contig_54, start=371677, stop=372579, strand=-
11:43:02.379 - INFO - ANNOTATION - fix gene: extract symbol from protein name. symbol=esxA
11:43:02.379 - INFO - ANNOTATION - fix gene: extract symbol from protein name. symbol=esaA
11:43:02.379 - INFO - ANNOTATION - fix gene: extract symbol from protein name. symbol=esaB
11:43:02.379 - INFO - ANNOTATION - fix gene: extract symbol from protein name. symbol=essB
11:43:02.379 - INFO - ANNOTATION - fix gene: extract symbol from protein name. symbol=esaC
11:43:02.379 - INFO - ANNOTATION - fix gene: extract symbol from protein name. symbol=esxB
11:43:02.380 - INFO - ANNOTATION - fix gene: extract symbol from protein name. symbol=esxD
11:43:02.380 - INFO - ANNOTATION - fix gene: extract symbol from protein name. symbol=esaD
11:43:02.380 - INFO - ANNOTATION - fix product: replace putative synonyms. new=putative membrane transporter protein, old=Probable membrane transporter protein
11:43:02.381 - INFO - ANNOTATION - fix product: replace putative synonyms. new=putative nitronate monooxygenase, old=Probable nitronate monooxygenase
11:43:02.381 - INFO - ANNOTATION - marked as hypothetical: seq=contig_55, start=7495, stop=7809, strand=+
11:43:02.381 - INFO - ANNOTATION - fix gene: extract symbol from protein name. symbol=sufB
11:43:02.381 - INFO - ANNOTATION - fix gene: extract symbol from protein name. symbol=sufU
11:43:02.381 - INFO - ANNOTATION - fix gene: extract symbol from protein name. symbol=sufS
11:43:02.381 - INFO - ANNOTATION - fix gene: extract symbol from protein name. symbol=sufD
11:43:02.382 - INFO - ANNOTATION - fix product: replace putative synonyms. new=putative ABC transporter ATP-binding protein SPy_0285/M5005_Spy0242, old=Probable ABC transporter ATP-binding protein SPy_0285/M5005_Spy0242
11:43:02.382 - INFO - ANNOTATION - marked as hypothetical: seq=contig_55, start=15078, stop=15272, strand=-
11:43:02.382 - INFO - ANNOTATION - fix gene: extract symbol from protein name. symbol=metP
11:43:02.382 - INFO - ANNOTATION - fix gene: extract symbol from protein name. symbol=metN
11:43:02.382 - INFO - ANNOTATION - marked as hypothetical: seq=contig_55, start=20781, stop=20894, strand=-
11:43:02.383 - INFO - ANNOTATION - marked as hypothetical: seq=contig_55, start=25423, stop=25743, strand=+
11:43:02.383 - INFO - ANNOTATION - marked as hypothetical: seq=contig_55, start=25740, stop=26039, strand=+
11:43:02.383 - INFO - ANNOTATION - fix gene: extract symbol from protein name. symbol=yozE
11:43:02.383 - INFO - ANNOTATION - marked as hypothetical: seq=contig_55, start=27697, stop=27957, strand=+
11:43:02.383 - INFO - ANNOTATION - marked as hypothetical: seq=contig_55, start=29365, stop=29583, strand=+
11:43:02.384 - INFO - ANNOTATION - marked as hypothetical: seq=contig_57, start=12483, stop=12617, strand=+
11:43:02.384 - INFO - ANNOTATION - fix gene: extract symbol from protein name. symbol=yjjG
11:43:02.384 - INFO - ANNOTATION - fix gene: extract symbol from protein name. symbol=bshC
11:43:02.384 - INFO - ANNOTATION - fix gene: extract symbol from protein name. symbol=mraZ
11:43:02.384 - INFO - ANNOTATION - fix gene: extract symbol from protein name. symbol=ftsL
11:43:02.385 - INFO - ANNOTATION - fix gene: extract symbol from protein name. symbol=ftsA
11:43:02.385 - INFO - ANNOTATION - fix gene: extract symbol from protein name. symbol=ftsZ
11:43:02.385 - INFO - ANNOTATION - fix gene: extract symbol from protein name. symbol=sepF
11:43:02.385 - INFO - ANNOTATION - fix gene: extract symbol from protein name. symbol=yggT
11:43:02.385 - INFO - ANNOTATION - fix gene: extract symbol from protein name. symbol=insH
11:43:02.386 - INFO - ANNOTATION - fix gene: extract symbol from protein name. symbol=pyrR
11:43:02.386 - INFO - ANNOTATION - marked as hypothetical: seq=contig_57, start=39464, stop=40771, strand=+
11:43:02.386 - INFO - ANNOTATION - marked as hypothetical: seq=contig_57, start=48683, stop=48895, strand=+
11:43:02.386 - INFO - ANNOTATION - fix product: replace Homolog. new=Rqc2-like protein RqcH, old=Rqc2 homolog RqcH
11:43:02.387 - INFO - ANNOTATION - fix gene: extract symbol from protein name. symbol=rqcH
11:43:02.387 - INFO - ANNOTATION - fix product: replace putative synonyms. new=putative dual-specificity RNA methyltransferase RlmN, old=Probable dual-specificity RNA methyltransferase RlmN
11:43:02.387 - INFO - ANNOTATION - fix gene: extract symbol from protein name. symbol=rlmN
11:43:02.387 - INFO - ANNOTATION - fix gene: extract symbol from protein name. symbol=rsgA
11:43:02.387 - INFO - ANNOTATION - marked as hypothetical: seq=contig_57, start=68091, stop=68279, strand=-
11:43:02.387 - INFO - ANNOTATION - fix gene: extract symbol from protein name. symbol=yloV
11:43:02.388 - INFO - ANNOTATION - fix gene: extract symbol from protein name. symbol=recG
11:43:02.388 - INFO - ANNOTATION - fix gene: extract symbol from protein name. symbol=fapR
11:43:02.388 - INFO - ANNOTATION - fix gene: extract symbol from protein name. symbol=acpP
11:43:02.388 - INFO - ANNOTATION - fix gene: extract symbol from protein name. symbol=ftsY
11:43:02.388 - INFO - ANNOTATION - marked as hypothetical: seq=contig_57, start=82884, stop=83216, strand=+
11:43:02.388 - INFO - ANNOTATION - fix gene: extract symbol from protein name. symbol=rimM
11:43:02.389 - INFO - ANNOTATION - fix gene: extract symbol from protein name. symbol=yfhO
11:43:02.389 - INFO - ANNOTATION - fix product: replace putative synonyms. new=putative cell wall hydrolase LytN, old=Probable cell wall hydrolase LytN
11:43:02.389 - INFO - ANNOTATION - fix gene: extract symbol from protein name. symbol=lytN
11:43:02.389 - INFO - ANNOTATION - fix gene: extract symbol from protein name. symbol=fmhC
11:43:02.389 - INFO - ANNOTATION - fix gene: extract symbol from protein name. symbol=dprA
11:43:02.389 - INFO - ANNOTATION - fix gene: extract symbol from protein name. symbol=xerC
11:43:02.390 - INFO - ANNOTATION - fix gene: extract symbol from protein name. symbol=hslV
11:43:02.390 - INFO - ANNOTATION - fix gene: extract symbol from protein name. symbol=clpY
11:43:02.390 - INFO - ANNOTATION - fix gene: extract symbol from protein name. symbol=codY
11:43:02.390 - INFO - ANNOTATION - fix gene: extract symbol from protein name. symbol=rimP
11:43:02.391 - INFO - ANNOTATION - fix gene: extract symbol from protein name. symbol=nusA
11:43:02.391 - INFO - ANNOTATION - fix gene: extract symbol from protein name. symbol=ylxR
11:43:02.391 - INFO - ANNOTATION - marked as hypothetical: seq=contig_57, start=131641, stop=134007, strand=+
11:43:02.392 - INFO - ANNOTATION - fix gene: extract symbol from protein name. symbol=recA
11:43:02.392 - INFO - ANNOTATION - fix gene: extract symbol from protein name. symbol=ylbF
11:43:02.393 - INFO - ANNOTATION - fix gene: extract symbol from protein name. symbol=thiW
11:43:02.393 - INFO - ANNOTATION - fix gene: extract symbol from protein name. symbol=mutS
11:43:02.393 - INFO - ANNOTATION - fix gene: extract symbol from protein name. symbol=mutL
11:43:02.393 - INFO - ANNOTATION - fix gene: extract symbol from protein name. symbol=hflX
11:43:02.394 - INFO - ANNOTATION - marked as hypothetical: seq=contig_57, start=170715, stop=170843, strand=+
11:43:02.394 - INFO - ANNOTATION - marked as hypothetical: seq=contig_57, start=173472, stop=173576, strand=+
11:43:02.394 - INFO - ANNOTATION - marked as hypothetical: seq=contig_57, start=174001, stop=174237, strand=+
11:43:02.394 - INFO - ANNOTATION - marked as hypothetical: seq=contig_57, start=174319, stop=174612, strand=+
11:43:02.395 - INFO - ANNOTATION - marked as hypothetical: seq=contig_57, start=174678, stop=174872, strand=+
11:43:02.395 - INFO - ANNOTATION - marked as hypothetical: seq=contig_57, start=182036, stop=182224, strand=-
11:43:02.395 - INFO - ANNOTATION - fix gene: extract symbol from protein name. symbol=lexA
11:43:02.395 - INFO - ANNOTATION - fix gene: extract symbol from protein name. symbol=ccdC
11:43:02.396 - INFO - ANNOTATION - fix gene: extract symbol from protein name. symbol=alsT
11:43:02.396 - INFO - ANNOTATION - fix gene: extract symbol from protein name. symbol=msrA
11:43:02.396 - INFO - ANNOTATION - fix gene: extract symbol from protein name. symbol=msrR
11:43:02.396 - INFO - ANNOTATION - fix gene: extract symbol from protein name. symbol=umuC
11:43:02.396 - INFO - ANNOTATION - marked as hypothetical: seq=contig_57, start=231978, stop=232256, strand=+
11:43:02.397 - INFO - ANNOTATION - marked as hypothetical: seq=contig_57, start=232237, stop=233010, strand=+
11:43:02.397 - INFO - ANNOTATION - fix gene: extract symbol from protein name. symbol=femA
11:43:02.397 - INFO - ANNOTATION - fix gene: extract symbol from protein name. symbol=femB
11:43:02.397 - INFO - ANNOTATION - fix gene: extract symbol from protein name. symbol=vanZ
11:43:02.397 - INFO - ANNOTATION - fix gene: extract symbol from protein name. symbol=nikE
11:43:02.398 - INFO - ANNOTATION - fix gene: extract symbol from protein name. symbol=nikD
11:43:02.398 - INFO - ANNOTATION - fix gene: extract symbol from protein name. symbol=nikC
11:43:02.398 - INFO - ANNOTATION - fix gene: extract symbol from protein name. symbol=nikB
11:43:02.398 - INFO - ANNOTATION - fix gene: extract symbol from protein name. symbol=phoU
11:43:02.398 - INFO - ANNOTATION - fix gene: extract symbol from protein name. symbol=pstB
11:43:02.399 - INFO - ANNOTATION - fix gene: extract symbol from protein name. symbol=pstA
11:43:02.399 - INFO - ANNOTATION - fix gene: extract symbol from protein name. symbol=pstS
11:43:02.399 - INFO - ANNOTATION - fix gene: extract symbol from protein name. symbol=cvfB
11:43:02.399 - INFO - ANNOTATION - marked as hypothetical: seq=contig_59, start=166, stop=390, strand=+
11:43:02.399 - INFO - ANNOTATION - marked as hypothetical: seq=contig_60, start=34, stop=597, strand=+
11:43:02.399 - INFO - ANNOTATION - fix product: replace separator periods. new=Uncharacterized protein SA2420-1, old=Uncharacterized protein SA2420.1
11:43:02.399 - INFO - ANNOTATION - marked as hypothetical: seq=contig_60, start=4079, stop=4279, strand=+
11:43:02.400 - INFO - ANNOTATION - fix gene: extract symbol from protein name. symbol=nsaR
11:43:02.400 - INFO - ANNOTATION - fix gene: extract symbol from protein name. symbol=nsaS
11:43:02.400 - INFO - ANNOTATION - fix product: replace Homolog. new=Glutathione peroxidase-like protein BsaA, old=Glutathione peroxidase homolog BsaA
11:43:02.400 - INFO - ANNOTATION - fix gene: extract symbol from protein name. symbol=bsaA
11:43:02.400 - INFO - ANNOTATION - fix gene: extract symbol from protein name. symbol=gbsR
11:43:02.401 - INFO - ANNOTATION - fix gene: extract symbol from protein name. symbol=yozE
11:43:02.401 - INFO - ANNOTATION - fix gene: extract symbol from protein name. symbol=ytcI
11:43:02.401 - INFO - ANNOTATION - marked as hypothetical: seq=contig_60, start=31008, stop=31424, strand=-
11:43:02.401 - INFO - ANNOTATION - fix gene: extract symbol from protein name. symbol=bcaP
11:43:02.401 - INFO - ANNOTATION - fix gene: extract symbol from protein name. symbol=queH
11:43:02.402 - INFO - ANNOTATION - marked as hypothetical: seq=contig_60, start=46463, stop=46576, strand=+
11:43:02.402 - INFO - ANNOTATION - marked as hypothetical: seq=contig_60, start=46613, stop=46888, strand=-
11:43:02.402 - INFO - ANNOTATION - marked as hypothetical: seq=contig_60, start=49855, stop=50193, strand=+
11:43:02.402 - INFO - ANNOTATION - fix product: revise DUF. new=DUF2316 domain-containing protein, old=DUF2316 family protein
11:43:02.403 - INFO - ANNOTATION - marked as hypothetical: seq=contig_60, start=60013, stop=60333, strand=-
11:43:02.403 - INFO - ANNOTATION - fix gene: extract symbol from protein name. symbol=isaA
11:43:02.403 - INFO - ANNOTATION - fix gene: extract symbol from protein name. symbol=ssaA2
11:43:02.403 - INFO - ANNOTATION - fix gene: extract symbol from protein name. symbol=copZ
11:43:02.403 - INFO - ANNOTATION - fix gene: extract symbol from protein name. symbol=cwrA
11:43:02.404 - INFO - ANNOTATION - marked as hypothetical: seq=contig_60, start=80494, stop=81093, strand=+
11:43:02.404 - INFO - ANNOTATION - fix gene: extract symbol from protein name. symbol=farE
11:43:02.404 - INFO - ANNOTATION - fix gene: extract symbol from protein name. symbol=feoB
11:43:02.404 - INFO - ANNOTATION - marked as hypothetical: seq=contig_60, start=88829, stop=88999, strand=+
11:43:02.405 - INFO - ANNOTATION - fix gene: extract symbol from protein name. symbol=clpL
11:43:02.405 - INFO - ANNOTATION - marked as hypothetical: seq=contig_60, start=93689, stop=94966, strand=+
11:43:02.405 - INFO - ANNOTATION - fix gene: extract symbol from protein name. symbol=lysM
11:43:02.405 - INFO - ANNOTATION - fix gene: extract symbol from protein name. symbol=yozE
11:43:02.405 - INFO - ANNOTATION - fix gene: extract symbol from protein name. symbol=cidA
11:43:02.405 - INFO - ANNOTATION - fix gene: extract symbol from protein name. symbol=cidB
11:43:02.406 - INFO - ANNOTATION - marked as hypothetical: seq=contig_60, start=104994, stop=105323, strand=-
11:43:02.406 - INFO - ANNOTATION - marked as hypothetical: seq=contig_60, start=105345, stop=105956, strand=-
11:43:02.406 - INFO - ANNOTATION - marked as hypothetical: seq=contig_60, start=106112, stop=106315, strand=-
11:43:02.406 - INFO - ANNOTATION - fix gene: extract symbol from protein name. symbol=srtA
11:43:02.406 - INFO - ANNOTATION - fix product: replace putative synonyms. new=putative peptide export permease protein YydJ, old=Probable peptide export permease protein YydJ
11:43:02.406 - INFO - ANNOTATION - fix gene: extract symbol from protein name. symbol=yydJ
11:43:02.407 - INFO - ANNOTATION - marked as hypothetical: seq=contig_60, start=117234, stop=117518, strand=-
11:43:02.407 - INFO - ANNOTATION - fix gene: extract symbol from protein name. symbol=mhqA
11:43:02.407 - INFO - ANNOTATION - fix gene: extract symbol from protein name. symbol=glcU
11:43:02.407 - INFO - ANNOTATION - marked as hypothetical: seq=contig_61, start=6290, stop=6679, strand=-
11:43:02.408 - INFO - ANNOTATION - fix gene: extract symbol from protein name. symbol=secY
11:43:02.408 - INFO - ANNOTATION - fix gene: extract symbol from protein name. symbol=ecfA1
11:43:02.408 - INFO - ANNOTATION - fix gene: extract symbol from protein name. symbol=ecfA2
11:43:02.409 - INFO - ANNOTATION - fix gene: extract symbol from protein name. symbol=ecfT
11:43:02.409 - INFO - ANNOTATION - marked as hypothetical: seq=contig_61, start=27920, stop=28144, strand=+
11:43:02.409 - INFO - ANNOTATION - marked as hypothetical: seq=contig_61, start=30235, stop=30339, strand=+
11:43:02.409 - INFO - ANNOTATION - marked as hypothetical: seq=contig_61, start=31066, stop=31695, strand=+
11:43:02.409 - INFO - ANNOTATION - marked as hypothetical: seq=contig_61, start=33684, stop=33854, strand=-
11:43:02.409 - INFO - ANNOTATION - marked as hypothetical: seq=contig_61, start=36995, stop=37420, strand=-
11:43:02.410 - INFO - ANNOTATION - fix gene: extract symbol from protein name. symbol=lacA
11:43:02.410 - INFO - ANNOTATION - fix gene: extract symbol from protein name. symbol=lacB
11:43:02.410 - INFO - ANNOTATION - fix gene: extract symbol from protein name. symbol=yfmJ
11:43:02.410 - INFO - ANNOTATION - fix gene: extract symbol from protein name. symbol=amaP
11:43:02.411 - INFO - ANNOTATION - fix gene: extract symbol from protein name. symbol=sfaD
11:43:02.411 - INFO - ANNOTATION - fix gene: extract symbol from protein name. symbol=sfaB
11:43:02.411 - INFO - ANNOTATION - fix gene: extract symbol from protein name. symbol=sfaC
11:43:02.411 - INFO - ANNOTATION - fix gene: extract symbol from protein name. symbol=htsC
11:43:02.411 - INFO - ANNOTATION - fix product: replace putative synonyms. new=putative uridylyltransferase SAOUHSC_02423, old=Probable uridylyltransferase SAOUHSC_02423
11:43:02.412 - INFO - ANNOTATION - fix gene: extract symbol from protein name. symbol=sdrM
11:43:02.412 - INFO - ANNOTATION - fix gene: extract symbol from protein name. symbol=sepA
11:43:02.412 - INFO - ANNOTATION - fix gene: extract symbol from protein name. symbol=lmrS
11:43:02.412 - INFO - ANNOTATION - marked as hypothetical: seq=contig_62, start=11, stop=385, strand=+
11:43:02.627 - INFO - CDS - pfam detected: seq=contig_54, start=212888, stop=213658, strand=+, pfam-id=PF13673.13, length=93, aa-start=149, aa-stop=241, aa-cov=0.4, hmm-cov=1.0, evalue=2.1e-09, bitscore=31.2, name=Acetyltransf_10
11:43:02.628 - INFO - CDS - pfam detected: seq=contig_60, start=117234, stop=117518, strand=-, pfam-id=PF13673.13, length=68, aa-start=5, aa-stop=72, aa-cov=0.7, hmm-cov=0.9, evalue=2.0e-07, bitscore=24.8, name=Acetyltransf_10
11:43:02.630 - INFO - CDS - pfam detected: seq=contig_43, start=43260, stop=43805, strand=+, pfam-id=PF13302.13, length=142, aa-start=10, aa-stop=150, aa-cov=0.8, hmm-cov=1.0, evalue=1.8e-28, bitscore=93.6, name=Acetyltransf_3
11:43:02.631 - INFO - CDS - pfam detected: seq=contig_43, start=43260, stop=43805, strand=+, pfam-id=PF13420.13, length=107, aa-start=54, aa-stop=158, aa-cov=0.6, hmm-cov=1.0, evalue=1.9e-10, bitscore=34.7, name=Acetyltransf_4
11:43:02.639 - INFO - CDS - pfam detected: seq=contig_54, start=212888, stop=213658, strand=+, pfam-id=PF13508.13, length=82, aa-start=164, aa-stop=241, aa-cov=0.3, hmm-cov=1.0, evalue=5.2e-10, bitscore=33.4, name=Acetyltransf_7
11:43:02.640 - INFO - CDS - pfam detected: seq=contig_43, start=43260, stop=43805, strand=+, pfam-id=PF13523.12, length=53, aa-start=101, aa-stop=153, aa-cov=0.3, hmm-cov=1.0, evalue=2.9e-08, bitscore=27.2, name=Acetyltransf_8
11:43:02.641 - INFO - CDS - pfam detected: seq=contig_60, start=117234, stop=117518, strand=-, pfam-id=PF14542.12, length=80, aa-start=12, aa-stop=91, aa-cov=0.9, hmm-cov=1.0, evalue=8.7e-30, bitscore=96.5, name=Acetyltransf_CG
11:43:02.706 - INFO - CDS - pfam detected: seq=contig_54, start=337092, stop=338135, strand=+, pfam-id=PF08240.17, length=113, aa-start=25, aa-stop=133, aa-cov=0.3, hmm-cov=0.9, evalue=2.0e-29, bitscore=95.7, name=ADH_N
11:43:02.706 - INFO - CDS - pfam detected: seq=contig_54, start=337092, stop=338135, strand=+, pfam-id=PF00107.32, length=124, aa-start=172, aa-stop=294, aa-cov=0.4, hmm-cov=1.0, evalue=6.6e-28, bitscore=91.0, name=ADH_zinc_N
11:43:02.847 - INFO - CDS - pfam detected: seq=contig_54, start=337092, stop=338135, strand=+, pfam-id=PF01262.27, length=72, aa-start=157, aa-stop=223, aa-cov=0.2, hmm-cov=1.0, evalue=4.2e-07, bitscore=23.3, name=AlaDh_PNT_C
11:43:02.961 - INFO - CDS - pfam detected: seq=contig_16, start=31939, stop=32607, strand=+, pfam-id=PF12895.13, length=65, aa-start=133, aa-stop=197, aa-cov=0.3, hmm-cov=1.0, evalue=6.6e-17, bitscore=55.4, name=ANAPC3
11:43:03.458 - INFO - CDS - pfam detected: seq=contig_25, start=125259, stop=132074, strand=+, pfam-id=PF18483.8, length=236, aa-start=261, aa-stop=488, aa-cov=0.1, hmm-cov=0.8, evalue=2.8e-52, bitscore=171.3, name=Bact_lectin
11:43:03.622 - INFO - CDS - pfam detected: seq=contig_38, start=480, stop=722, strand=+, pfam-id=PF13354.11, length=55, aa-start=1, aa-stop=55, aa-cov=0.7, hmm-cov=0.9, evalue=1.1e-09, bitscore=31.6, name=Beta-lactamase2
11:43:03.792 - INFO - CDS - pfam detected: seq=contig_16, start=45455, stop=45904, strand=+, pfam-id=PF00364.28, length=76, aa-start=73, aa-stop=148, aa-cov=0.5, hmm-cov=1.0, evalue=9.2e-21, bitscore=67.3, name=Biotin_lipoyl
11:43:03.921 - INFO - CDS - pfam detected: seq=contig_35, start=19270, stop=21093, strand=+, pfam-id=PF10651.15, length=148, aa-start=11, aa-stop=158, aa-cov=0.2, hmm-cov=0.9, evalue=1.8e-39, bitscore=128.4, name=BppU_N
11:43:04.163 - INFO - CDS - pfam detected: seq=contig_16, start=84616, stop=85155, strand=+, pfam-id=PF00571.33, length=56, aa-start=49, aa-stop=102, aa-cov=0.3, hmm-cov=1.0, evalue=5.1e-19, bitscore=62.2, name=CBS
11:43:04.278 - INFO - CDS - pfam detected: seq=contig_25, start=145873, stop=147732, strand=-, pfam-id=PF05257.22, length=90, aa-start=505, aa-stop=593, aa-cov=0.1, hmm-cov=0.9, evalue=1.4e-25, bitscore=83.4, name=CHAP
11:43:04.278 - INFO - CDS - pfam detected: seq=contig_54, start=371677, stop=372579, strand=-, pfam-id=PF05257.22, length=85, aa-start=194, aa-stop=276, aa-cov=0.3, hmm-cov=0.9, evalue=1.4e-20, bitscore=67.4, name=CHAP
11:43:04.428 - INFO - CDS - pfam detected: seq=contig_16, start=106492, stop=106866, strand=+, pfam-id=PF15980.10, length=90, aa-start=26, aa-stop=114, aa-cov=0.7, hmm-cov=1.0, evalue=2.9e-11, bitscore=37.3, name=ComGF
11:43:04.512 - INFO - CDS - pfam detected: seq=contig_55, start=15078, stop=15272, strand=-, pfam-id=PF05532.17, length=49, aa-start=4, aa-stop=52, aa-cov=0.8, hmm-cov=1.0, evalue=4.0e-18, bitscore=58.8, name=CsbD
11:43:04.513 - INFO - CDS - pfam detected: seq=contig_16, start=27053, stop=27235, strand=+, pfam-id=PF05532.17, length=49, aa-start=4, aa-stop=52, aa-cov=0.8, hmm-cov=1.0, evalue=3.3e-17, bitscore=55.9, name=CsbD
11:43:04.615 - INFO - CDS - pfam detected: seq=contig_16, start=59599, stop=60030, strand=+, pfam-id=PF00383.29, length=109, aa-start=1, aa-stop=106, aa-cov=0.7, hmm-cov=0.9, evalue=1.3e-27, bitscore=89.5, name=dCMP_cyt_deam_1
11:43:04.619 - INFO - CDS - pfam detected: seq=contig_9, start=10857, stop=12188, strand=+, pfam-id=PF00270.35, length=167, aa-start=227, aa-stop=373, aa-cov=0.3, hmm-cov=1.0, evalue=4.1e-11, bitscore=36.6, name=DEAD
11:43:04.686 - INFO - CDS - pfam detected: seq=contig_23, start=72572, stop=73012, strand=+, pfam-id=PF10517.14, length=105, aa-start=56, aa-stop=145, aa-cov=0.6, hmm-cov=1.0, evalue=5.5e-13, bitscore=43.3, name=DM13
11:43:04.795 - INFO - CDS - pfam detected: seq=contig_26, start=8532, stop=12473, strand=+, pfam-id=PF07564.17, length=75, aa-start=269, aa-stop=343, aa-cov=0.1, hmm-cov=1.0, evalue=1.1e-158, bitscore=509.4, name=DUF1542
11:43:04.795 - INFO - CDS - pfam detected: seq=contig_26, start=5028, stop=8495, strand=+, pfam-id=PF07564.17, length=77, aa-start=897, aa-stop=973, aa-cov=0.1, hmm-cov=1.0, evalue=6.7e-103, bitscore=330.7, name=DUF1542
11:43:05.024 - INFO - CDS - pfam detected: seq=contig_54, start=212888, stop=213658, strand=+, pfam-id=PF18467.7, length=97, aa-start=4, aa-stop=100, aa-cov=0.4, hmm-cov=1.0, evalue=6.2e-29, bitscore=94.0, name=DUF5613
11:43:05.251 - INFO - CDS - pfam detected: seq=contig_30, start=39033, stop=39218, strand=+, pfam-id=PF23767.1, length=50, aa-start=1, aa-stop=49, aa-cov=0.8, hmm-cov=1.0, evalue=8.0e-23, bitscore=74.3, name=DUF7166
11:43:05.504 - INFO - CDS - pfam detected: seq=contig_60, start=105345, stop=105956, strand=-, pfam-id=PF00892.27, length=141, aa-start=23, aa-stop=163, aa-cov=0.7, hmm-cov=0.9, evalue=5.7e-20, bitscore=65.7, name=EamA
11:43:05.505 - INFO - CDS - pfam detected: seq=contig_60, start=104994, stop=105323, strand=-, pfam-id=PF00892.27, length=101, aa-start=5, aa-stop=99, aa-cov=0.9, hmm-cov=0.9, evalue=3.2e-15, bitscore=50.3, name=EamA
11:43:05.903 - INFO - CDS - pfam detected: seq=contig_57, start=131641, stop=134007, strand=+, pfam-id=PF17854.6, length=100, aa-start=323, aa-stop=421, aa-cov=0.1, hmm-cov=1.0, evalue=6.0e-38, bitscore=122.9, name=FtsK_alpha
11:43:05.904 - INFO - CDS - pfam detected: seq=contig_51, start=27873, stop=31697, strand=-, pfam-id=PF17854.6, length=101, aa-start=816, aa-stop=914, aa-cov=0.1, hmm-cov=1.0, evalue=1.5e-31, bitscore=102.4, name=FtsK_alpha
11:43:05.905 - INFO - CDS - pfam detected: seq=contig_57, start=131641, stop=134007, strand=+, pfam-id=PF09397.16, length=61, aa-start=721, aa-stop=781, aa-cov=0.1, hmm-cov=1.0, evalue=6.1e-31, bitscore=99.7, name=FtsK_gamma
11:43:05.905 - INFO - CDS - pfam detected: seq=contig_51, start=27873, stop=31697, strand=-, pfam-id=PF09397.16, length=62, aa-start=1206, aa-stop=1267, aa-cov=0.0, hmm-cov=1.0, evalue=1.8e-29, bitscore=95.0, name=FtsK_gamma
11:43:05.905 - INFO - CDS - pfam detected: seq=contig_57, start=131641, stop=134007, strand=+, pfam-id=PF01580.24, length=208, aa-start=439, aa-stop=623, aa-cov=0.2, hmm-cov=1.0, evalue=4.7e-71, bitscore=232.4, name=FtsK_SpoIIIE
11:43:05.906 - INFO - CDS - pfam detected: seq=contig_51, start=27873, stop=31697, strand=-, pfam-id=PF01580.24, length=220, aa-start=922, aa-stop=1110, aa-cov=0.1, hmm-cov=1.0, evalue=1.1e-67, bitscore=221.4, name=FtsK_SpoIIIE
11:43:06.060 - INFO - CDS - pfam detected: seq=contig_25, start=145873, stop=147732, strand=-, pfam-id=PF01832.25, length=140, aa-start=329, aa-stop=468, aa-cov=0.2, hmm-cov=0.9, evalue=5.1e-34, bitscore=111.3, name=Glucosaminidase
11:43:06.184 - INFO - CDS - pfam detected: seq=contig_21, start=270, stop=425, strand=+, pfam-id=PF00746.26, length=45, aa-start=7, aa-stop=51, aa-cov=0.9, hmm-cov=0.9, evalue=1.3e-14, bitscore=47.5, name=Gram_pos_anchor
11:43:06.185 - INFO - CDS - pfam detected: seq=contig_32, start=188, stop=343, strand=+, pfam-id=PF00746.26, length=44, aa-start=8, aa-stop=51, aa-cov=0.9, hmm-cov=0.9, evalue=6.4e-14, bitscore=45.4, name=Gram_pos_anchor
11:43:06.185 - INFO - CDS - pfam detected: seq=contig_31, start=132, stop=287, strand=+, pfam-id=PF00746.26, length=44, aa-start=8, aa-stop=51, aa-cov=0.9, hmm-cov=0.9, evalue=1.4e-13, bitscore=44.3, name=Gram_pos_anchor
11:43:06.186 - INFO - CDS - pfam detected: seq=contig_60, start=34, stop=597, strand=+, pfam-id=PF00746.26, length=42, aa-start=141, aa-stop=182, aa-cov=0.2, hmm-cov=1.0, evalue=5.5e-13, bitscore=42.4, name=Gram_pos_anchor
11:43:06.186 - INFO - CDS - pfam detected: seq=contig_25, start=125259, stop=132074, strand=+, pfam-id=PF00746.26, length=42, aa-start=2222, aa-stop=2263, aa-cov=0.0, hmm-cov=1.0, evalue=1.2e-10, bitscore=34.9, name=Gram_pos_anchor
11:43:06.255 - INFO - CDS - pfam detected: seq=contig_54, start=301662, stop=302429, strand=-, pfam-id=PF02518.31, length=108, aa-start=146, aa-stop=249, aa-cov=0.4, hmm-cov=1.0, evalue=1.3e-10, bitscore=35.5, name=HATPase_c
11:43:06.327 - INFO - CDS - pfam detected: seq=contig_9, start=12228, stop=13718, strand=+, pfam-id=PF00271.37, length=85, aa-start=5, aa-stop=88, aa-cov=0.2, hmm-cov=1.0, evalue=1.1e-18, bitscore=61.3, name=Helicase_C
11:43:06.392 - INFO - CDS - pfam detected: seq=contig_18, start=153398, stop=154117, strand=-, pfam-id=PF00132.30, length=34, aa-start=167, aa-stop=200, aa-cov=0.1, hmm-cov=1.0, evalue=6.1e-23, bitscore=73.4, name=Hexapep
11:43:06.393 - INFO - CDS - pfam detected: seq=contig_60, start=80494, stop=81093, strand=+, pfam-id=PF00132.30, length=35, aa-start=131, aa-stop=165, aa-cov=0.2, hmm-cov=1.0, evalue=6.2e-18, bitscore=57.5, name=Hexapep
11:43:06.394 - INFO - CDS - pfam detected: seq=contig_18, start=153398, stop=154117, strand=-, pfam-id=PF14602.12, length=36, aa-start=166, aa-stop=201, aa-cov=0.2, hmm-cov=0.9, evalue=2.9e-15, bitscore=49.5, name=Hexapep_2
11:43:06.394 - INFO - CDS - pfam detected: seq=contig_60, start=80494, stop=81093, strand=+, pfam-id=PF14602.12, length=36, aa-start=130, aa-stop=165, aa-cov=0.2, hmm-cov=0.9, evalue=8.0e-15, bitscore=48.1, name=Hexapep_2
11:43:06.410 - INFO - CDS - pfam detected: seq=contig_54, start=301662, stop=302429, strand=-, pfam-id=PF06580.19, length=79, aa-start=51, aa-stop=127, aa-cov=0.3, hmm-cov=1.0, evalue=1.3e-24, bitscore=80.0, name=His_kinase
11:43:06.457 - INFO - CDS - pfam detected: seq=contig_43, start=83858, stop=84088, strand=-, pfam-id=PF12645.13, length=65, aa-start=10, aa-stop=74, aa-cov=0.9, hmm-cov=1.0, evalue=5.0e-29, bitscore=94.0, name=HTH_16
11:43:06.457 - INFO - CDS - pfam detected: seq=contig_38, start=10541, stop=10780, strand=-, pfam-id=PF12844.13, length=60, aa-start=5, aa-stop=64, aa-cov=0.8, hmm-cov=1.0, evalue=3.3e-10, bitscore=33.5, name=HTH_19
11:43:06.458 - INFO - CDS - pfam detected: seq=contig_22, start=9556, stop=9909, strand=-, pfam-id=PF13276.12, length=57, aa-start=44, aa-stop=100, aa-cov=0.5, hmm-cov=1.0, evalue=7.7e-19, bitscore=61.5, name=HTH_21
11:43:06.459 - INFO - CDS - pfam detected: seq=contig_30, start=38370, stop=38576, strand=+, pfam-id=PF13443.12, length=62, aa-start=4, aa-stop=65, aa-cov=0.9, hmm-cov=1.0, evalue=1.2e-17, bitscore=57.6, name=HTH_26
11:43:06.460 - INFO - CDS - pfam detected: seq=contig_54, start=278582, stop=278740, strand=+, pfam-id=PF13443.12, length=49, aa-start=1, aa-stop=48, aa-cov=0.9, hmm-cov=1.0, evalue=9.7e-09, bitscore=29.2, name=HTH_26
11:43:06.460 - INFO - CDS - pfam detected: seq=contig_38, start=10541, stop=10780, strand=-, pfam-id=PF13443.12, length=57, aa-start=7, aa-stop=62, aa-cov=0.7, hmm-cov=1.0, evalue=6.7e-07, bitscore=23.3, name=HTH_26
11:43:06.461 - INFO - CDS - pfam detected: seq=contig_38, start=10541, stop=10780, strand=-, pfam-id=PF01381.28, length=55, aa-start=7, aa-stop=61, aa-cov=0.7, hmm-cov=1.0, evalue=2.9e-18, bitscore=59.4, name=HTH_3
11:43:06.461 - INFO - CDS - pfam detected: seq=contig_54, start=278582, stop=278740, strand=+, pfam-id=PF01381.28, length=46, aa-start=1, aa-stop=46, aa-cov=0.9, hmm-cov=1.0, evalue=4.6e-16, bitscore=52.4, name=HTH_3
11:43:06.462 - INFO - CDS - pfam detected: seq=contig_38, start=10541, stop=10780, strand=-, pfam-id=PF13560.12, length=58, aa-start=3, aa-stop=59, aa-cov=0.7, hmm-cov=1.0, evalue=1.3e-10, bitscore=35.2, name=HTH_31
11:43:06.816 - INFO - CDS - pfam detected: seq=contig_25, start=125259, stop=132074, strand=+, pfam-id=PF19258.4, length=37, aa-start=14, aa-stop=50, aa-cov=0.0, hmm-cov=1.0, evalue=4.9e-10, bitscore=33.0, name=KxYKxGKxW_sig
11:43:06.984 - INFO - CDS - pfam detected: seq=contig_60, start=80494, stop=81093, strand=+, pfam-id=PF12464.13, length=52, aa-start=6, aa-stop=57, aa-cov=0.3, hmm-cov=1.0, evalue=5.6e-19, bitscore=61.9, name=Mac
11:43:07.000 - INFO - CDS - pfam detected: seq=contig_61, start=36995, stop=37420, strand=-, pfam-id=PF03642.18, length=88, aa-start=47, aa-stop=134, aa-cov=0.6, hmm-cov=1.0, evalue=4.6e-37, bitscore=120.0, name=MAP
11:43:07.161 - INFO - CDS - pfam detected: seq=contig_42, start=766, stop=2022, strand=-, pfam-id=PF12102.13, length=199, aa-start=7, aa-stop=201, aa-cov=0.5, hmm-cov=0.9, evalue=7.8e-51, bitscore=166.0, name=MrcB_N
11:43:07.174 - INFO - CDS - pfam detected: seq=contig_43, start=64239, stop=65120, strand=+, pfam-id=PF21088.2, length=42, aa-start=76, aa-stop=117, aa-cov=0.1, hmm-cov=1.0, evalue=1.4e-11, bitscore=38.0, name=MS_channel_1st
11:43:07.174 - INFO - CDS - pfam detected: seq=contig_43, start=64239, stop=65120, strand=+, pfam-id=PF00924.24, length=72, aa-start=118, aa-stop=187, aa-cov=0.2, hmm-cov=0.9, evalue=5.2e-20, bitscore=65.1, name=MS_channel_2nd
11:43:07.176 - INFO - CDS - pfam detected: seq=contig_43, start=64239, stop=65120, strand=+, pfam-id=PF21082.3, length=85, aa-start=195, aa-stop=277, aa-cov=0.3, hmm-cov=1.0, evalue=2.7e-06, bitscore=21.5, name=MS_channel_3rd
11:43:07.406 - INFO - CDS - pfam detected: seq=contig_8, start=21469, stop=21846, strand=-, pfam-id=PF24685.1, length=40, aa-start=25, aa-stop=64, aa-cov=0.3, hmm-cov=1.0, evalue=1.4e-09, bitscore=31.6, name=OB_RRP5_4th
11:43:07.640 - INFO - CDS - pfam detected: seq=contig_38, start=10541, stop=10780, strand=-, pfam-id=PF07022.19, length=49, aa-start=17, aa-stop=65, aa-cov=0.6, hmm-cov=1.0, evalue=2.8e-08, bitscore=27.8, name=Phage_CI_repr
11:43:07.641 - INFO - CDS - pfam detected: seq=contig_18, start=13454, stop=13732, strand=+, pfam-id=PF05135.19, length=100, aa-start=1, aa-stop=89, aa-cov=1.0, hmm-cov=1.0, evalue=2.4e-15, bitscore=50.5, name=Phage_connect_1
11:43:07.641 - INFO - CDS - pfam detected: seq=contig_35, start=8583, stop=8897, strand=+, pfam-id=PF05135.19, length=91, aa-start=12, aa-stop=95, aa-cov=0.8, hmm-cov=1.0, evalue=1.4e-08, bitscore=28.8, name=Phage_connect_1
11:43:07.650 - INFO - CDS - pfam detected: seq=contig_30, start=59482, stop=60519, strand=-, pfam-id=PF14659.12, length=57, aa-start=55, aa-stop=111, aa-cov=0.2, hmm-cov=1.0, evalue=7.8e-13, bitscore=42.3, name=Phage_int_SAM_3
11:43:07.651 - INFO - CDS - pfam detected: seq=contig_30, start=59482, stop=60519, strand=-, pfam-id=PF13102.12, length=98, aa-start=56, aa-stop=149, aa-cov=0.3, hmm-cov=1.0, evalue=1.7e-10, bitscore=34.9, name=Phage_int_SAM_5
11:43:07.897 - INFO - CDS - pfam detected: seq=contig_9, start=10857, stop=12188, strand=+, pfam-id=PF13091.12, length=129, aa-start=56, aa-stop=175, aa-cov=0.3, hmm-cov=0.9, evalue=1.8e-15, bitscore=50.7, name=PLDc_2
11:43:07.972 - INFO - CDS - pfam detected: seq=contig_8, start=40192, stop=40428, strand=-, pfam-id=PF00550.31, length=70, aa-start=5, aa-stop=74, aa-cov=0.9, hmm-cov=1.0, evalue=1.8e-09, bitscore=31.5, name=PP-binding
11:43:07.981 - INFO - CDS - pfam detected: seq=contig_16, start=31939, stop=32607, strand=+, pfam-id=PF01535.26, length=13, aa-start=9, aa-stop=21, aa-cov=0.1, hmm-cov=1.0, evalue=1.1e-07, bitscore=25.5, name=PPR
11:43:08.023 - INFO - CDS - pfam detected: seq=contig_61, start=31066, stop=31695, strand=+, pfam-id=PF24390.1, length=76, aa-start=16, aa-stop=85, aa-cov=0.3, hmm-cov=1.0, evalue=4.4e-17, bitscore=56.5, name=PRTase-CE
11:43:08.067 - INFO - CDS - pfam detected: seq=contig_25, start=151988, stop=153940, strand=-, pfam-id=PF00359.27, length=137, aa-start=513, aa-stop=648, aa-cov=0.2, hmm-cov=1.0, evalue=6.7e-36, bitscore=117.1, name=PTS_EIIA_2
11:43:08.070 - INFO - CDS - pfam detected: seq=contig_25, start=151988, stop=153940, strand=-, pfam-id=PF02302.22, length=94, aa-start=5, aa-stop=94, aa-cov=0.1, hmm-cov=0.9, evalue=8.6e-21, bitscore=68.2, name=PTS_IIB
11:43:08.203 - INFO - CDS - pfam detected: seq=contig_19, start=3410, stop=3715, strand=+, pfam-id=PF00581.25, length=87, aa-start=18, aa-stop=94, aa-cov=0.8, hmm-cov=1.0, evalue=4.4e-20, bitscore=65.8, name=Rhodanese
11:43:08.288 - INFO - CDS - pfam detected: seq=contig_18, start=119804, stop=120205, strand=-, pfam-id=PF00075.30, length=100, aa-start=6, aa-stop=104, aa-cov=0.7, hmm-cov=0.8, evalue=2.2e-09, bitscore=31.3, name=RNase_H
11:43:08.334 - INFO - CDS - pfam detected: seq=contig_16, start=45455, stop=45904, strand=+, pfam-id=PF13375.12, length=50, aa-start=84, aa-stop=133, aa-cov=0.3, hmm-cov=1.0, evalue=1.1e-07, bitscore=25.6, name=RnfC_N
11:43:08.431 - INFO - CDS - pfam detected: seq=contig_18, start=119804, stop=120205, strand=-, pfam-id=PF13456.12, length=123, aa-start=5, aa-stop=124, aa-cov=0.9, hmm-cov=1.0, evalue=8.5e-19, bitscore=61.4, name=RVT_3
11:43:08.473 - INFO - CDS - pfam detected: seq=contig_8, start=21469, stop=21846, strand=-, pfam-id=PF00575.29, length=72, aa-start=5, aa-stop=75, aa-cov=0.6, hmm-cov=1.0, evalue=2.5e-16, bitscore=53.6, name=S1
11:43:08.477 - INFO - CDS - pfam detected: seq=contig_8, start=21469, stop=21846, strand=-, pfam-id=PF23459.1, length=66, aa-start=6, aa-stop=70, aa-cov=0.5, hmm-cov=1.0, evalue=5.7e-10, bitscore=33.4, name=S1_RRP5
11:43:08.548 - INFO - CDS - pfam detected: seq=contig_22, start=1387, stop=1737, strand=-, pfam-id=PF06106.16, length=115, aa-start=3, aa-stop=116, aa-cov=1.0, hmm-cov=1.0, evalue=2.1e-68, bitscore=221.8, name=SAUGI
11:43:08.685 - INFO - CDS - pfam detected: seq=contig_57, start=82884, stop=83216, strand=+, pfam-id=PF04545.22, length=33, aa-start=23, aa-stop=55, aa-cov=0.3, hmm-cov=1.0, evalue=4.4e-09, bitscore=29.5, name=Sigma70_r4
11:43:08.686 - INFO - CDS - pfam detected: seq=contig_57, start=82884, stop=83216, strand=+, pfam-id=PF08281.18, length=39, aa-start=23, aa-stop=61, aa-cov=0.4, hmm-cov=1.0, evalue=4.8e-09, bitscore=29.5, name=Sigma70_r4_2
11:43:08.974 - INFO - CDS - pfam detected: seq=contig_16, start=51489, stop=51962, strand=+, pfam-id=PF01123.25, length=86, aa-start=68, aa-stop=152, aa-cov=0.5, hmm-cov=1.0, evalue=1.8e-31, bitscore=102.3, name=Stap_Strp_toxin
11:43:08.974 - INFO - CDS - pfam detected: seq=contig_7, start=35890, stop=36291, strand=+, pfam-id=PF01123.25, length=74, aa-start=41, aa-stop=109, aa-cov=0.5, hmm-cov=1.0, evalue=2.3e-18, bitscore=60.3, name=Stap_Strp_toxin
11:43:08.975 - INFO - CDS - pfam detected: seq=contig_16, start=52111, stop=52299, strand=+, pfam-id=PF02876.24, length=59, aa-start=2, aa-stop=59, aa-cov=0.9, hmm-cov=0.8, evalue=2.6e-10, bitscore=34.2, name=Stap_Strp_tox_C
11:43:09.078 - INFO - CDS - pfam detected: seq=contig_16, start=31939, stop=32607, strand=+, pfam-id=PF21545.3, length=107, aa-start=43, aa-stop=145, aa-cov=0.5, hmm-cov=1.0, evalue=4.6e-10, bitscore=32.9, name=T7SS_EccA1_N
11:43:09.085 - INFO - CDS - pfam detected: seq=contig_13, start=7165, stop=7410, strand=-, pfam-id=PF11195.14, length=76, aa-start=1, aa-stop=69, aa-cov=0.9, hmm-cov=1.0, evalue=5.1e-13, bitscore=43.2, name=Tad2-like
11:43:09.208 - INFO - CDS - pfam detected: seq=contig_54, start=221466, stop=221699, strand=+, pfam-id=PF02597.26, length=78, aa-start=3, aa-stop=77, aa-cov=1.0, hmm-cov=1.0, evalue=9.7e-21, bitscore=67.9, name=ThiS
11:43:09.280 - INFO - CDS - pfam detected: seq=contig_35, start=11543, stop=14512, strand=+, pfam-id=PF05017.19, length=11, aa-start=608, aa-stop=618, aa-cov=0.0, hmm-cov=1.0, evalue=1.5e-04, bitscore=15.9, name=TMP
11:43:09.334 - INFO - CDS - pfam detected: seq=contig_16, start=31939, stop=32607, strand=+, pfam-id=PF06552.18, length=36, aa-start=145, aa-stop=180, aa-cov=0.2, hmm-cov=1.0, evalue=1.2e-08, bitscore=28.6, name=TOM20_plant
11:43:09.444 - INFO - CDS - pfam detected: seq=contig_16, start=31939, stop=32607, strand=+, pfam-id=PF20308.4, length=47, aa-start=51, aa-stop=97, aa-cov=0.2, hmm-cov=1.0, evalue=1.2e-08, bitscore=29.3, name=TPR-S
11:43:09.446 - INFO - CDS - pfam detected: seq=contig_16, start=31939, stop=32607, strand=+, pfam-id=PF00515.34, length=27, aa-start=70, aa-stop=96, aa-cov=0.1, hmm-cov=1.0, evalue=3.7e-31, bitscore=99.5, name=TPR_1
11:43:09.447 - INFO - CDS - pfam detected: seq=contig_16, start=31939, stop=32607, strand=+, pfam-id=PF13374.12, length=25, aa-start=73, aa-stop=97, aa-cov=0.1, hmm-cov=1.0, evalue=9.1e-16, bitscore=51.2, name=TPR_10
11:43:09.447 - INFO - CDS - pfam detected: seq=contig_16, start=31939, stop=32607, strand=+, pfam-id=PF13414.12, length=41, aa-start=144, aa-stop=184, aa-cov=0.2, hmm-cov=1.0, evalue=3.7e-27, bitscore=87.5, name=TPR_11
11:43:09.449 - INFO - CDS - pfam detected: seq=contig_16, start=31939, stop=32607, strand=+, pfam-id=PF13424.12, length=70, aa-start=71, aa-stop=132, aa-cov=0.3, hmm-cov=1.0, evalue=1.6e-24, bitscore=79.7, name=TPR_12
11:43:09.450 - INFO - CDS - pfam detected: seq=contig_16, start=31939, stop=32607, strand=+, pfam-id=PF13428.12, length=26, aa-start=72, aa-stop=97, aa-cov=0.1, hmm-cov=1.0, evalue=1.4e-19, bitscore=62.6, name=TPR_14
11:43:09.450 - INFO - CDS - pfam detected: seq=contig_16, start=31939, stop=32607, strand=+, pfam-id=PF13432.12, length=58, aa-start=72, aa-stop=129, aa-cov=0.3, hmm-cov=1.0, evalue=1.8e-18, bitscore=60.4, name=TPR_16
11:43:09.451 - INFO - CDS - pfam detected: seq=contig_16, start=31939, stop=32607, strand=+, pfam-id=PF13431.12, length=33, aa-start=56, aa-stop=88, aa-cov=0.1, hmm-cov=1.0, evalue=8.2e-21, bitscore=66.5, name=TPR_17
11:43:09.486 - INFO - CDS - pfam detected: seq=contig_16, start=31939, stop=32607, strand=+, pfam-id=PF14559.12, length=52, aa-start=45, aa-stop=96, aa-cov=0.2, hmm-cov=1.0, evalue=4.8e-21, bitscore=68.6, name=TPR_19
11:43:09.487 - INFO - CDS - pfam detected: seq=contig_16, start=31939, stop=32607, strand=+, pfam-id=PF07719.23, length=26, aa-start=71, aa-stop=96, aa-cov=0.1, hmm-cov=1.0, evalue=7.8e-31, bitscore=97.6, name=TPR_2
11:43:09.488 - INFO - CDS - pfam detected: seq=contig_16, start=31939, stop=32607, strand=+, pfam-id=PF14561.12, length=50, aa-start=155, aa-stop=204, aa-cov=0.2, hmm-cov=1.0, evalue=1.4e-10, bitscore=35.1, name=TPR_20
11:43:09.494 - INFO - CDS - pfam detected: seq=contig_16, start=31939, stop=32607, strand=+, pfam-id=PF13174.12, length=26, aa-start=71, aa-stop=96, aa-cov=0.1, hmm-cov=1.0, evalue=3.3e-13, bitscore=43.3, name=TPR_6
11:43:09.495 - INFO - CDS - pfam detected: seq=contig_16, start=31939, stop=32607, strand=+, pfam-id=PF13176.12, length=26, aa-start=72, aa-stop=97, aa-cov=0.1, hmm-cov=1.0, evalue=6.6e-15, bitscore=47.8, name=TPR_7
11:43:09.497 - INFO - CDS - pfam detected: seq=contig_16, start=31939, stop=32607, strand=+, pfam-id=PF13181.12, length=34, aa-start=172, aa-stop=205, aa-cov=0.2, hmm-cov=1.0, evalue=2.1e-29, bitscore=93.1, name=TPR_8
11:43:09.498 - INFO - CDS - pfam detected: seq=contig_16, start=31939, stop=32607, strand=+, pfam-id=PF23914.1, length=86, aa-start=14, aa-stop=96, aa-cov=0.4, hmm-cov=1.0, evalue=1.4e-13, bitscore=44.7, name=TPR_CcmH_CycH
11:43:09.523 - INFO - CDS - pfam detected: seq=contig_18, start=69065, stop=71248, strand=-, pfam-id=PF00912.28, length=176, aa-start=82, aa-stop=257, aa-cov=0.2, hmm-cov=1.0, evalue=6.3e-65, bitscore=211.6, name=Transgly
11:43:09.528 - INFO - CDS - pfam detected: seq=contig_18, start=69065, stop=71248, strand=-, pfam-id=PF00905.27, length=296, aa-start=361, aa-stop=631, aa-cov=0.4, hmm-cov=0.9, evalue=6.6e-29, bitscore=94.7, name=Transpeptidase
11:43:09.560 - INFO - CDS - pfam detected: seq=contig_59, start=166, stop=390, strand=+, pfam-id=PF00089.32, length=61, aa-start=11, aa-stop=67, aa-cov=0.8, hmm-cov=1.0, evalue=2.3e-07, bitscore=24.5, name=Trypsin
11:43:09.965 - INFO - CDS - pfam detected: seq=contig_35, start=29849, stop=30238, strand=-, pfam-id=PF04650.22, length=26, aa-start=7, aa-stop=32, aa-cov=0.2, hmm-cov=1.0, evalue=4.7e-12, bitscore=39.3, name=YSIRK_signal
11:43:09.966 - INFO - CDS - pfam detected: seq=contig_26, start=5028, stop=8495, strand=+, pfam-id=PF04650.22, length=22, aa-start=5, aa-stop=26, aa-cov=0.0, hmm-cov=1.0, evalue=1.6e-10, bitscore=34.4, name=YSIRK_signal
11:43:10.068 - INFO - CDS - predicted-pfams=114, CDS-w/-pfams=61
11:43:12.891 - INFO - S_ORF - predicted=53999
11:43:14.163 - INFO - S_ORF - sORF filter: # valid=10352, # discarded=43647
11:43:14.332 - INFO - ORF - discard spurious: seq=contig_55, start=19769, stop=19831, strand=-, homology=Spurious_ORF_67, evalue=2.1e-11, bitscore=43.020477
11:43:14.334 - INFO - ORF - discard spurious: seq=contig_30, start=31061, stop=31150, strand=-, homology=Spurious_ORF_67, evalue=1.7e-09, bitscore=36.895332
11:43:14.337 - INFO - ORF - discard spurious: seq=contig_16, start=31369, stop=31449, strand=-, homology=Spurious_ORF_67, evalue=3.0e-09, bitscore=36.111534
11:43:14.337 - INFO - ORF - discard spurious: seq=contig_22, start=28754, stop=28810, strand=+, homology=Spurious_ORF_67, evalue=4.2e-09, bitscore=35.648243
11:43:14.337 - INFO - ORF - discard spurious: seq=contig_57, start=209851, stop=209907, strand=-, homology=Spurious_ORF_67, evalue=4.2e-09, bitscore=35.648243
11:43:14.337 - INFO - ORF - discard spurious: seq=contig_32, start=35692, stop=35748, strand=-, homology=Spurious_ORF_67, evalue=4.5e-08, bitscore=32.342907
11:43:14.338 - INFO - ORF - discard spurious: seq=contig_23, start=138, stop=194, strand=-, homology=Spurious_ORF_67, evalue=4.9e-07, bitscore=29.046162
11:43:14.566 - INFO - ORF - discarded=7
11:43:15.024 - INFO - UPS - looked-up=0
11:43:15.029 - INFO - IPS - looked-up=0
11:43:15.030 - INFO - ORF - write internal aa seqs: # seqs=10345, path=/tmp/tmpj6l07wn0/sorf.faa
11:43:15.105 - INFO - S_ORF - homology: seq=contig_34, start=36004, stop=36072, strand=+, aa-length=22, query-cov=1.000, subject-cov=1.000, identity=1.000, score=48.5, evalue=6.1e-14, UniRef=P0C805
11:43:15.105 - INFO - S_ORF - homology: seq=contig_34, start=35790, stop=35855, strand=+, aa-length=21, query-cov=1.000, subject-cov=1.000, identity=1.000, score=42.7, evalue=1.1e-11, UniRef=P0C7Y1
11:43:15.105 - INFO - S_ORF - homology: seq=contig_34, start=35887, stop=35952, strand=+, aa-length=21, query-cov=1.000, subject-cov=1.000, identity=1.000, score=44.3, evalue=2.8e-12, UniRef=P0C7Z3
11:43:15.106 - INFO - S_ORF - homology: seq=contig_34, start=36136, stop=36198, strand=+, aa-length=20, query-cov=1.000, subject-cov=1.000, identity=1.000, score=39.7, evalue=1.8e-10, UniRef=P0C818
11:43:15.108 - INFO - S_ORF - found=4
11:43:15.108 - INFO - PSC - looked-up=0
11:43:15.111 - INFO - PSCC - looked-up=4
11:43:16.354 - INFO - ORI - type=oriC, seq=contig_40, start=1692, stop=2170, nt=[GGGCGCGATT..CGATTTACAT]
11:43:16.355 - INFO - ORI - type=oriC, seq=contig_40, start=3434, stop=3656, nt=[AATAAAAAAA..AACTAAATAG]
11:43:16.357 - INFO - ORI - type=oriC, seq=contig_42, start=34361, stop=34626, nt=[TAATTAAAAC..ACATTTCCCA]
11:43:16.358 - INFO - ORI - type=oriC, seq=contig_42, start=36000, stop=36729, nt=[AAATTTACTC..GGTGTTTTGC]
11:43:16.358 - INFO - ORI - predicted=4
11:43:16.561 - INFO - ORI - type=oriT, seq=contig_38, start=6939, stop=7087, nt=[CCGTAAGAGC..ATTTGTCACA]
11:43:16.562 - INFO - ORI - predicted=1
11:43:16.571 - INFO - UTILS - generated sequence tag prefix: prefix=OAKKFKPPCM, length=10, MD5=8A44F499C6E4414B9422F08BB9172367
11:43:16.584 - INFO - MAIN - selected features=2890
11:43:16.588 - INFO - UTILS - generated sequence tag prefix: prefix=OAKKFK, length=6, MD5=8A44F499C6E4414B9422F08BB9172367
11:43:16.589 - INFO - MAIN - locus tag prefix=OAKKFK
11:43:16.592 - INFO - UTILS - genome-size=2902476
11:43:16.603 - INFO - UTILS - GC=0.328
11:43:16.604 - INFO - UTILS - N=0.000
11:43:16.604 - INFO - UTILS - N50=99899
11:43:16.604 - INFO - UTILS - N90=34903
11:43:16.605 - INFO - UTILS - coding-ratio=0.844
11:43:16.624 - INFO - TSV - write feature tsv: path=/mnt/f/wgs/results/bakta/DRR187559/DRR187559.tsv
11:43:16.672 - INFO - GFF - write features: path=/mnt/f/wgs/results/bakta/DRR187559/DRR187559.gff3
11:43:16.867 - INFO - INSDC - write GenBank: path=/mnt/f/wgs/results/bakta/DRR187559/DRR187559.gbff
11:43:17.161 - INFO - INSDC - write EMBL: path=/mnt/f/wgs/results/bakta/DRR187559/DRR187559.embl
11:43:17.577 - INFO - FASTA - write genome sequences: path=/mnt/f/wgs/results/bakta/DRR187559/DRR187559.fna, description=True, wrap=True
11:43:17.633 - INFO - FASTA - write feature nucleotide sequences: path=/mnt/f/wgs/results/bakta/DRR187559/DRR187559.ffn
11:43:17.674 - INFO - FASTA - write translated CDS/sORF: path=/mnt/f/wgs/results/bakta/DRR187559/DRR187559.faa
11:43:17.690 - INFO - TSV - write tsv: path=/mnt/f/wgs/results/bakta/DRR187559/DRR187559.inference.tsv
11:43:28.264 - INFO - TSV - write hypothetical tsv: path=/mnt/f/wgs/results/bakta/DRR187559/DRR187559.hypotheticals.tsv
11:43:28.268 - INFO - FASTA - write translated CDS/sORF: path=/mnt/f/wgs/results/bakta/DRR187559/DRR187559.hypotheticals.faa
11:43:28.271 - INFO - JSON - write JSON: path=/mnt/f/wgs/results/bakta/DRR187559/DRR187559.json
11:43:28.524 - INFO - MAIN - removed tmp dir: /tmp/tmpj6l07wn0
