2026-08-30 08:37:20 - MEGAHIT v1.2.9
2026-08-30 08:37:20 - Maximum number of available CPU thread is 2.
2026-08-30 08:37:20 - Number of thread is reset to the 2.
2026-08-30 08:37:20 - Using megahit_core with POPCNT and BMI2 support
2026-08-30 08:37:20 - Convert reads to binary library
2026-08-30 08:37:20 - command /home/divya/miniconda3/envs/assembly_env/bin/megahit_core buildlib /home/divya/wgs/results/megahit_assembly/DRR187559/tmp/reads.lib /home/divya/wgs/results/megahit_assembly/DRR187559/tmp/reads.lib
2026-08-30 08:37:27 - b'INFO  sequence/io/sequence_lib.cpp  :   75 - Lib 0 (/home/divya/wgs/results/fastp_trimmed/DRR187559_R1_fastp_paired.fastq.gz,/home/divya/wgs/results/fastp_trimmed/DRR187559_R2_fastp_paired.fastq.gz): pe, 1807128 reads, 301 max length'
2026-08-30 08:37:27 - b'INFO  utils/utils.h                 :  152 - Real: 6.3131\tuser: 2.0237\tsys: 0.6494\tmaxrss: 161676'
2026-08-30 08:37:27 - k-max reset to: 141 
2026-08-30 08:37:27 - Start assembly. Number of CPU threads 2 
2026-08-30 08:37:27 - k list: 21,29,39,59,79,99,119,141 
2026-08-30 08:37:27 - Memory used: 4642865971
2026-08-30 08:37:27 - Extract solid (k+1)-mers for k = 21 
2026-08-30 08:37:27 - command /home/divya/miniconda3/envs/assembly_env/bin/megahit_core count -k 21 -m 2 --host_mem 4642865971 --mem_flag 1 --output_prefix /home/divya/wgs/results/megahit_assembly/DRR187559/tmp/k21/21 --num_cpu_threads 2 --read_lib_file /home/divya/wgs/results/megahit_assembly/DRR187559/tmp/reads.lib
2026-08-30 08:37:27 - b'INFO  sorting/base_engine.cpp       :  148 - Preparing data...'
2026-08-30 08:37:27 - b'INFO  sequence/io/sequence_lib.cpp  :  115 - Before reading, sizeof seq_package: 107589292'
2026-08-30 08:37:27 - b'INFO  sequence/io/sequence_lib.cpp  :  117 - After reading, sizeof seq_package: 107589292'
2026-08-30 08:37:27 - b'INFO  sorting/kmer_counter.cpp      :   76 - 1807128 reads, 301 max read length'
2026-08-30 08:37:27 - b'INFO  sorting/kmer_counter.cpp      :   82 - 2 words per substring, 2 words per edge'
2026-08-30 08:37:27 - b'INFO  sorting/base_engine.cpp       :  153 - Preparing data... Done. Time elapsed: 0.1974'
2026-08-30 08:37:27 - b'INFO  sorting/base_engine.cpp       :  156 - Preparing partitions and calculating bucket sizes...'
2026-08-30 08:37:29 - b'INFO  sorting/base_engine.cpp       :   80 - Minimum memory required: 140146192 bytes'
2026-08-30 08:37:29 - b'INFO  sorting/base_engine.cpp       :  138 - Lv1 items: 44610578, Lv2 items: 227768'
2026-08-30 08:37:29 - b'INFO  sorting/base_engine.cpp       :  139 - Memory of derived class: 126005300, Memory for Lv1+Lv2: 182086600'
2026-08-30 08:37:29 - b'INFO  sorting/base_engine.cpp       :  165 - Preparing partitions and calculating bucket sizes... Done. Time elapsed: 2.1468'
2026-08-30 08:37:29 - b'INFO  sorting/base_engine.cpp       :  172 - Start main loop...'
2026-08-30 08:37:29 - b'INFO  sorting/base_engine.cpp       :  185 - Lv1 scanning from bucket 0 to 600'
2026-08-30 08:37:32 - b'INFO  sorting/base_engine.cpp       :  192 - Lv1 scanning done. Large diff: 0. Time elapsed: 2.7224'
2026-08-30 08:37:35 - b'INFO  sorting/base_engine.cpp       :  198 - Lv1 fetching & sorting done. Time elapsed: 3.2530'
2026-08-30 08:37:35 - b'INFO  sorting/base_engine.cpp       :  185 - Lv1 scanning from bucket 600 to 1911'
2026-08-30 08:37:38 - b'INFO  sorting/base_engine.cpp       :  192 - Lv1 scanning done. Large diff: 0. Time elapsed: 2.5845'
2026-08-30 08:37:41 - b'INFO  sorting/base_engine.cpp       :  198 - Lv1 fetching & sorting done. Time elapsed: 3.1397'
2026-08-30 08:37:41 - b'INFO  sorting/base_engine.cpp       :  185 - Lv1 scanning from bucket 1911 to 4058'
2026-08-30 08:37:43 - b'INFO  sorting/base_engine.cpp       :  192 - Lv1 scanning done. Large diff: 0. Time elapsed: 2.4113'
2026-08-30 08:37:47 - b'INFO  sorting/base_engine.cpp       :  198 - Lv1 fetching & sorting done. Time elapsed: 3.4567'
2026-08-30 08:37:47 - b'INFO  sorting/base_engine.cpp       :  185 - Lv1 scanning from bucket 4058 to 7368'
2026-08-30 08:37:49 - b'INFO  sorting/base_engine.cpp       :  192 - Lv1 scanning done. Large diff: 0. Time elapsed: 2.6508'
2026-08-30 08:37:53 - b'INFO  sorting/base_engine.cpp       :  198 - Lv1 fetching & sorting done. Time elapsed: 3.7794'
2026-08-30 08:37:53 - b'INFO  sorting/base_engine.cpp       :  185 - Lv1 scanning from bucket 7368 to 12493'
2026-08-30 08:37:56 - b'INFO  sorting/base_engine.cpp       :  192 - Lv1 scanning done. Large diff: 0. Time elapsed: 2.5051'
2026-08-30 08:38:03 - b'INFO  sorting/base_engine.cpp       :  198 - Lv1 fetching & sorting done. Time elapsed: 7.4896'
2026-08-30 08:38:03 - b'INFO  sorting/base_engine.cpp       :  185 - Lv1 scanning from bucket 12493 to 20904'
2026-08-30 08:38:06 - b'INFO  sorting/base_engine.cpp       :  192 - Lv1 scanning done. Large diff: 0. Time elapsed: 2.7532'
2026-08-30 08:38:10 - b'INFO  sorting/base_engine.cpp       :  198 - Lv1 fetching & sorting done. Time elapsed: 4.6123'
2026-08-30 08:38:10 - b'INFO  sorting/base_engine.cpp       :  185 - Lv1 scanning from bucket 20904 to 38295'
2026-08-30 08:38:13 - b'INFO  sorting/base_engine.cpp       :  192 - Lv1 scanning done. Large diff: 0. Time elapsed: 2.7085'
2026-08-30 08:38:17 - b'INFO  sorting/base_engine.cpp       :  198 - Lv1 fetching & sorting done. Time elapsed: 4.2859'
2026-08-30 08:38:17 - b'INFO  sorting/base_engine.cpp       :  185 - Lv1 scanning from bucket 38295 to 65536'
2026-08-30 08:38:20 - b'INFO  sorting/base_engine.cpp       :  192 - Lv1 scanning done. Large diff: 0. Time elapsed: 2.6334'
2026-08-30 08:38:22 - b'INFO  sorting/base_engine.cpp       :  198 - Lv1 fetching & sorting done. Time elapsed: 1.9423'
2026-08-30 08:38:22 - b'INFO  sorting/base_engine.cpp       :  204 - Main loop done. Time elapsed: 52.9316'
2026-08-30 08:38:22 - b'INFO  sorting/base_engine.cpp       :  207 - Postprocessing...'
2026-08-30 08:38:22 - b'INFO  sorting/kmer_counter.cpp      :  405 - Total number of candidate reads: 0 (19058)'
2026-08-30 08:38:22 - b'INFO  sorting/kmer_counter.cpp      :  407 - Total number of solid edges: 19180478'
2026-08-30 08:38:22 - b'INFO  sorting/base_engine.cpp       :  210 - Postprocess done. Time elapsed: 0.0223'
2026-08-30 08:38:22 - b'INFO  utils/utils.h                 :  152 - Real: 55.3107\tuser: 109.4734\tsys: 2.0848\tmaxrss: 312232'
2026-08-30 08:38:22 - Build graph for k = 21 
2026-08-30 08:38:22 - command /home/divya/miniconda3/envs/assembly_env/bin/megahit_core seq2sdbg --host_mem 4642865971 --mem_flag 1 --output_prefix /home/divya/wgs/results/megahit_assembly/DRR187559/tmp/k21/21 --num_cpu_threads 2 -k 21 --kmer_from 0 --input_prefix /home/divya/wgs/results/megahit_assembly/DRR187559/tmp/k21/21 --need_mercy
2026-08-30 08:38:22 - b'INFO  sorting/base_engine.cpp       :  148 - Preparing data...'
2026-08-30 08:38:22 - b'INFO  sorting/seq_to_sdbg.cpp       :  369 - Number edges: 19180478'
2026-08-30 08:38:22 - b'INFO  sorting/seq_to_sdbg.cpp       :  413 - Bases to reserve: 527463134, number contigs: 0, number multiplicity: 23975597'
2026-08-30 08:38:22 - b'INFO  sorting/seq_to_sdbg.cpp       :  421 - Before reading, sizeof seq_package: 131865792, multiplicity vector: 23975597'
2026-08-30 08:38:23 - b'INFO  sorting/seq_to_sdbg.cpp       :  428 - Read 19180478 edges.'
2026-08-30 08:38:23 - b'INFO  sorting/seq_to_sdbg.cpp       :  429 - After reading, sizeof seq_package: 131865792/19180478/421970516, multiplicity vector: 19180478/23975597'
2026-08-30 08:38:23 - b'INFO  sorting/seq_to_sdbg.cpp       :  440 - Adding mercy edges...'
2026-08-30 08:38:23 - b'INFO  sorting/seq_to_sdbg.cpp       :  355 - Number of reads: 0, Number of mercy edges: 0'
2026-08-30 08:38:23 - b'INFO  sorting/seq_to_sdbg.cpp       :  444 - Done. Time elapsed: 0.3992'
2026-08-30 08:38:23 - b'INFO  sorting/seq_to_sdbg.cpp       :  445 - After adding mercy, sizeof seq_package: 131865792/19180478/421970516, multiplicity vector: 19180478/23975597'
2026-08-30 08:38:23 - b'INFO  sorting/seq_to_sdbg.cpp       :  506 - Finally, sizeof seq_package: 131865792/19180478/421970516, multiplicity vector: 19180478/23975597'
2026-08-30 08:38:23 - b'INFO  sorting/base_engine.cpp       :  153 - Preparing data... Done. Time elapsed: 0.9650'
2026-08-30 08:38:23 - b'INFO  sorting/base_engine.cpp       :  156 - Preparing partitions and calculating bucket sizes...'
2026-08-30 08:38:24 - b'INFO  sorting/base_engine.cpp       :   80 - Minimum memory required: 186977514 bytes'
2026-08-30 08:38:24 - b'INFO  sorting/base_engine.cpp       :  138 - Lv1 items: 15344382, Lv2 items: 31677'
2026-08-30 08:38:24 - b'INFO  sorting/base_engine.cpp       :  139 - Memory of derived class: 183113658, Memory for Lv1+Lv2: 61630944'
2026-08-30 08:38:24 - b'INFO  sorting/base_engine.cpp       :  165 - Preparing partitions and calculating bucket sizes... Done. Time elapsed: 0.8783'
2026-08-30 08:38:24 - b'INFO  sorting/base_engine.cpp       :  172 - Start main loop...'
2026-08-30 08:38:24 - b'INFO  sorting/base_engine.cpp       :  185 - Lv1 scanning from bucket 0 to 1184'
2026-08-30 08:38:24 - b'INFO  sorting/base_engine.cpp       :  192 - Lv1 scanning done. Large diff: 0. Time elapsed: 0.4745'
2026-08-30 08:38:26 - b'INFO  sorting/base_engine.cpp       :  198 - Lv1 fetching & sorting done. Time elapsed: 1.2954'
2026-08-30 08:38:26 - b'INFO  sorting/base_engine.cpp       :  185 - Lv1 scanning from bucket 1184 to 3321'
2026-08-30 08:38:26 - b'INFO  sorting/base_engine.cpp       :  192 - Lv1 scanning done. Large diff: 0. Time elapsed: 0.4963'
2026-08-30 08:38:28 - b'INFO  sorting/base_engine.cpp       :  198 - Lv1 fetching & sorting done. Time elapsed: 1.4504'
2026-08-30 08:38:28 - b'INFO  sorting/base_engine.cpp       :  185 - Lv1 scanning from bucket 3321 to 6487'
2026-08-30 08:38:28 - b'INFO  sorting/base_engine.cpp       :  192 - Lv1 scanning done. Large diff: 0. Time elapsed: 0.3179'
2026-08-30 08:38:29 - b'INFO  sorting/base_engine.cpp       :  198 - Lv1 fetching & sorting done. Time elapsed: 0.8496'
2026-08-30 08:38:29 - b'INFO  sorting/base_engine.cpp       :  185 - Lv1 scanning from bucket 6487 to 10931'
2026-08-30 08:38:29 - b'INFO  sorting/base_engine.cpp       :  192 - Lv1 scanning done. Large diff: 0. Time elapsed: 0.3385'
2026-08-30 08:38:30 - b'INFO  sorting/base_engine.cpp       :  198 - Lv1 fetching & sorting done. Time elapsed: 1.0102'
2026-08-30 08:38:30 - b'INFO  sorting/base_engine.cpp       :  185 - Lv1 scanning from bucket 10931 to 17213'
2026-08-30 08:38:31 - b'INFO  sorting/base_engine.cpp       :  192 - Lv1 scanning done. Large diff: 0. Time elapsed: 0.3949'
2026-08-30 08:38:32 - b'INFO  sorting/base_engine.cpp       :  198 - Lv1 fetching & sorting done. Time elapsed: 1.0097'
2026-08-30 08:38:32 - b'INFO  sorting/base_engine.cpp       :  185 - Lv1 scanning from bucket 17213 to 26555'
2026-08-30 08:38:32 - b'INFO  sorting/base_engine.cpp       :  192 - Lv1 scanning done. Large diff: 0. Time elapsed: 0.3664'
2026-08-30 08:38:33 - b'INFO  sorting/base_engine.cpp       :  198 - Lv1 fetching & sorting done. Time elapsed: 0.9852'
2026-08-30 08:38:33 - b'INFO  sorting/base_engine.cpp       :  185 - Lv1 scanning from bucket 26555 to 43126'
2026-08-30 08:38:33 - b'INFO  sorting/base_engine.cpp       :  192 - Lv1 scanning done. Large diff: 0. Time elapsed: 0.3910'
2026-08-30 08:38:37 - b'INFO  sorting/base_engine.cpp       :  198 - Lv1 fetching & sorting done. Time elapsed: 3.9094'
2026-08-30 08:38:37 - b'INFO  sorting/base_engine.cpp       :  185 - Lv1 scanning from bucket 43126 to 65536'
2026-08-30 08:38:37 - b'INFO  sorting/base_engine.cpp       :  192 - Lv1 scanning done. Large diff: 0. Time elapsed: 0.3159'
2026-08-30 08:38:38 - b'INFO  sorting/base_engine.cpp       :  198 - Lv1 fetching & sorting done. Time elapsed: 0.4600'
2026-08-30 08:38:38 - b'INFO  sorting/base_engine.cpp       :  204 - Main loop done. Time elapsed: 14.0696'
2026-08-30 08:38:38 - b'INFO  sorting/base_engine.cpp       :  207 - Postprocessing...'
2026-08-30 08:38:38 - b'INFO  sorting/seq_to_sdbg.cpp       :  793 - Number of $ A C G T A- C- G- T-:'
2026-08-30 08:38:38 - b'INFO  sorting/seq_to_sdbg.cpp       :  794 - 272289 12423573 6238378 6159312 12440411 466805 218493 221148 465097'
2026-08-30 08:38:38 - b'INFO  sorting/seq_to_sdbg.cpp       :  800 - Total number of edges: 38905506'
2026-08-30 08:38:38 - b'INFO  sorting/seq_to_sdbg.cpp       :  801 - Total number of ONEs: 37261674'
2026-08-30 08:38:38 - b'INFO  sorting/seq_to_sdbg.cpp       :  802 - Total number of $v edges: 272289'
2026-08-30 08:38:38 - b'INFO  sorting/base_engine.cpp       :  210 - Postprocess done. Time elapsed: 0.0389'
2026-08-30 08:38:38 - b'INFO  utils/utils.h                 :  152 - Real: 15.9653\tuser: 24.6972\tsys: 1.0495\tmaxrss: 410212'
2026-08-30 08:38:38 - Assemble contigs from SdBG for k = 21
2026-08-30 08:38:38 - command /home/divya/miniconda3/envs/assembly_env/bin/megahit_core assemble -s /home/divya/wgs/results/megahit_assembly/DRR187559/tmp/k21/21 -o /home/divya/wgs/results/megahit_assembly/DRR187559/intermediate_contigs/k21 -t 2 --min_standalone 300 --prune_level 2 --merge_len 20 --merge_similar 0.95 --cleaning_rounds 5 --disconnect_ratio 0.1 --low_local_ratio 0.2 --cleaning_rounds 5 --min_depth 2 --bubble_level 2 --max_tip_len -1 --careful_bubble
2026-08-30 08:38:39 - b'INFO  main_assemble.cpp             :  129 - Loading succinct de Bruijn graph: /home/divya/wgs/results/megahit_assembly/DRR187559/tmp/k21/21Done. Time elapsed: 0.491877'
2026-08-30 08:38:39 - b'INFO  main_assemble.cpp             :  133 - Number of Edges: 38905506; K value: 21'
2026-08-30 08:38:39 - b'INFO  main_assemble.cpp             :  140 - Number of CPU threads: 2'
2026-08-30 08:38:41 - b'INFO  assembly/sdbg_pruning.cpp     :  160 - Removing tips with length less than 2; Accumulated tips removed: 14930; time elapsed: 0.2771'
2026-08-30 08:38:42 - b'INFO  assembly/sdbg_pruning.cpp     :  160 - Removing tips with length less than 4; Accumulated tips removed: 111730; time elapsed: 0.4195'
2026-08-30 08:38:43 - b'INFO  assembly/sdbg_pruning.cpp     :  160 - Removing tips with length less than 8; Accumulated tips removed: 172086; time elapsed: 0.8833'
2026-08-30 08:38:44 - b'INFO  assembly/sdbg_pruning.cpp     :  160 - Removing tips with length less than 16; Accumulated tips removed: 288122; time elapsed: 1.3300'
2026-08-30 08:38:46 - b'INFO  assembly/sdbg_pruning.cpp     :  160 - Removing tips with length less than 32; Accumulated tips removed: 397710; time elapsed: 1.4871'
2026-08-30 08:38:46 - b'INFO  assembly/sdbg_pruning.cpp     :  169 - Removing tips with length less than 42; Accumulated tips removed: 413138; time elapsed: 0.8297'
2026-08-30 08:38:46 - b'INFO  main_assemble.cpp             :  158 - Tips removal done! Time elapsed(sec): 7.860'
2026-08-30 08:39:22 - b'INFO  assembly/unitig_graph.cpp     :   83 - Graph size without loops: 1581662, palindrome: 28'
2026-08-30 08:39:22 - b'INFO  main_assemble.cpp             :  166 - unitig graph size: 1581662, time for building: 35.419'
2026-08-30 08:39:22 - b'INFO  assembly/contig_stat.h        :   40 - Max: 271, Min: 22, N50: 35, number contigs: 1581662, number isolated: 93, number looped: 0, total size: 50037255,'
2026-08-30 08:39:22 - b'INFO  main_assemble.cpp             :  184 - Graph cleaning round 1'
2026-08-30 08:39:24 - b'INFO  main_assemble.cpp             :  200 - Number of bubbles removed: 547, Time elapsed(sec): 1.992'
2026-08-30 08:39:26 - b'INFO  main_assemble.cpp             :  210 - Number of complex bubbles removed: 38, Time elapsed(sec): 2.078608'
2026-08-30 08:39:28 - b'INFO  main_assemble.cpp             :  221 - Number unitigs disconnected: 1084013, time: 2.294'
2026-08-30 08:39:29 - b'INFO  main_assemble.cpp             :  245 - Unitigs removed in excessive pruning: 0, time: 0.169'
2026-08-30 08:39:29 - b'INFO  main_assemble.cpp             :  184 - Graph cleaning round 2'
2026-08-30 08:39:32 - b'INFO  main_assemble.cpp             :  192 - Tips removed: 458587, time: 3.809'
2026-08-30 08:39:33 - b'INFO  main_assemble.cpp             :  200 - Number of bubbles removed: 115, Time elapsed(sec): 0.181'
2026-08-30 08:39:33 - b'INFO  main_assemble.cpp             :  210 - Number of complex bubbles removed: 37, Time elapsed(sec): 0.195893'
2026-08-30 08:39:33 - b'INFO  main_assemble.cpp             :  221 - Number unitigs disconnected: 95, time: 0.150'
2026-08-30 08:39:33 - b'INFO  main_assemble.cpp             :  245 - Unitigs removed in excessive pruning: 0, time: 0.071'
2026-08-30 08:39:33 - b'INFO  main_assemble.cpp             :  184 - Graph cleaning round 3'
2026-08-30 08:39:34 - b'INFO  main_assemble.cpp             :  192 - Tips removed: 26, time: 0.523'
2026-08-30 08:39:34 - b'INFO  main_assemble.cpp             :  200 - Number of bubbles removed: 1, Time elapsed(sec): 0.181'
2026-08-30 08:39:34 - b'INFO  main_assemble.cpp             :  210 - Number of complex bubbles removed: 0, Time elapsed(sec): 0.216955'
2026-08-30 08:39:34 - b'INFO  main_assemble.cpp             :  221 - Number unitigs disconnected: 7, time: 0.160'
2026-08-30 08:39:34 - b'INFO  main_assemble.cpp             :  245 - Unitigs removed in excessive pruning: 0, time: 0.064'
2026-08-30 08:39:34 - b'INFO  main_assemble.cpp             :  184 - Graph cleaning round 4'
2026-08-30 08:39:35 - b'INFO  main_assemble.cpp             :  192 - Tips removed: 1, time: 0.535'
2026-08-30 08:39:35 - b'INFO  main_assemble.cpp             :  200 - Number of bubbles removed: 0, Time elapsed(sec): 0.186'
2026-08-30 08:39:35 - b'INFO  main_assemble.cpp             :  210 - Number of complex bubbles removed: 0, Time elapsed(sec): 0.184838'
2026-08-30 08:39:35 - b'INFO  main_assemble.cpp             :  221 - Number unitigs disconnected: 4, time: 0.151'
2026-08-30 08:39:35 - b'INFO  main_assemble.cpp             :  245 - Unitigs removed in excessive pruning: 0, time: 0.070'
2026-08-30 08:39:35 - b'INFO  main_assemble.cpp             :  184 - Graph cleaning round 5'
2026-08-30 08:39:36 - b'INFO  main_assemble.cpp             :  192 - Tips removed: 0, time: 0.666'
2026-08-30 08:39:36 - b'INFO  main_assemble.cpp             :  200 - Number of bubbles removed: 0, Time elapsed(sec): 0.175'
2026-08-30 08:39:36 - b'INFO  main_assemble.cpp             :  210 - Number of complex bubbles removed: 0, Time elapsed(sec): 0.220370'
2026-08-30 08:39:37 - b'INFO  main_assemble.cpp             :  221 - Number unitigs disconnected: 3, time: 0.184'
2026-08-30 08:39:37 - b'INFO  main_assemble.cpp             :  245 - Unitigs removed in excessive pruning: 0, time: 0.085'
2026-08-30 08:39:37 - b'INFO  assembly/contig_stat.h        :   40 - Max: 39926, Min: 22, N50: 54, number contigs: 218201, number isolated: 40845, number looped: 0, total size: 11475973,'
2026-08-30 08:39:39 - b'INFO  main_assemble.cpp             :  267 - Time to output: 2.363565'
2026-08-30 08:39:50 - b'INFO  main_assemble.cpp             :  286 - Number of local low depth unitigs removed: 953, complex bubbles removed: 2, time: 10.664481'
2026-08-30 08:39:50 - b'INFO  assembly/contig_stat.h        :   40 - Max: 39926, Min: 22, N50: 54, number contigs: 215840, number isolated: 41152, number looped: 0, total size: 11411703,'
2026-08-30 08:39:52 - b'INFO  utils/utils.h                 :  152 - Real: 73.9678\tuser: 145.7133\tsys: 0.7350\tmaxrss: 195240'
2026-08-30 08:39:52 - Local assembly for k = 21
2026-08-30 08:39:52 - command /home/divya/miniconda3/envs/assembly_env/bin/megahit_core local -c /home/divya/wgs/results/megahit_assembly/DRR187559/intermediate_contigs/k21.contigs.fa -l /home/divya/wgs/results/megahit_assembly/DRR187559/tmp/reads.lib -t 2 -o /home/divya/wgs/results/megahit_assembly/DRR187559/intermediate_contigs/k21.local.fa --kmax 29
2026-08-30 08:39:52 - b'INFO  localasm/hash_mapper.cpp      :   99 - Number of contigs: 565, index size: 353024'
2026-08-30 08:39:52 - b'INFO  localasm/local_assemble.cpp   :  315 - Hash mapper construction time elapsed: 0.107840'
2026-08-30 08:39:52 - b'INFO  sequence/io/sequence_lib.cpp  :  115 - Before reading, sizeof seq_package: 107589292'
2026-08-30 08:39:53 - b'INFO  sequence/io/sequence_lib.cpp  :  117 - After reading, sizeof seq_package: 107589292'
2026-08-30 08:39:53 - b'INFO  localasm/local_assemble.cpp   :  324 - Read lib time elapsed: 0.474072'
2026-08-30 08:39:57 - b'INFO  localasm/local_assemble.cpp   :  133 - Lib 0, insert size: 0.00 sd: -nan'
2026-08-30 08:39:57 - b'INFO  localasm/local_assemble.cpp   :  330 - Insert size estimation time elapsed: 4.161642'
2026-08-30 08:40:01 - b'INFO  localasm/local_assemble.cpp   :  218 - Lib 0: total 1807128 reads, aligned 1754774, added 48712 reads to local assembly'
2026-08-30 08:40:01 - b'INFO  localasm/local_assemble.cpp   :  338 - Mapping time elapsed: 4.075291'
2026-08-30 08:40:01 - b'INFO  localasm/local_assemble.cpp   :  232 - Minimum number of reads to do local assembly: 0'
2026-08-30 08:40:03 - b'INFO  localasm/local_assemble.cpp   :  346 - Local assembly time elapsed: 2.374335'
2026-08-30 08:40:03 - b'INFO  utils/utils.h                 :  152 - Real: 11.2002\tuser: 22.8990\tsys: 0.4932\tmaxrss: 122240'
2026-08-30 08:40:03 - Extract iterative edges from k = 21 to 29 
2026-08-30 08:40:03 - command /home/divya/miniconda3/envs/assembly_env/bin/megahit_core iterate -c /home/divya/wgs/results/megahit_assembly/DRR187559/intermediate_contigs/k21.contigs.fa -b /home/divya/wgs/results/megahit_assembly/DRR187559/intermediate_contigs/k21.bubble_seq.fa -t 2 -k 21 -s 8 -o /home/divya/wgs/results/megahit_assembly/DRR187559/tmp/k29/29 -r /home/divya/wgs/results/megahit_assembly/DRR187559/tmp/reads.lib.bin
2026-08-30 08:40:03 - b'INFO  main_iterate.cpp              :  190 - Selected kmer type size for k: 8'
2026-08-30 08:40:03 - b'INFO  main_iterate.cpp              :  174 - Read 177356 contigs'
2026-08-30 08:40:03 - b'INFO  main_iterate.cpp              :  176 - Number of flank kmers: 344899'
2026-08-30 08:40:03 - b'INFO  main_iterate.cpp              :  174 - Read 447 contigs'
2026-08-30 08:40:03 - b'INFO  main_iterate.cpp              :  176 - Number of flank kmers: 345525'
2026-08-30 08:40:03 - b'INFO  main_iterate.cpp              :  123 - Selected kmer type size for next k: 8'
2026-08-30 08:40:12 - b'INFO  main_iterate.cpp              :  138 - Processed: 1807128, aligned: 303082. Iterative edges: 910251'
2026-08-30 08:40:12 - b'INFO  main_iterate.cpp              :  142 - Total: 1807128, aligned: 303082. Iterative edges: 910251'
2026-08-30 08:40:12 - b'INFO  utils/utils.h                 :  152 - Real: 8.7600\tuser: 9.3469\tsys: 0.2050\tmaxrss: 178440'
2026-08-30 08:40:12 - Build graph for k = 29 
2026-08-30 08:40:12 - command /home/divya/miniconda3/envs/assembly_env/bin/megahit_core seq2sdbg --host_mem 4642865971 --mem_flag 1 --output_prefix /home/divya/wgs/results/megahit_assembly/DRR187559/tmp/k29/29 --num_cpu_threads 2 -k 29 --kmer_from 21 --input_prefix /home/divya/wgs/results/megahit_assembly/DRR187559/tmp/k29/29 --addi_contig /home/divya/wgs/results/megahit_assembly/DRR187559/intermediate_contigs/k21.addi.fa --local_contig /home/divya/wgs/results/megahit_assembly/DRR187559/intermediate_contigs/k21.local.fa --contig /home/divya/wgs/results/megahit_assembly/DRR187559/intermediate_contigs/k21.contigs.fa --bubble /home/divya/wgs/results/megahit_assembly/DRR187559/intermediate_contigs/k21.bubble_seq.fa
2026-08-30 08:40:12 - b'INFO  sorting/base_engine.cpp       :  148 - Preparing data...'
2026-08-30 08:40:12 - b'INFO  sorting/seq_to_sdbg.cpp       :  369 - Number edges: 910251'
2026-08-30 08:40:12 - b'INFO  sorting/seq_to_sdbg.cpp       :  413 - Bases to reserve: 33830567, number contigs: 220751, number multiplicity: 1131002'
2026-08-30 08:40:12 - b'INFO  sorting/seq_to_sdbg.cpp       :  421 - Before reading, sizeof seq_package: 10223660, multiplicity vector: 1131002'
2026-08-30 08:40:12 - b'INFO  sorting/seq_to_sdbg.cpp       :  428 - Read 910251 edges.'
2026-08-30 08:40:12 - b'INFO  sorting/seq_to_sdbg.cpp       :  429 - After reading, sizeof seq_package: 10223660/910251/27307530, multiplicity vector: 910251/1131002'
2026-08-30 08:40:12 - b'INFO  sorting/seq_to_sdbg.cpp       :  458 - Read 151458 contigs from /home/divya/wgs/results/megahit_assembly/DRR187559/intermediate_contigs/k21.contigs.fa.'
2026-08-30 08:40:12 - b'INFO  sorting/seq_to_sdbg.cpp       :  459 - After reading contigs, sizeof seq_package: 18681304/1061709/37099532, multiplicity vector: 1061709/1131002'
2026-08-30 08:40:12 - b'INFO  sorting/seq_to_sdbg.cpp       :  470 - Read 334 contigs from /home/divya/wgs/results/megahit_assembly/DRR187559/intermediate_contigs/k21.bubble_seq.fa.'
2026-08-30 08:40:12 - b'INFO  sorting/seq_to_sdbg.cpp       :  471 - After reading contigs, sizeof seq_package: 18681304/1062043/37131613, multiplicity vector: 1062043/1131002'
2026-08-30 08:40:12 - b'INFO  sorting/seq_to_sdbg.cpp       :  484 - Read 811 contigs from /home/divya/wgs/results/megahit_assembly/DRR187559/intermediate_contigs/k21.addi.fa.'
2026-08-30 08:40:12 - b'INFO  sorting/seq_to_sdbg.cpp       :  485 - After reading contigs, sizeof seq_package: 18681304/1062854/37284078, multiplicity vector: 1062854/1131002'
2026-08-30 08:40:12 - b'INFO  sorting/seq_to_sdbg.cpp       :  498 - Read 998 contigs from /home/divya/wgs/results/megahit_assembly/DRR187559/intermediate_contigs/k21.local.fa.'
2026-08-30 08:40:12 - b'INFO  sorting/seq_to_sdbg.cpp       :  499 - After reading contigs, sizeof seq_package: 18681304/1063852/37654031, multiplicity vector: 1063852/1131002'
2026-08-30 08:40:12 - b'INFO  sorting/seq_to_sdbg.cpp       :  506 - Finally, sizeof seq_package: 18681304/1063852/37654031, multiplicity vector: 1063852/1131002'
2026-08-30 08:40:12 - b'INFO  sorting/base_engine.cpp       :  153 - Preparing data... Done. Time elapsed: 0.0670'
2026-08-30 08:40:12 - b'INFO  sorting/base_engine.cpp       :  156 - Preparing partitions and calculating bucket sizes...'
2026-08-30 08:40:12 - b'INFO  sorting/base_engine.cpp       :   80 - Minimum memory required: 21865896 bytes'
2026-08-30 08:40:12 - b'INFO  sorting/base_engine.cpp       :  138 - Lv1 items: 2381340, Lv2 items: 5673'
2026-08-30 08:40:12 - b'INFO  sorting/base_engine.cpp       :  139 - Memory of derived class: 21237508, Memory for Lv1+Lv2: 9593436'
2026-08-30 08:40:12 - b'INFO  sorting/base_engine.cpp       :  165 - Preparing partitions and calculating bucket sizes... Done. Time elapsed: 0.0391'
2026-08-30 08:40:12 - b'INFO  sorting/base_engine.cpp       :  172 - Start main loop...'
2026-08-30 08:40:12 - b'INFO  sorting/base_engine.cpp       :  185 - Lv1 scanning from bucket 0 to 1033'
2026-08-30 08:40:12 - b'INFO  sorting/base_engine.cpp       :  192 - Lv1 scanning done. Large diff: 0. Time elapsed: 0.0466'
2026-08-30 08:40:12 - b'INFO  sorting/base_engine.cpp       :  198 - Lv1 fetching & sorting done. Time elapsed: 0.1107'
2026-08-30 08:40:12 - b'INFO  sorting/base_engine.cpp       :  185 - Lv1 scanning from bucket 1033 to 2970'
2026-08-30 08:40:12 - b'INFO  sorting/base_engine.cpp       :  192 - Lv1 scanning done. Large diff: 0. Time elapsed: 0.0539'
2026-08-30 08:40:12 - b'INFO  sorting/base_engine.cpp       :  198 - Lv1 fetching & sorting done. Time elapsed: 0.1279'
2026-08-30 08:40:12 - b'INFO  sorting/base_engine.cpp       :  185 - Lv1 scanning from bucket 2970 to 5910'
2026-08-30 08:40:13 - b'INFO  sorting/base_engine.cpp       :  192 - Lv1 scanning done. Large diff: 0. Time elapsed: 0.0575'
2026-08-30 08:40:13 - b'INFO  sorting/base_engine.cpp       :  198 - Lv1 fetching & sorting done. Time elapsed: 0.1291'
2026-08-30 08:40:13 - b'INFO  sorting/base_engine.cpp       :  185 - Lv1 scanning from bucket 5910 to 10115'
2026-08-30 08:40:13 - b'INFO  sorting/base_engine.cpp       :  192 - Lv1 scanning done. Large diff: 0. Time elapsed: 0.0610'
2026-08-30 08:40:13 - b'INFO  sorting/base_engine.cpp       :  198 - Lv1 fetching & sorting done. Time elapsed: 0.1297'
2026-08-30 08:40:13 - b'INFO  sorting/base_engine.cpp       :  185 - Lv1 scanning from bucket 10115 to 16161'
2026-08-30 08:40:13 - b'INFO  sorting/base_engine.cpp       :  192 - Lv1 scanning done. Large diff: 0. Time elapsed: 0.0524'
2026-08-30 08:40:13 - b'INFO  sorting/base_engine.cpp       :  198 - Lv1 fetching & sorting done. Time elapsed: 0.1259'
2026-08-30 08:40:13 - b'INFO  sorting/base_engine.cpp       :  185 - Lv1 scanning from bucket 16161 to 25296'
2026-08-30 08:40:13 - b'INFO  sorting/base_engine.cpp       :  192 - Lv1 scanning done. Large diff: 0. Time elapsed: 0.0569'
2026-08-30 08:40:13 - b'INFO  sorting/base_engine.cpp       :  198 - Lv1 fetching & sorting done. Time elapsed: 0.1357'
2026-08-30 08:40:13 - b'INFO  sorting/base_engine.cpp       :  185 - Lv1 scanning from bucket 25296 to 41924'
2026-08-30 08:40:13 - b'INFO  sorting/base_engine.cpp       :  192 - Lv1 scanning done. Large diff: 0. Time elapsed: 0.0540'
2026-08-30 08:40:13 - b'INFO  sorting/base_engine.cpp       :  198 - Lv1 fetching & sorting done. Time elapsed: 0.1400'
2026-08-30 08:40:13 - b'INFO  sorting/base_engine.cpp       :  185 - Lv1 scanning from bucket 41924 to 65536'
2026-08-30 08:40:13 - b'INFO  sorting/base_engine.cpp       :  192 - Lv1 scanning done. Large diff: 0. Time elapsed: 0.0557'
2026-08-30 08:40:14 - b'INFO  sorting/base_engine.cpp       :  198 - Lv1 fetching & sorting done. Time elapsed: 0.0643'
2026-08-30 08:40:14 - b'INFO  sorting/base_engine.cpp       :  204 - Main loop done. Time elapsed: 1.4030'
2026-08-30 08:40:14 - b'INFO  sorting/base_engine.cpp       :  207 - Postprocessing...'
2026-08-30 08:40:14 - b'INFO  sorting/seq_to_sdbg.cpp       :  793 - Number of $ A C G T A- C- G- T-:'
2026-08-30 08:40:14 - b'INFO  sorting/seq_to_sdbg.cpp       :  794 - 255064 4191042 2025481 2030290 4206483 11032 5045 5005 10559'
2026-08-30 08:40:14 - b'INFO  sorting/seq_to_sdbg.cpp       :  800 - Total number of edges: 12740001'
2026-08-30 08:40:14 - b'INFO  sorting/seq_to_sdbg.cpp       :  801 - Total number of ONEs: 12453296'
2026-08-30 08:40:14 - b'INFO  sorting/seq_to_sdbg.cpp       :  802 - Total number of $v edges: 255064'
2026-08-30 08:40:14 - b'INFO  sorting/base_engine.cpp       :  210 - Postprocess done. Time elapsed: 0.0274'
2026-08-30 08:40:14 - b'INFO  utils/utils.h                 :  152 - Real: 1.5389\tuser: 2.9682\tsys: 0.0654\tmaxrss: 51596'
2026-08-30 08:40:14 - Assemble contigs from SdBG for k = 29
2026-08-30 08:40:14 - command /home/divya/miniconda3/envs/assembly_env/bin/megahit_core assemble -s /home/divya/wgs/results/megahit_assembly/DRR187559/tmp/k29/29 -o /home/divya/wgs/results/megahit_assembly/DRR187559/intermediate_contigs/k29 -t 2 --min_standalone 300 --prune_level 2 --merge_len 20 --merge_similar 0.95 --cleaning_rounds 5 --disconnect_ratio 0.1 --low_local_ratio 0.2 --cleaning_rounds 5 --min_depth 2 --bubble_level 2 --max_tip_len -1 --careful_bubble
2026-08-30 08:40:14 - b'INFO  main_assemble.cpp             :  129 - Loading succinct de Bruijn graph: /home/divya/wgs/results/megahit_assembly/DRR187559/tmp/k29/29Done. Time elapsed: 0.151216'
2026-08-30 08:40:14 - b'INFO  main_assemble.cpp             :  133 - Number of Edges: 12740001; K value: 29'
2026-08-30 08:40:14 - b'INFO  main_assemble.cpp             :  140 - Number of CPU threads: 2'
2026-08-30 08:40:14 - b'INFO  assembly/sdbg_pruning.cpp     :  160 - Removing tips with length less than 2; Accumulated tips removed: 5794; time elapsed: 0.1496'
2026-08-30 08:40:15 - b'INFO  assembly/sdbg_pruning.cpp     :  160 - Removing tips with length less than 4; Accumulated tips removed: 16556; time elapsed: 0.2029'
2026-08-30 08:40:15 - b'INFO  assembly/sdbg_pruning.cpp     :  160 - Removing tips with length less than 8; Accumulated tips removed: 36182; time elapsed: 0.3981'
2026-08-30 08:40:16 - b'INFO  assembly/sdbg_pruning.cpp     :  160 - Removing tips with length less than 16; Accumulated tips removed: 108664; time elapsed: 0.7886'
2026-08-30 08:40:17 - b'INFO  assembly/sdbg_pruning.cpp     :  160 - Removing tips with length less than 32; Accumulated tips removed: 220018; time elapsed: 1.0205'
2026-08-30 08:40:17 - b'INFO  assembly/sdbg_pruning.cpp     :  169 - Removing tips with length less than 58; Accumulated tips removed: 280616; time elapsed: 0.4512'
2026-08-30 08:40:17 - b'INFO  main_assemble.cpp             :  158 - Tips removal done! Time elapsed(sec): 3.629'
2026-08-30 08:40:19 - b'INFO  assembly/unitig_graph.cpp     :   83 - Graph size without loops: 7204, palindrome: 3'
2026-08-30 08:40:19 - b'INFO  main_assemble.cpp             :  166 - unitig graph size: 7204, time for building: 1.399'
2026-08-30 08:40:19 - b'INFO  assembly/contig_stat.h        :   40 - Max: 95249, Min: 30, N50: 18924, number contigs: 7204, number isolated: 2949, number looped: 0, total size: 3319768,'
2026-08-30 08:40:19 - b'INFO  main_assemble.cpp             :  184 - Graph cleaning round 1'
2026-08-30 08:40:19 - b'INFO  main_assemble.cpp             :  200 - Number of bubbles removed: 145, Time elapsed(sec): 0.010'
2026-08-30 08:40:19 - b'INFO  main_assemble.cpp             :  210 - Number of complex bubbles removed: 40, Time elapsed(sec): 0.004882'
2026-08-30 08:40:19 - b'INFO  main_assemble.cpp             :  221 - Number unitigs disconnected: 1859, time: 0.002'
2026-08-30 08:40:19 - b'INFO  main_assemble.cpp             :  245 - Unitigs removed in excessive pruning: 111, time: 0.001'
2026-08-30 08:40:19 - b'INFO  main_assemble.cpp             :  184 - Graph cleaning round 2'
2026-08-30 08:40:19 - b'INFO  main_assemble.cpp             :  192 - Tips removed: 1430, time: 0.007'
2026-08-30 08:40:19 - b'INFO  main_assemble.cpp             :  200 - Number of bubbles removed: 0, Time elapsed(sec): 0.002'
2026-08-30 08:40:19 - b'INFO  main_assemble.cpp             :  210 - Number of complex bubbles removed: 1, Time elapsed(sec): 0.003172'
2026-08-30 08:40:19 - b'INFO  main_assemble.cpp             :  221 - Number unitigs disconnected: 19, time: 0.001'
2026-08-30 08:40:19 - b'INFO  main_assemble.cpp             :  245 - Unitigs removed in excessive pruning: 8, time: 0.001'
2026-08-30 08:40:19 - b'INFO  main_assemble.cpp             :  184 - Graph cleaning round 3'
2026-08-30 08:40:19 - b'INFO  main_assemble.cpp             :  192 - Tips removed: 5, time: 0.003'
2026-08-30 08:40:19 - b'INFO  main_assemble.cpp             :  200 - Number of bubbles removed: 0, Time elapsed(sec): 0.001'
2026-08-30 08:40:19 - b'INFO  main_assemble.cpp             :  210 - Number of complex bubbles removed: 0, Time elapsed(sec): 0.002317'
2026-08-30 08:40:19 - b'INFO  main_assemble.cpp             :  221 - Number unitigs disconnected: 1, time: 0.001'
2026-08-30 08:40:19 - b'INFO  main_assemble.cpp             :  245 - Unitigs removed in excessive pruning: 1, time: 0.001'
2026-08-30 08:40:19 - b'INFO  main_assemble.cpp             :  184 - Graph cleaning round 4'
2026-08-30 08:40:19 - b'INFO  main_assemble.cpp             :  192 - Tips removed: 0, time: 0.003'
2026-08-30 08:40:19 - b'INFO  main_assemble.cpp             :  200 - Number of bubbles removed: 0, Time elapsed(sec): 0.001'
2026-08-30 08:40:19 - b'INFO  main_assemble.cpp             :  210 - Number of complex bubbles removed: 0, Time elapsed(sec): 0.002215'
2026-08-30 08:40:19 - b'INFO  main_assemble.cpp             :  221 - Number unitigs disconnected: 0, time: 0.001'
2026-08-30 08:40:19 - b'INFO  main_assemble.cpp             :  245 - Unitigs removed in excessive pruning: 0, time: 0.000'
2026-08-30 08:40:19 - b'INFO  assembly/contig_stat.h        :   40 - Max: 95648, Min: 30, N50: 28388, number contigs: 4231, number isolated: 2963, number looped: 1, total size: 3214493,'
2026-08-30 08:40:19 - b'INFO  main_assemble.cpp             :  267 - Time to output: 0.423533'
2026-08-30 08:40:19 - b'INFO  main_assemble.cpp             :  286 - Number of local low depth unitigs removed: 50, complex bubbles removed: 1, time: 0.030317'
2026-08-30 08:40:19 - b'INFO  assembly/contig_stat.h        :   40 - Max: 95648, Min: 30, N50: 28949, number contigs: 4121, number isolated: 2994, number looped: 1, total size: 3210134,'
2026-08-30 08:40:23 - b'INFO  utils/utils.h                 :  152 - Real: 9.0179\tuser: 13.0906\tsys: 0.0350\tmaxrss: 46888'
2026-08-30 08:40:23 - Local assembly for k = 29
2026-08-30 08:40:23 - command /home/divya/miniconda3/envs/assembly_env/bin/megahit_core local -c /home/divya/wgs/results/megahit_assembly/DRR187559/intermediate_contigs/k29.contigs.fa -l /home/divya/wgs/results/megahit_assembly/DRR187559/tmp/reads.lib -t 2 -o /home/divya/wgs/results/megahit_assembly/DRR187559/intermediate_contigs/k29.local.fa --kmax 39
2026-08-30 08:40:23 - b'INFO  localasm/hash_mapper.cpp      :   99 - Number of contigs: 282, index size: 356870'
2026-08-30 08:40:23 - b'INFO  localasm/local_assemble.cpp   :  315 - Hash mapper construction time elapsed: 0.041702'
2026-08-30 08:40:23 - b'INFO  sequence/io/sequence_lib.cpp  :  115 - Before reading, sizeof seq_package: 107589292'
2026-08-30 08:40:23 - b'INFO  sequence/io/sequence_lib.cpp  :  117 - After reading, sizeof seq_package: 107589292'
2026-08-30 08:40:23 - b'INFO  localasm/local_assemble.cpp   :  324 - Read lib time elapsed: 0.168112'
2026-08-30 08:40:27 - b'INFO  localasm/local_assemble.cpp   :  133 - Lib 0, insert size: 0.00 sd: -nan'
2026-08-30 08:40:27 - b'INFO  localasm/local_assemble.cpp   :  330 - Insert size estimation time elapsed: 3.811717'
2026-08-30 08:40:31 - b'INFO  localasm/local_assemble.cpp   :  218 - Lib 0: total 1807128 reads, aligned 1773998, added 27074 reads to local assembly'
2026-08-30 08:40:31 - b'INFO  localasm/local_assemble.cpp   :  338 - Mapping time elapsed: 3.958751'
2026-08-30 08:40:31 - b'INFO  localasm/local_assemble.cpp   :  232 - Minimum number of reads to do local assembly: 0'
2026-08-30 08:40:32 - b'INFO  localasm/local_assemble.cpp   :  346 - Local assembly time elapsed: 1.674737'
2026-08-30 08:40:32 - b'INFO  utils/utils.h                 :  152 - Real: 9.6591\tuser: 20.3572\tsys: 0.1178\tmaxrss: 121660'
2026-08-30 08:40:32 - Extract iterative edges from k = 29 to 39 
2026-08-30 08:40:32 - command /home/divya/miniconda3/envs/assembly_env/bin/megahit_core iterate -c /home/divya/wgs/results/megahit_assembly/DRR187559/intermediate_contigs/k29.contigs.fa -b /home/divya/wgs/results/megahit_assembly/DRR187559/intermediate_contigs/k29.bubble_seq.fa -t 2 -k 29 -s 10 -o /home/divya/wgs/results/megahit_assembly/DRR187559/tmp/k39/39 -r /home/divya/wgs/results/megahit_assembly/DRR187559/tmp/reads.lib.bin
2026-08-30 08:40:32 - b'INFO  main_iterate.cpp              :  190 - Selected kmer type size for k: 8'
2026-08-30 08:40:32 - b'INFO  main_iterate.cpp              :  174 - Read 1268 contigs'
2026-08-30 08:40:32 - b'INFO  main_iterate.cpp              :  176 - Number of flank kmers: 2524'
2026-08-30 08:40:32 - b'INFO  main_iterate.cpp              :  174 - Read 210 contigs'
2026-08-30 08:40:32 - b'INFO  main_iterate.cpp              :  176 - Number of flank kmers: 2823'
2026-08-30 08:40:32 - b'INFO  main_iterate.cpp              :  123 - Selected kmer type size for next k: 12'
2026-08-30 08:40:39 - b'INFO  main_iterate.cpp              :  138 - Processed: 1807128, aligned: 57194. Iterative edges: 11022'
2026-08-30 08:40:39 - b'INFO  main_iterate.cpp              :  142 - Total: 1807128, aligned: 57194. Iterative edges: 11022'
2026-08-30 08:40:39 - b'INFO  utils/utils.h                 :  152 - Real: 6.8486\tuser: 7.3380\tsys: 0.1267\tmaxrss: 162632'
2026-08-30 08:40:39 - Build graph for k = 39 
2026-08-30 08:40:39 - command /home/divya/miniconda3/envs/assembly_env/bin/megahit_core seq2sdbg --host_mem 4642865971 --mem_flag 1 --output_prefix /home/divya/wgs/results/megahit_assembly/DRR187559/tmp/k39/39 --num_cpu_threads 2 -k 39 --kmer_from 29 --input_prefix /home/divya/wgs/results/megahit_assembly/DRR187559/tmp/k39/39 --addi_contig /home/divya/wgs/results/megahit_assembly/DRR187559/intermediate_contigs/k29.addi.fa --local_contig /home/divya/wgs/results/megahit_assembly/DRR187559/intermediate_contigs/k29.local.fa --contig /home/divya/wgs/results/megahit_assembly/DRR187559/intermediate_contigs/k29.contigs.fa --bubble /home/divya/wgs/results/megahit_assembly/DRR187559/intermediate_contigs/k29.bubble_seq.fa
2026-08-30 08:40:39 - b'INFO  sorting/base_engine.cpp       :  148 - Preparing data...'
2026-08-30 08:40:39 - b'INFO  sorting/seq_to_sdbg.cpp       :  369 - Number edges: 11022'
2026-08-30 08:40:39 - b'INFO  sorting/seq_to_sdbg.cpp       :  413 - Bases to reserve: 755624, number contigs: 5013, number multiplicity: 16035'
2026-08-30 08:40:39 - b'INFO  sorting/seq_to_sdbg.cpp       :  421 - Before reading, sizeof seq_package: 229020, multiplicity vector: 16035'
2026-08-30 08:40:39 - b'INFO  sorting/seq_to_sdbg.cpp       :  428 - Read 11022 edges.'
2026-08-30 08:40:39 - b'INFO  sorting/seq_to_sdbg.cpp       :  429 - After reading, sizeof seq_package: 229020/11022/440880, multiplicity vector: 11022/16035'
2026-08-30 08:40:39 - b'INFO  sorting/seq_to_sdbg.cpp       :  458 - Read 4054 contigs from /home/divya/wgs/results/megahit_assembly/DRR187559/intermediate_contigs/k29.contigs.fa.'
2026-08-30 08:40:39 - b'INFO  sorting/seq_to_sdbg.cpp       :  459 - After reading contigs, sizeof seq_package: 1551376/15076/3648985, multiplicity vector: 15076/16035'
2026-08-30 08:40:39 - b'INFO  sorting/seq_to_sdbg.cpp       :  470 - Read 162 contigs from /home/divya/wgs/results/megahit_assembly/DRR187559/intermediate_contigs/k29.bubble_seq.fa.'
2026-08-30 08:40:39 - b'INFO  sorting/seq_to_sdbg.cpp       :  471 - After reading contigs, sizeof seq_package: 1551376/15238/3678873, multiplicity vector: 15238/16035'
2026-08-30 08:40:39 - b'INFO  sorting/seq_to_sdbg.cpp       :  484 - Read 51 contigs from /home/divya/wgs/results/megahit_assembly/DRR187559/intermediate_contigs/k29.addi.fa.'
2026-08-30 08:40:39 - b'INFO  sorting/seq_to_sdbg.cpp       :  485 - After reading contigs, sizeof seq_package: 1551376/15289/3764513, multiplicity vector: 15289/16035'
2026-08-30 08:40:39 - b'INFO  sorting/seq_to_sdbg.cpp       :  498 - Read 521 contigs from /home/divya/wgs/results/megahit_assembly/DRR187559/intermediate_contigs/k29.local.fa.'
2026-08-30 08:40:39 - b'INFO  sorting/seq_to_sdbg.cpp       :  499 - After reading contigs, sizeof seq_package: 1551376/15810/3953481, multiplicity vector: 15810/16035'
2026-08-30 08:40:39 - b'INFO  sorting/seq_to_sdbg.cpp       :  506 - Finally, sizeof seq_package: 1551376/15810/3953481, multiplicity vector: 15810/16035'
2026-08-30 08:40:39 - b'INFO  sorting/base_engine.cpp       :  153 - Preparing data... Done. Time elapsed: 0.0100'
2026-08-30 08:40:39 - b'INFO  sorting/base_engine.cpp       :  156 - Preparing partitions and calculating bucket sizes...'
2026-08-30 08:40:39 - b'INFO  sorting/base_engine.cpp       :   80 - Minimum memory required: 1858850 bytes'
2026-08-30 08:40:39 - b'INFO  sorting/base_engine.cpp       :  138 - Lv1 items: 898269, Lv2 items: 2071'
2026-08-30 08:40:39 - b'INFO  sorting/base_engine.cpp       :  139 - Memory of derived class: 1614358, Memory for Lv1+Lv2: 3626212'
2026-08-30 08:40:39 - b'INFO  sorting/base_engine.cpp       :  165 - Preparing partitions and calculating bucket sizes... Done. Time elapsed: 0.0297'
2026-08-30 08:40:39 - b'INFO  sorting/base_engine.cpp       :  172 - Start main loop...'
2026-08-30 08:40:39 - b'INFO  sorting/base_engine.cpp       :  185 - Lv1 scanning from bucket 0 to 1063'
2026-08-30 08:40:39 - b'INFO  sorting/base_engine.cpp       :  192 - Lv1 scanning done. Large diff: 0. Time elapsed: 0.0223'
2026-08-30 08:40:39 - b'INFO  sorting/base_engine.cpp       :  198 - Lv1 fetching & sorting done. Time elapsed: 0.0568'
2026-08-30 08:40:39 - b'INFO  sorting/base_engine.cpp       :  185 - Lv1 scanning from bucket 1063 to 3033'
2026-08-30 08:40:39 - b'INFO  sorting/base_engine.cpp       :  192 - Lv1 scanning done. Large diff: 0. Time elapsed: 0.0288'
2026-08-30 08:40:39 - b'INFO  sorting/base_engine.cpp       :  198 - Lv1 fetching & sorting done. Time elapsed: 0.0443'
2026-08-30 08:40:39 - b'INFO  sorting/base_engine.cpp       :  185 - Lv1 scanning from bucket 3033 to 5996'
2026-08-30 08:40:39 - b'INFO  sorting/base_engine.cpp       :  192 - Lv1 scanning done. Large diff: 0. Time elapsed: 0.0199'
2026-08-30 08:40:39 - b'INFO  sorting/base_engine.cpp       :  198 - Lv1 fetching & sorting done. Time elapsed: 0.0422'
2026-08-30 08:40:39 - b'INFO  sorting/base_engine.cpp       :  185 - Lv1 scanning from bucket 5996 to 10200'
2026-08-30 08:40:39 - b'INFO  sorting/base_engine.cpp       :  192 - Lv1 scanning done. Large diff: 0. Time elapsed: 0.0296'
2026-08-30 08:40:39 - b'INFO  sorting/base_engine.cpp       :  198 - Lv1 fetching & sorting done. Time elapsed: 0.0331'
2026-08-30 08:40:39 - b'INFO  sorting/base_engine.cpp       :  185 - Lv1 scanning from bucket 10200 to 16182'
2026-08-30 08:40:39 - b'INFO  sorting/base_engine.cpp       :  192 - Lv1 scanning done. Large diff: 0. Time elapsed: 0.0270'
2026-08-30 08:40:40 - b'INFO  sorting/base_engine.cpp       :  198 - Lv1 fetching & sorting done. Time elapsed: 0.0379'
2026-08-30 08:40:40 - b'INFO  sorting/base_engine.cpp       :  185 - Lv1 scanning from bucket 16182 to 25234'
2026-08-30 08:40:40 - b'INFO  sorting/base_engine.cpp       :  192 - Lv1 scanning done. Large diff: 0. Time elapsed: 0.0280'
2026-08-30 08:40:40 - b'INFO  sorting/base_engine.cpp       :  198 - Lv1 fetching & sorting done. Time elapsed: 0.0357'
2026-08-30 08:40:40 - b'INFO  sorting/base_engine.cpp       :  185 - Lv1 scanning from bucket 25234 to 41867'
2026-08-30 08:40:40 - b'INFO  sorting/base_engine.cpp       :  192 - Lv1 scanning done. Large diff: 0. Time elapsed: 0.0251'
2026-08-30 08:40:40 - b'INFO  sorting/base_engine.cpp       :  198 - Lv1 fetching & sorting done. Time elapsed: 0.0409'
2026-08-30 08:40:40 - b'INFO  sorting/base_engine.cpp       :  185 - Lv1 scanning from bucket 41867 to 65536'
2026-08-30 08:40:40 - b'INFO  sorting/base_engine.cpp       :  192 - Lv1 scanning done. Large diff: 0. Time elapsed: 0.0183'
2026-08-30 08:40:40 - b'INFO  sorting/base_engine.cpp       :  198 - Lv1 fetching & sorting done. Time elapsed: 0.0151'
2026-08-30 08:40:40 - b'INFO  sorting/base_engine.cpp       :  204 - Main loop done. Time elapsed: 0.5057'
2026-08-30 08:40:40 - b'INFO  sorting/base_engine.cpp       :  207 - Postprocessing...'
2026-08-30 08:40:40 - b'INFO  sorting/seq_to_sdbg.cpp       :  793 - Number of $ A C G T A- C- G- T-:'
2026-08-30 08:40:40 - b'INFO  sorting/seq_to_sdbg.cpp       :  794 - 6688 2067298 1005796 1005255 2067487 299 120 108 251'
2026-08-30 08:40:40 - b'INFO  sorting/seq_to_sdbg.cpp       :  800 - Total number of edges: 6153302'
2026-08-30 08:40:40 - b'INFO  sorting/seq_to_sdbg.cpp       :  801 - Total number of ONEs: 6145836'
2026-08-30 08:40:40 - b'INFO  sorting/seq_to_sdbg.cpp       :  802 - Total number of $v edges: 6688'
2026-08-30 08:40:40 - b'INFO  sorting/base_engine.cpp       :  210 - Postprocess done. Time elapsed: 0.0262'
2026-08-30 08:40:40 - b'INFO  utils/utils.h                 :  152 - Real: 0.5734\tuser: 1.0747\tsys: 0.0481\tmaxrss: 33424'
2026-08-30 08:40:40 - Assemble contigs from SdBG for k = 39
2026-08-30 08:40:40 - command /home/divya/miniconda3/envs/assembly_env/bin/megahit_core assemble -s /home/divya/wgs/results/megahit_assembly/DRR187559/tmp/k39/39 -o /home/divya/wgs/results/megahit_assembly/DRR187559/intermediate_contigs/k39 -t 2 --min_standalone 300 --prune_level 2 --merge_len 20 --merge_similar 0.95 --cleaning_rounds 5 --disconnect_ratio 0.1 --low_local_ratio 0.2 --cleaning_rounds 5 --min_depth 2 --bubble_level 2 --max_tip_len -1 --careful_bubble
2026-08-30 08:40:40 - b'INFO  main_assemble.cpp             :  129 - Loading succinct de Bruijn graph: /home/divya/wgs/results/megahit_assembly/DRR187559/tmp/k39/39Done. Time elapsed: 0.087189'
2026-08-30 08:40:40 - b'INFO  main_assemble.cpp             :  133 - Number of Edges: 6153302; K value: 39'
2026-08-30 08:40:40 - b'INFO  main_assemble.cpp             :  140 - Number of CPU threads: 2'
2026-08-30 08:40:40 - b'INFO  assembly/sdbg_pruning.cpp     :  160 - Removing tips with length less than 2; Accumulated tips removed: 40; time elapsed: 0.0083'
2026-08-30 08:40:40 - b'INFO  assembly/sdbg_pruning.cpp     :  160 - Removing tips with length less than 4; Accumulated tips removed: 84; time elapsed: 0.0107'
2026-08-30 08:40:40 - b'INFO  assembly/sdbg_pruning.cpp     :  160 - Removing tips with length less than 8; Accumulated tips removed: 104; time elapsed: 0.0158'
2026-08-30 08:40:40 - b'INFO  assembly/sdbg_pruning.cpp     :  160 - Removing tips with length less than 16; Accumulated tips removed: 304; time elapsed: 0.0277'
2026-08-30 08:40:40 - b'INFO  assembly/sdbg_pruning.cpp     :  160 - Removing tips with length less than 32; Accumulated tips removed: 614; time elapsed: 0.0389'
2026-08-30 08:40:40 - b'INFO  assembly/sdbg_pruning.cpp     :  160 - Removing tips with length less than 64; Accumulated tips removed: 5324; time elapsed: 0.0498'
2026-08-30 08:40:40 - b'INFO  assembly/sdbg_pruning.cpp     :  169 - Removing tips with length less than 78; Accumulated tips removed: 6366; time elapsed: 0.0234'
2026-08-30 08:40:40 - b'INFO  main_assemble.cpp             :  158 - Tips removal done! Time elapsed(sec): 0.453'
2026-08-30 08:40:41 - b'INFO  assembly/unitig_graph.cpp     :   83 - Graph size without loops: 1161, palindrome: 0'
2026-08-30 08:40:41 - b'INFO  main_assemble.cpp             :  166 - unitig graph size: 1162, time for building: 1.044'
2026-08-30 08:40:41 - b'INFO  assembly/contig_stat.h        :   40 - Max: 114240, Min: 40, N50: 34592, number contigs: 1162, number isolated: 198, number looped: 1, total size: 2951690,'
2026-08-30 08:40:41 - b'INFO  main_assemble.cpp             :  184 - Graph cleaning round 1'
2026-08-30 08:40:41 - b'INFO  main_assemble.cpp             :  200 - Number of bubbles removed: 46, Time elapsed(sec): 0.001'
2026-08-30 08:40:41 - b'INFO  main_assemble.cpp             :  210 - Number of complex bubbles removed: 21, Time elapsed(sec): 0.003379'
2026-08-30 08:40:41 - b'INFO  main_assemble.cpp             :  221 - Number unitigs disconnected: 185, time: 0.000'
2026-08-30 08:40:41 - b'INFO  main_assemble.cpp             :  245 - Unitigs removed in excessive pruning: 36, time: 0.000'
2026-08-30 08:40:41 - b'INFO  main_assemble.cpp             :  184 - Graph cleaning round 2'
2026-08-30 08:40:41 - b'INFO  main_assemble.cpp             :  192 - Tips removed: 56, time: 0.001'
2026-08-30 08:40:41 - b'INFO  main_assemble.cpp             :  200 - Number of bubbles removed: 0, Time elapsed(sec): 0.000'
2026-08-30 08:40:41 - b'INFO  main_assemble.cpp             :  210 - Number of complex bubbles removed: 4, Time elapsed(sec): 0.001006'
2026-08-30 08:40:41 - b'INFO  main_assemble.cpp             :  221 - Number unitigs disconnected: 4, time: 0.000'
2026-08-30 08:40:41 - b'INFO  main_assemble.cpp             :  245 - Unitigs removed in excessive pruning: 0, time: 0.000'
2026-08-30 08:40:41 - b'INFO  main_assemble.cpp             :  184 - Graph cleaning round 3'
2026-08-30 08:40:41 - b'INFO  main_assemble.cpp             :  192 - Tips removed: 0, time: 0.000'
2026-08-30 08:40:41 - b'INFO  main_assemble.cpp             :  200 - Number of bubbles removed: 0, Time elapsed(sec): 0.000'
2026-08-30 08:40:41 - b'INFO  main_assemble.cpp             :  210 - Number of complex bubbles removed: 0, Time elapsed(sec): 0.000634'
2026-08-30 08:40:41 - b'INFO  main_assemble.cpp             :  221 - Number unitigs disconnected: 2, time: 0.000'
2026-08-30 08:40:41 - b'INFO  main_assemble.cpp             :  245 - Unitigs removed in excessive pruning: 0, time: 0.000'
2026-08-30 08:40:41 - b'INFO  main_assemble.cpp             :  184 - Graph cleaning round 4'
2026-08-30 08:40:41 - b'INFO  main_assemble.cpp             :  192 - Tips removed: 2, time: 0.000'
2026-08-30 08:40:41 - b'INFO  main_assemble.cpp             :  200 - Number of bubbles removed: 0, Time elapsed(sec): 0.000'
2026-08-30 08:40:41 - b'INFO  main_assemble.cpp             :  210 - Number of complex bubbles removed: 0, Time elapsed(sec): 0.000598'
2026-08-30 08:40:41 - b'INFO  main_assemble.cpp             :  221 - Number unitigs disconnected: 0, time: 0.000'
2026-08-30 08:40:41 - b'INFO  main_assemble.cpp             :  245 - Unitigs removed in excessive pruning: 0, time: 0.000'
2026-08-30 08:40:41 - b'INFO  main_assemble.cpp             :  184 - Graph cleaning round 5'
2026-08-30 08:40:41 - b'INFO  main_assemble.cpp             :  192 - Tips removed: 0, time: 0.000'
2026-08-30 08:40:41 - b'INFO  main_assemble.cpp             :  200 - Number of bubbles removed: 0, Time elapsed(sec): 0.000'
2026-08-30 08:40:41 - b'INFO  main_assemble.cpp             :  210 - Number of complex bubbles removed: 0, Time elapsed(sec): 0.000607'
2026-08-30 08:40:41 - b'INFO  main_assemble.cpp             :  221 - Number unitigs disconnected: 0, time: 0.000'
2026-08-30 08:40:41 - b'INFO  main_assemble.cpp             :  245 - Unitigs removed in excessive pruning: 0, time: 0.000'
2026-08-30 08:40:41 - b'INFO  assembly/contig_stat.h        :   40 - Max: 124884, Min: 40, N50: 34880, number contigs: 660, number isolated: 216, number looped: 1, total size: 2927165,'
2026-08-30 08:40:42 - b'INFO  main_assemble.cpp             :  267 - Time to output: 0.299214'
2026-08-30 08:40:42 - b'INFO  main_assemble.cpp             :  286 - Number of local low depth unitigs removed: 13, complex bubbles removed: 0, time: 0.003262'
2026-08-30 08:40:42 - b'INFO  assembly/contig_stat.h        :   40 - Max: 124884, Min: 40, N50: 34880, number contigs: 631, number isolated: 216, number looped: 1, total size: 2925387,'
2026-08-30 08:40:42 - b'INFO  utils/utils.h                 :  152 - Real: 2.2089\tuser: 4.5621\tsys: 0.0436\tmaxrss: 30884'
2026-08-30 08:40:42 - Local assembly for k = 39
2026-08-30 08:40:42 - command /home/divya/miniconda3/envs/assembly_env/bin/megahit_core local -c /home/divya/wgs/results/megahit_assembly/DRR187559/intermediate_contigs/k39.contigs.fa -l /home/divya/wgs/results/megahit_assembly/DRR187559/tmp/reads.lib -t 2 -o /home/divya/wgs/results/megahit_assembly/DRR187559/intermediate_contigs/k39.local.fa --kmax 59
2026-08-30 08:40:42 - b'INFO  localasm/hash_mapper.cpp      :   99 - Number of contigs: 238, index size: 359059'
2026-08-30 08:40:42 - b'INFO  localasm/local_assemble.cpp   :  315 - Hash mapper construction time elapsed: 0.059564'
2026-08-30 08:40:42 - b'INFO  sequence/io/sequence_lib.cpp  :  115 - Before reading, sizeof seq_package: 107589292'
2026-08-30 08:40:42 - b'INFO  sequence/io/sequence_lib.cpp  :  117 - After reading, sizeof seq_package: 107589292'
2026-08-30 08:40:42 - b'INFO  localasm/local_assemble.cpp   :  324 - Read lib time elapsed: 0.207389'
2026-08-30 08:40:46 - b'INFO  localasm/local_assemble.cpp   :  133 - Lib 0, insert size: 0.00 sd: -nan'
2026-08-30 08:40:46 - b'INFO  localasm/local_assemble.cpp   :  330 - Insert size estimation time elapsed: 3.803875'
2026-08-30 08:40:50 - b'INFO  localasm/local_assemble.cpp   :  218 - Lib 0: total 1807128 reads, aligned 1784924, added 21518 reads to local assembly'
2026-08-30 08:40:50 - b'INFO  localasm/local_assemble.cpp   :  338 - Mapping time elapsed: 3.892521'
2026-08-30 08:40:50 - b'INFO  localasm/local_assemble.cpp   :  232 - Minimum number of reads to do local assembly: 0'
2026-08-30 08:40:52 - b'INFO  localasm/local_assemble.cpp   :  346 - Local assembly time elapsed: 2.519373'
2026-08-30 08:40:52 - b'INFO  utils/utils.h                 :  152 - Real: 10.4873\tuser: 22.1529\tsys: 0.1527\tmaxrss: 121708'
2026-08-30 08:40:52 - Extract iterative edges from k = 39 to 59 
2026-08-30 08:40:52 - command /home/divya/miniconda3/envs/assembly_env/bin/megahit_core iterate -c /home/divya/wgs/results/megahit_assembly/DRR187559/intermediate_contigs/k39.contigs.fa -b /home/divya/wgs/results/megahit_assembly/DRR187559/intermediate_contigs/k39.bubble_seq.fa -t 2 -k 39 -s 20 -o /home/divya/wgs/results/megahit_assembly/DRR187559/tmp/k59/59 -r /home/divya/wgs/results/megahit_assembly/DRR187559/tmp/reads.lib.bin
2026-08-30 08:40:52 - b'INFO  main_iterate.cpp              :  190 - Selected kmer type size for k: 12'
2026-08-30 08:40:52 - b'INFO  main_iterate.cpp              :  174 - Read 444 contigs'
2026-08-30 08:40:52 - b'INFO  main_iterate.cpp              :  176 - Number of flank kmers: 883'
2026-08-30 08:40:52 - b'INFO  main_iterate.cpp              :  174 - Read 45 contigs'
2026-08-30 08:40:52 - b'INFO  main_iterate.cpp              :  176 - Number of flank kmers: 947'
2026-08-30 08:40:52 - b'INFO  main_iterate.cpp              :  123 - Selected kmer type size for next k: 16'
2026-08-30 08:41:02 - b'INFO  main_iterate.cpp              :  138 - Processed: 1807128, aligned: 32754. Iterative edges: 8824'
2026-08-30 08:41:02 - b'INFO  main_iterate.cpp              :  142 - Total: 1807128, aligned: 32754. Iterative edges: 8824'
2026-08-30 08:41:02 - b'INFO  utils/utils.h                 :  152 - Real: 9.9593\tuser: 7.6204\tsys: 0.1570\tmaxrss: 162660'
2026-08-30 08:41:02 - Build graph for k = 59 
2026-08-30 08:41:02 - command /home/divya/miniconda3/envs/assembly_env/bin/megahit_core seq2sdbg --host_mem 4642865971 --mem_flag 1 --output_prefix /home/divya/wgs/results/megahit_assembly/DRR187559/tmp/k59/59 --num_cpu_threads 2 -k 59 --kmer_from 39 --input_prefix /home/divya/wgs/results/megahit_assembly/DRR187559/tmp/k59/59 --addi_contig /home/divya/wgs/results/megahit_assembly/DRR187559/intermediate_contigs/k39.addi.fa --local_contig /home/divya/wgs/results/megahit_assembly/DRR187559/intermediate_contigs/k39.local.fa --contig /home/divya/wgs/results/megahit_assembly/DRR187559/intermediate_contigs/k39.contigs.fa --bubble /home/divya/wgs/results/megahit_assembly/DRR187559/intermediate_contigs/k39.bubble_seq.fa
2026-08-30 08:41:02 - b'INFO  sorting/base_engine.cpp       :  148 - Preparing data...'
2026-08-30 08:41:02 - b'INFO  sorting/seq_to_sdbg.cpp       :  369 - Number edges: 8824'
2026-08-30 08:41:02 - b'INFO  sorting/seq_to_sdbg.cpp       :  413 - Bases to reserve: 732677, number contigs: 1241, number multiplicity: 10065'
2026-08-30 08:41:02 - b'INFO  sorting/seq_to_sdbg.cpp       :  421 - Before reading, sizeof seq_package: 193108, multiplicity vector: 10065'
2026-08-30 08:41:02 - b'INFO  sorting/seq_to_sdbg.cpp       :  428 - Read 8824 edges.'
2026-08-30 08:41:02 - b'INFO  sorting/seq_to_sdbg.cpp       :  429 - After reading, sizeof seq_package: 193108/8824/529440, multiplicity vector: 8824/10065'
2026-08-30 08:41:02 - b'INFO  sorting/seq_to_sdbg.cpp       :  458 - Read 589 contigs from /home/divya/wgs/results/megahit_assembly/DRR187559/intermediate_contigs/k39.contigs.fa.'
2026-08-30 08:41:02 - b'INFO  sorting/seq_to_sdbg.cpp       :  459 - After reading contigs, sizeof seq_package: 1475312/9413/3453266, multiplicity vector: 9413/10065'
2026-08-30 08:41:02 - b'INFO  sorting/seq_to_sdbg.cpp       :  470 - Read 33 contigs from /home/divya/wgs/results/megahit_assembly/DRR187559/intermediate_contigs/k39.bubble_seq.fa.'
2026-08-30 08:41:02 - b'INFO  sorting/seq_to_sdbg.cpp       :  471 - After reading contigs, sizeof seq_package: 1475312/9446/3458529, multiplicity vector: 9446/10065'
2026-08-30 08:41:02 - b'INFO  sorting/seq_to_sdbg.cpp       :  484 - Read 12 contigs from /home/divya/wgs/results/megahit_assembly/DRR187559/intermediate_contigs/k39.addi.fa.'
2026-08-30 08:41:02 - b'INFO  sorting/seq_to_sdbg.cpp       :  485 - After reading contigs, sizeof seq_package: 1475312/9458/3488394, multiplicity vector: 9458/10065'
2026-08-30 08:41:02 - b'INFO  sorting/seq_to_sdbg.cpp       :  498 - Read 524 contigs from /home/divya/wgs/results/megahit_assembly/DRR187559/intermediate_contigs/k39.local.fa.'
2026-08-30 08:41:02 - b'INFO  sorting/seq_to_sdbg.cpp       :  499 - After reading contigs, sizeof seq_package: 1475312/9982/3671555, multiplicity vector: 9982/10065'
2026-08-30 08:41:02 - b'INFO  sorting/seq_to_sdbg.cpp       :  506 - Finally, sizeof seq_package: 1475312/9982/3671555, multiplicity vector: 9982/10065'
2026-08-30 08:41:02 - b'INFO  sorting/base_engine.cpp       :  153 - Preparing data... Done. Time elapsed: 0.0083'
2026-08-30 08:41:02 - b'INFO  sorting/base_engine.cpp       :  156 - Preparing partitions and calculating bucket sizes...'
2026-08-30 08:41:02 - b'INFO  sorting/base_engine.cpp       :   80 - Minimum memory required: 1756382 bytes'
2026-08-30 08:41:02 - b'INFO  sorting/base_engine.cpp       :  138 - Lv1 items: 827354, Lv2 items: 1878'
2026-08-30 08:41:02 - b'INFO  sorting/base_engine.cpp       :  139 - Memory of derived class: 1524154, Memory for Lv1+Lv2: 3346976'
2026-08-30 08:41:02 - b'INFO  sorting/base_engine.cpp       :  165 - Preparing partitions and calculating bucket sizes... Done. Time elapsed: 0.0222'
2026-08-30 08:41:02 - b'INFO  sorting/base_engine.cpp       :  172 - Start main loop...'
2026-08-30 08:41:02 - b'INFO  sorting/base_engine.cpp       :  185 - Lv1 scanning from bucket 0 to 1061'
2026-08-30 08:41:02 - b'INFO  sorting/base_engine.cpp       :  192 - Lv1 scanning done. Large diff: 0. Time elapsed: 0.0179'
2026-08-30 08:41:02 - b'INFO  sorting/base_engine.cpp       :  198 - Lv1 fetching & sorting done. Time elapsed: 0.0256'
2026-08-30 08:41:02 - b'INFO  sorting/base_engine.cpp       :  185 - Lv1 scanning from bucket 1061 to 3035'
2026-08-30 08:41:02 - b'INFO  sorting/base_engine.cpp       :  192 - Lv1 scanning done. Large diff: 0. Time elapsed: 0.0180'
2026-08-30 08:41:03 - b'INFO  sorting/base_engine.cpp       :  198 - Lv1 fetching & sorting done. Time elapsed: 0.0279'
2026-08-30 08:41:03 - b'INFO  sorting/base_engine.cpp       :  185 - Lv1 scanning from bucket 3035 to 5998'
2026-08-30 08:41:03 - b'INFO  sorting/base_engine.cpp       :  192 - Lv1 scanning done. Large diff: 0. Time elapsed: 0.0189'
2026-08-30 08:41:03 - b'INFO  sorting/base_engine.cpp       :  198 - Lv1 fetching & sorting done. Time elapsed: 0.0277'
2026-08-30 08:41:03 - b'INFO  sorting/base_engine.cpp       :  185 - Lv1 scanning from bucket 5998 to 10205'
2026-08-30 08:41:03 - b'INFO  sorting/base_engine.cpp       :  192 - Lv1 scanning done. Large diff: 0. Time elapsed: 0.0192'
2026-08-30 08:41:03 - b'INFO  sorting/base_engine.cpp       :  198 - Lv1 fetching & sorting done. Time elapsed: 0.0264'
2026-08-30 08:41:03 - b'INFO  sorting/base_engine.cpp       :  185 - Lv1 scanning from bucket 10205 to 16195'
2026-08-30 08:41:03 - b'INFO  sorting/base_engine.cpp       :  192 - Lv1 scanning done. Large diff: 0. Time elapsed: 0.0189'
2026-08-30 08:41:03 - b'INFO  sorting/base_engine.cpp       :  198 - Lv1 fetching & sorting done. Time elapsed: 0.0284'
2026-08-30 08:41:03 - b'INFO  sorting/base_engine.cpp       :  185 - Lv1 scanning from bucket 16195 to 25264'
2026-08-30 08:41:03 - b'INFO  sorting/base_engine.cpp       :  192 - Lv1 scanning done. Large diff: 0. Time elapsed: 0.0197'
2026-08-30 08:41:03 - b'INFO  sorting/base_engine.cpp       :  198 - Lv1 fetching & sorting done. Time elapsed: 0.0275'
2026-08-30 08:41:03 - b'INFO  sorting/base_engine.cpp       :  185 - Lv1 scanning from bucket 25264 to 41990'
2026-08-30 08:41:03 - b'INFO  sorting/base_engine.cpp       :  192 - Lv1 scanning done. Large diff: 0. Time elapsed: 0.0222'
2026-08-30 08:41:03 - b'INFO  sorting/base_engine.cpp       :  198 - Lv1 fetching & sorting done. Time elapsed: 0.0301'
2026-08-30 08:41:03 - b'INFO  sorting/base_engine.cpp       :  185 - Lv1 scanning from bucket 41990 to 65536'
2026-08-30 08:41:03 - b'INFO  sorting/base_engine.cpp       :  192 - Lv1 scanning done. Large diff: 0. Time elapsed: 0.0167'
2026-08-30 08:41:03 - b'INFO  sorting/base_engine.cpp       :  198 - Lv1 fetching & sorting done. Time elapsed: 0.0161'
2026-08-30 08:41:03 - b'INFO  sorting/base_engine.cpp       :  204 - Main loop done. Time elapsed: 0.3620'
2026-08-30 08:41:03 - b'INFO  sorting/base_engine.cpp       :  207 - Postprocessing...'
2026-08-30 08:41:03 - b'INFO  sorting/seq_to_sdbg.cpp       :  793 - Number of $ A C G T A- C- G- T-:'
2026-08-30 08:41:03 - b'INFO  sorting/seq_to_sdbg.cpp       :  794 - 664 1960703 954119 954067 1960751 131 95 80 160'
2026-08-30 08:41:03 - b'INFO  sorting/seq_to_sdbg.cpp       :  800 - Total number of edges: 5830770'
2026-08-30 08:41:03 - b'INFO  sorting/seq_to_sdbg.cpp       :  801 - Total number of ONEs: 5829640'
2026-08-30 08:41:03 - b'INFO  sorting/seq_to_sdbg.cpp       :  802 - Total number of $v edges: 664'
2026-08-30 08:41:03 - b'INFO  sorting/base_engine.cpp       :  210 - Postprocess done. Time elapsed: 0.0267'
2026-08-30 08:41:03 - b'INFO  utils/utils.h                 :  152 - Real: 0.4208\tuser: 0.8625\tsys: 0.0087\tmaxrss: 33176'
2026-08-30 08:41:03 - Assemble contigs from SdBG for k = 59
2026-08-30 08:41:03 - command /home/divya/miniconda3/envs/assembly_env/bin/megahit_core assemble -s /home/divya/wgs/results/megahit_assembly/DRR187559/tmp/k59/59 -o /home/divya/wgs/results/megahit_assembly/DRR187559/intermediate_contigs/k59 -t 2 --min_standalone 300 --prune_level 2 --merge_len 20 --merge_similar 0.95 --cleaning_rounds 5 --disconnect_ratio 0.1 --low_local_ratio 0.2 --cleaning_rounds 5 --min_depth 2 --bubble_level 2 --max_tip_len -1 --careful_bubble
2026-08-30 08:41:03 - b'INFO  main_assemble.cpp             :  129 - Loading succinct de Bruijn graph: /home/divya/wgs/results/megahit_assembly/DRR187559/tmp/k59/59Done. Time elapsed: 0.074387'
2026-08-30 08:41:03 - b'INFO  main_assemble.cpp             :  133 - Number of Edges: 5830770; K value: 59'
2026-08-30 08:41:03 - b'INFO  main_assemble.cpp             :  140 - Number of CPU threads: 2'
2026-08-30 08:41:03 - b'INFO  assembly/sdbg_pruning.cpp     :  160 - Removing tips with length less than 2; Accumulated tips removed: 16; time elapsed: 0.0076'
2026-08-30 08:41:03 - b'INFO  assembly/sdbg_pruning.cpp     :  160 - Removing tips with length less than 4; Accumulated tips removed: 48; time elapsed: 0.0059'
2026-08-30 08:41:03 - b'INFO  assembly/sdbg_pruning.cpp     :  160 - Removing tips with length less than 8; Accumulated tips removed: 72; time elapsed: 0.0061'
2026-08-30 08:41:03 - b'INFO  assembly/sdbg_pruning.cpp     :  160 - Removing tips with length less than 16; Accumulated tips removed: 122; time elapsed: 0.0076'
2026-08-30 08:41:03 - b'INFO  assembly/sdbg_pruning.cpp     :  160 - Removing tips with length less than 32; Accumulated tips removed: 170; time elapsed: 0.0084'
2026-08-30 08:41:03 - b'INFO  assembly/sdbg_pruning.cpp     :  160 - Removing tips with length less than 64; Accumulated tips removed: 418; time elapsed: 0.0149'
2026-08-30 08:41:03 - b'INFO  assembly/sdbg_pruning.cpp     :  169 - Removing tips with length less than 118; Accumulated tips removed: 706; time elapsed: 0.0153'
2026-08-30 08:41:03 - b'INFO  main_assemble.cpp             :  158 - Tips removal done! Time elapsed(sec): 0.331'
2026-08-30 08:41:04 - b'INFO  assembly/unitig_graph.cpp     :   83 - Graph size without loops: 514, palindrome: 0'
2026-08-30 08:41:04 - b'INFO  main_assemble.cpp             :  166 - unitig graph size: 515, time for building: 0.949'
2026-08-30 08:41:04 - b'INFO  assembly/contig_stat.h        :   40 - Max: 173145, Min: 60, N50: 38602, number contigs: 515, number isolated: 24, number looped: 1, total size: 2926121,'
2026-08-30 08:41:04 - b'INFO  main_assemble.cpp             :  184 - Graph cleaning round 1'
2026-08-30 08:41:04 - b'INFO  main_assemble.cpp             :  200 - Number of bubbles removed: 24, Time elapsed(sec): 0.001'
2026-08-30 08:41:04 - b'INFO  main_assemble.cpp             :  210 - Number of complex bubbles removed: 8, Time elapsed(sec): 0.001218'
2026-08-30 08:41:04 - b'INFO  main_assemble.cpp             :  221 - Number unitigs disconnected: 94, time: 0.000'
2026-08-30 08:41:04 - b'INFO  main_assemble.cpp             :  245 - Unitigs removed in excessive pruning: 22, time: 0.000'
2026-08-30 08:41:04 - b'INFO  main_assemble.cpp             :  184 - Graph cleaning round 2'
2026-08-30 08:41:04 - b'INFO  main_assemble.cpp             :  192 - Tips removed: 21, time: 0.000'
2026-08-30 08:41:04 - b'INFO  main_assemble.cpp             :  200 - Number of bubbles removed: 0, Time elapsed(sec): 0.000'
2026-08-30 08:41:04 - b'INFO  main_assemble.cpp             :  210 - Number of complex bubbles removed: 0, Time elapsed(sec): 0.000231'
2026-08-30 08:41:04 - b'INFO  main_assemble.cpp             :  221 - Number unitigs disconnected: 4, time: 0.000'
2026-08-30 08:41:04 - b'INFO  main_assemble.cpp             :  245 - Unitigs removed in excessive pruning: 3, time: 0.000'
2026-08-30 08:41:04 - b'INFO  main_assemble.cpp             :  184 - Graph cleaning round 3'
2026-08-30 08:41:04 - b'INFO  main_assemble.cpp             :  192 - Tips removed: 1, time: 0.000'
2026-08-30 08:41:04 - b'INFO  main_assemble.cpp             :  200 - Number of bubbles removed: 0, Time elapsed(sec): 0.000'
2026-08-30 08:41:04 - b'INFO  main_assemble.cpp             :  210 - Number of complex bubbles removed: 0, Time elapsed(sec): 0.000191'
2026-08-30 08:41:04 - b'INFO  main_assemble.cpp             :  221 - Number unitigs disconnected: 0, time: 0.000'
2026-08-30 08:41:04 - b'INFO  main_assemble.cpp             :  245 - Unitigs removed in excessive pruning: 1, time: 0.000'
2026-08-30 08:41:04 - b'INFO  main_assemble.cpp             :  184 - Graph cleaning round 4'
2026-08-30 08:41:04 - b'INFO  main_assemble.cpp             :  192 - Tips removed: 0, time: 0.000'
2026-08-30 08:41:04 - b'INFO  main_assemble.cpp             :  200 - Number of bubbles removed: 0, Time elapsed(sec): 0.000'
2026-08-30 08:41:04 - b'INFO  main_assemble.cpp             :  210 - Number of complex bubbles removed: 0, Time elapsed(sec): 0.000171'
2026-08-30 08:41:04 - b'INFO  main_assemble.cpp             :  221 - Number unitigs disconnected: 0, time: 0.000'
2026-08-30 08:41:04 - b'INFO  main_assemble.cpp             :  245 - Unitigs removed in excessive pruning: 0, time: 0.000'
2026-08-30 08:41:04 - b'INFO  assembly/contig_stat.h        :   40 - Max: 175573, Min: 60, N50: 46125, number contigs: 260, number isolated: 45, number looped: 1, total size: 2907367,'
2026-08-30 08:41:04 - b'INFO  main_assemble.cpp             :  267 - Time to output: 0.286834'
2026-08-30 08:41:04 - b'INFO  main_assemble.cpp             :  286 - Number of local low depth unitigs removed: 7, complex bubbles removed: 0, time: 0.000944'
2026-08-30 08:41:04 - b'INFO  assembly/contig_stat.h        :   40 - Max: 175573, Min: 60, N50: 46125, number contigs: 243, number isolated: 46, number looped: 1, total size: 2905982,'
2026-08-30 08:41:05 - b'INFO  utils/utils.h                 :  152 - Real: 1.9170\tuser: 4.0569\tsys: 0.0261\tmaxrss: 29860'
2026-08-30 08:41:05 - Local assembly for k = 59
2026-08-30 08:41:05 - command /home/divya/miniconda3/envs/assembly_env/bin/megahit_core local -c /home/divya/wgs/results/megahit_assembly/DRR187559/intermediate_contigs/k59.contigs.fa -l /home/divya/wgs/results/megahit_assembly/DRR187559/tmp/reads.lib -t 2 -o /home/divya/wgs/results/megahit_assembly/DRR187559/intermediate_contigs/k59.local.fa --kmax 79
2026-08-30 08:41:05 - b'INFO  localasm/hash_mapper.cpp      :   99 - Number of contigs: 189, index size: 361490'
2026-08-30 08:41:05 - b'INFO  localasm/local_assemble.cpp   :  315 - Hash mapper construction time elapsed: 0.047198'
2026-08-30 08:41:05 - b'INFO  sequence/io/sequence_lib.cpp  :  115 - Before reading, sizeof seq_package: 107589292'
2026-08-30 08:41:05 - b'INFO  sequence/io/sequence_lib.cpp  :  117 - After reading, sizeof seq_package: 107589292'
2026-08-30 08:41:05 - b'INFO  localasm/local_assemble.cpp   :  324 - Read lib time elapsed: 0.131444'
2026-08-30 08:41:09 - b'INFO  localasm/local_assemble.cpp   :  133 - Lib 0, insert size: 0.00 sd: -nan'
2026-08-30 08:41:09 - b'INFO  localasm/local_assemble.cpp   :  330 - Insert size estimation time elapsed: 3.885838'
2026-08-30 08:41:13 - b'INFO  localasm/local_assemble.cpp   :  218 - Lib 0: total 1807128 reads, aligned 1790504, added 11618 reads to local assembly'
2026-08-30 08:41:13 - b'INFO  localasm/local_assemble.cpp   :  338 - Mapping time elapsed: 3.944204'
2026-08-30 08:41:13 - b'INFO  localasm/local_assemble.cpp   :  232 - Minimum number of reads to do local assembly: 0'
2026-08-30 08:41:14 - b'INFO  localasm/local_assemble.cpp   :  346 - Local assembly time elapsed: 1.570272'
2026-08-30 08:41:14 - b'INFO  utils/utils.h                 :  152 - Real: 9.5856\tuser: 20.3053\tsys: 0.1048\tmaxrss: 121388'
2026-08-30 08:41:14 - Extract iterative edges from k = 59 to 79 
2026-08-30 08:41:14 - command /home/divya/miniconda3/envs/assembly_env/bin/megahit_core iterate -c /home/divya/wgs/results/megahit_assembly/DRR187559/intermediate_contigs/k59.contigs.fa -b /home/divya/wgs/results/megahit_assembly/DRR187559/intermediate_contigs/k59.bubble_seq.fa -t 2 -k 59 -s 20 -o /home/divya/wgs/results/megahit_assembly/DRR187559/tmp/k79/79 -r /home/divya/wgs/results/megahit_assembly/DRR187559/tmp/reads.lib.bin
2026-08-30 08:41:14 - b'INFO  main_iterate.cpp              :  190 - Selected kmer type size for k: 16'
2026-08-30 08:41:14 - b'INFO  main_iterate.cpp              :  174 - Read 215 contigs'
2026-08-30 08:41:14 - b'INFO  main_iterate.cpp              :  176 - Number of flank kmers: 429'
2026-08-30 08:41:14 - b'INFO  main_iterate.cpp              :  174 - Read 6 contigs'
2026-08-30 08:41:14 - b'INFO  main_iterate.cpp              :  176 - Number of flank kmers: 438'
2026-08-30 08:41:14 - b'INFO  main_iterate.cpp              :  123 - Selected kmer type size for next k: 20'
2026-08-30 08:41:22 - b'INFO  main_iterate.cpp              :  138 - Processed: 1807128, aligned: 14452. Iterative edges: 3745'
2026-08-30 08:41:22 - b'INFO  main_iterate.cpp              :  142 - Total: 1807128, aligned: 14452. Iterative edges: 3745'
2026-08-30 08:41:22 - b'INFO  utils/utils.h                 :  152 - Real: 7.4357\tuser: 7.9616\tsys: 0.1441\tmaxrss: 162480'
2026-08-30 08:41:22 - Build graph for k = 79 
2026-08-30 08:41:22 - command /home/divya/miniconda3/envs/assembly_env/bin/megahit_core seq2sdbg --host_mem 4642865971 --mem_flag 1 --output_prefix /home/divya/wgs/results/megahit_assembly/DRR187559/tmp/k79/79 --num_cpu_threads 2 -k 79 --kmer_from 59 --input_prefix /home/divya/wgs/results/megahit_assembly/DRR187559/tmp/k79/79 --addi_contig /home/divya/wgs/results/megahit_assembly/DRR187559/intermediate_contigs/k59.addi.fa --local_contig /home/divya/wgs/results/megahit_assembly/DRR187559/intermediate_contigs/k59.local.fa --contig /home/divya/wgs/results/megahit_assembly/DRR187559/intermediate_contigs/k59.contigs.fa --bubble /home/divya/wgs/results/megahit_assembly/DRR187559/intermediate_contigs/k59.bubble_seq.fa
2026-08-30 08:41:22 - b'INFO  sorting/base_engine.cpp       :  148 - Preparing data...'
2026-08-30 08:41:22 - b'INFO  sorting/seq_to_sdbg.cpp       :  369 - Number edges: 3745'
2026-08-30 08:41:22 - b'INFO  sorting/seq_to_sdbg.cpp       :  413 - Bases to reserve: 431465, number contigs: 621, number multiplicity: 4366'
2026-08-30 08:41:22 - b'INFO  sorting/seq_to_sdbg.cpp       :  421 - Before reading, sizeof seq_package: 112844, multiplicity vector: 4366'
2026-08-30 08:41:22 - b'INFO  sorting/seq_to_sdbg.cpp       :  428 - Read 3745 edges.'
2026-08-30 08:41:22 - b'INFO  sorting/seq_to_sdbg.cpp       :  429 - After reading, sizeof seq_package: 112844/3745/299600, multiplicity vector: 3745/4366'
2026-08-30 08:41:22 - b'INFO  sorting/seq_to_sdbg.cpp       :  458 - Read 238 contigs from /home/divya/wgs/results/megahit_assembly/DRR187559/intermediate_contigs/k59.contigs.fa.'
2026-08-30 08:41:22 - b'INFO  sorting/seq_to_sdbg.cpp       :  459 - After reading contigs, sizeof seq_package: 867920/3983/3205473, multiplicity vector: 3983/4366'
2026-08-30 08:41:22 - b'INFO  sorting/seq_to_sdbg.cpp       :  470 - Read 6 contigs from /home/divya/wgs/results/megahit_assembly/DRR187559/intermediate_contigs/k59.bubble_seq.fa.'
2026-08-30 08:41:22 - b'INFO  sorting/seq_to_sdbg.cpp       :  471 - After reading contigs, sizeof seq_package: 867920/3989/3208974, multiplicity vector: 3989/4366'
2026-08-30 08:41:22 - b'INFO  sorting/seq_to_sdbg.cpp       :  484 - Read 4 contigs from /home/divya/wgs/results/megahit_assembly/DRR187559/intermediate_contigs/k59.addi.fa.'
2026-08-30 08:41:22 - b'INFO  sorting/seq_to_sdbg.cpp       :  485 - After reading contigs, sizeof seq_package: 867920/3993/3241778, multiplicity vector: 3993/4366'
2026-08-30 08:41:22 - b'INFO  sorting/seq_to_sdbg.cpp       :  498 - Read 351 contigs from /home/divya/wgs/results/megahit_assembly/DRR187559/intermediate_contigs/k59.local.fa.'
2026-08-30 08:41:22 - b'INFO  sorting/seq_to_sdbg.cpp       :  499 - After reading contigs, sizeof seq_package: 867920/4344/3366083, multiplicity vector: 4344/4366'
2026-08-30 08:41:22 - b'INFO  sorting/seq_to_sdbg.cpp       :  506 - Finally, sizeof seq_package: 867920/4344/3366083, multiplicity vector: 4344/4366'
2026-08-30 08:41:22 - b'INFO  sorting/base_engine.cpp       :  153 - Preparing data... Done. Time elapsed: 0.0091'
2026-08-30 08:41:22 - b'INFO  sorting/base_engine.cpp       :  156 - Preparing partitions and calculating bucket sizes...'
2026-08-30 08:41:22 - b'INFO  sorting/base_engine.cpp       :   80 - Minimum memory required: 1137908 bytes'
2026-08-30 08:41:22 - b'INFO  sorting/base_engine.cpp       :  138 - Lv1 items: 808425, Lv2 items: 1863'
2026-08-30 08:41:22 - b'INFO  sorting/base_engine.cpp       :  139 - Memory of derived class: 902980, Memory for Lv1+Lv2: 3278412'
2026-08-30 08:41:22 - b'INFO  sorting/base_engine.cpp       :  165 - Preparing partitions and calculating bucket sizes... Done. Time elapsed: 0.0162'
2026-08-30 08:41:22 - b'INFO  sorting/base_engine.cpp       :  172 - Start main loop...'
2026-08-30 08:41:22 - b'INFO  sorting/base_engine.cpp       :  185 - Lv1 scanning from bucket 0 to 1063'
2026-08-30 08:41:22 - b'INFO  sorting/base_engine.cpp       :  192 - Lv1 scanning done. Large diff: 0. Time elapsed: 0.0165'
2026-08-30 08:41:22 - b'INFO  sorting/base_engine.cpp       :  198 - Lv1 fetching & sorting done. Time elapsed: 0.0240'
2026-08-30 08:41:22 - b'INFO  sorting/base_engine.cpp       :  185 - Lv1 scanning from bucket 1063 to 3045'
2026-08-30 08:41:22 - b'INFO  sorting/base_engine.cpp       :  192 - Lv1 scanning done. Large diff: 0. Time elapsed: 0.0177'
2026-08-30 08:41:22 - b'INFO  sorting/base_engine.cpp       :  198 - Lv1 fetching & sorting done. Time elapsed: 0.0297'
2026-08-30 08:41:22 - b'INFO  sorting/base_engine.cpp       :  185 - Lv1 scanning from bucket 3045 to 6025'
2026-08-30 08:41:22 - b'INFO  sorting/base_engine.cpp       :  192 - Lv1 scanning done. Large diff: 0. Time elapsed: 0.0190'
2026-08-30 08:41:22 - b'INFO  sorting/base_engine.cpp       :  198 - Lv1 fetching & sorting done. Time elapsed: 0.0253'
2026-08-30 08:41:22 - b'INFO  sorting/base_engine.cpp       :  185 - Lv1 scanning from bucket 6025 to 10255'
2026-08-30 08:41:22 - b'INFO  sorting/base_engine.cpp       :  192 - Lv1 scanning done. Large diff: 0. Time elapsed: 0.0180'
2026-08-30 08:41:22 - b'INFO  sorting/base_engine.cpp       :  198 - Lv1 fetching & sorting done. Time elapsed: 0.0339'
2026-08-30 08:41:22 - b'INFO  sorting/base_engine.cpp       :  185 - Lv1 scanning from bucket 10255 to 16280'
2026-08-30 08:41:22 - b'INFO  sorting/base_engine.cpp       :  192 - Lv1 scanning done. Large diff: 0. Time elapsed: 0.0184'
2026-08-30 08:41:22 - b'INFO  sorting/base_engine.cpp       :  198 - Lv1 fetching & sorting done. Time elapsed: 0.0314'
2026-08-30 08:41:22 - b'INFO  sorting/base_engine.cpp       :  185 - Lv1 scanning from bucket 16280 to 25415'
2026-08-30 08:41:22 - b'INFO  sorting/base_engine.cpp       :  192 - Lv1 scanning done. Large diff: 0. Time elapsed: 0.0196'
2026-08-30 08:41:22 - b'INFO  sorting/base_engine.cpp       :  198 - Lv1 fetching & sorting done. Time elapsed: 0.0313'
2026-08-30 08:41:22 - b'INFO  sorting/base_engine.cpp       :  185 - Lv1 scanning from bucket 25415 to 42318'
2026-08-30 08:41:22 - b'INFO  sorting/base_engine.cpp       :  192 - Lv1 scanning done. Large diff: 0. Time elapsed: 0.0278'
2026-08-30 08:41:22 - b'INFO  sorting/base_engine.cpp       :  198 - Lv1 fetching & sorting done. Time elapsed: 0.0270'
2026-08-30 08:41:22 - b'INFO  sorting/base_engine.cpp       :  185 - Lv1 scanning from bucket 42318 to 65536'
2026-08-30 08:41:22 - b'INFO  sorting/base_engine.cpp       :  192 - Lv1 scanning done. Large diff: 0. Time elapsed: 0.0133'
2026-08-30 08:41:22 - b'INFO  sorting/base_engine.cpp       :  198 - Lv1 fetching & sorting done. Time elapsed: 0.0126'
2026-08-30 08:41:22 - b'INFO  sorting/base_engine.cpp       :  204 - Main loop done. Time elapsed: 0.3658'
2026-08-30 08:41:22 - b'INFO  sorting/base_engine.cpp       :  207 - Postprocessing...'
2026-08-30 08:41:22 - b'INFO  sorting/seq_to_sdbg.cpp       :  793 - Number of $ A C G T A- C- G- T-:'
2026-08-30 08:41:22 - b'INFO  sorting/seq_to_sdbg.cpp       :  794 - 234 1952445 950670 950691 1952500 79 39 48 106'
2026-08-30 08:41:22 - b'INFO  sorting/seq_to_sdbg.cpp       :  800 - Total number of edges: 5806812'
2026-08-30 08:41:22 - b'INFO  sorting/seq_to_sdbg.cpp       :  801 - Total number of ONEs: 5806306'
2026-08-30 08:41:22 - b'INFO  sorting/seq_to_sdbg.cpp       :  802 - Total number of $v edges: 234'
2026-08-30 08:41:22 - b'INFO  sorting/base_engine.cpp       :  210 - Postprocess done. Time elapsed: 0.0289'
2026-08-30 08:41:22 - b'INFO  utils/utils.h                 :  152 - Real: 0.4221\tuser: 0.8350\tsys: 0.0303\tmaxrss: 32956'
2026-08-30 08:41:22 - Assemble contigs from SdBG for k = 79
2026-08-30 08:41:22 - command /home/divya/miniconda3/envs/assembly_env/bin/megahit_core assemble -s /home/divya/wgs/results/megahit_assembly/DRR187559/tmp/k79/79 -o /home/divya/wgs/results/megahit_assembly/DRR187559/intermediate_contigs/k79 -t 2 --min_standalone 300 --prune_level 2 --merge_len 20 --merge_similar 0.95 --cleaning_rounds 5 --disconnect_ratio 0.1 --low_local_ratio 0.2 --cleaning_rounds 5 --min_depth 2 --bubble_level 2 --max_tip_len -1 --careful_bubble
2026-08-30 08:41:22 - b'INFO  main_assemble.cpp             :  129 - Loading succinct de Bruijn graph: /home/divya/wgs/results/megahit_assembly/DRR187559/tmp/k79/79Done. Time elapsed: 0.080115'
2026-08-30 08:41:22 - b'INFO  main_assemble.cpp             :  133 - Number of Edges: 5806812; K value: 79'
2026-08-30 08:41:22 - b'INFO  main_assemble.cpp             :  140 - Number of CPU threads: 2'
2026-08-30 08:41:23 - b'INFO  assembly/sdbg_pruning.cpp     :  160 - Removing tips with length less than 2; Accumulated tips removed: 0; time elapsed: 0.0063'
2026-08-30 08:41:23 - b'INFO  assembly/sdbg_pruning.cpp     :  160 - Removing tips with length less than 4; Accumulated tips removed: 12; time elapsed: 0.0060'
2026-08-30 08:41:23 - b'INFO  assembly/sdbg_pruning.cpp     :  160 - Removing tips with length less than 8; Accumulated tips removed: 26; time elapsed: 0.0060'
2026-08-30 08:41:23 - b'INFO  assembly/sdbg_pruning.cpp     :  160 - Removing tips with length less than 16; Accumulated tips removed: 52; time elapsed: 0.0064'
2026-08-30 08:41:23 - b'INFO  assembly/sdbg_pruning.cpp     :  160 - Removing tips with length less than 32; Accumulated tips removed: 106; time elapsed: 0.0096'
2026-08-30 08:41:23 - b'INFO  assembly/sdbg_pruning.cpp     :  160 - Removing tips with length less than 64; Accumulated tips removed: 180; time elapsed: 0.0130'
2026-08-30 08:41:23 - b'INFO  assembly/sdbg_pruning.cpp     :  160 - Removing tips with length less than 128; Accumulated tips removed: 256; time elapsed: 0.0133'
2026-08-30 08:41:23 - b'INFO  assembly/sdbg_pruning.cpp     :  169 - Removing tips with length less than 158; Accumulated tips removed: 290; time elapsed: 0.0122'
2026-08-30 08:41:23 - b'INFO  main_assemble.cpp             :  158 - Tips removal done! Time elapsed(sec): 0.356'
2026-08-30 08:41:24 - b'INFO  assembly/unitig_graph.cpp     :   83 - Graph size without loops: 259, palindrome: 0'
2026-08-30 08:41:24 - b'INFO  main_assemble.cpp             :  166 - unitig graph size: 260, time for building: 1.020'
2026-08-30 08:41:24 - b'INFO  assembly/contig_stat.h        :   40 - Max: 175508, Min: 80, N50: 51529, number contigs: 260, number isolated: 15, number looped: 1, total size: 2915455,'
2026-08-30 08:41:24 - b'INFO  main_assemble.cpp             :  184 - Graph cleaning round 1'
2026-08-30 08:41:24 - b'INFO  main_assemble.cpp             :  200 - Number of bubbles removed: 17, Time elapsed(sec): 0.000'
2026-08-30 08:41:24 - b'INFO  main_assemble.cpp             :  210 - Number of complex bubbles removed: 2, Time elapsed(sec): 0.001166'
2026-08-30 08:41:24 - b'INFO  main_assemble.cpp             :  221 - Number unitigs disconnected: 38, time: 0.000'
2026-08-30 08:41:24 - b'INFO  main_assemble.cpp             :  245 - Unitigs removed in excessive pruning: 11, time: 0.000'
2026-08-30 08:41:24 - b'INFO  main_assemble.cpp             :  184 - Graph cleaning round 2'
2026-08-30 08:41:24 - b'INFO  main_assemble.cpp             :  192 - Tips removed: 10, time: 0.000'
2026-08-30 08:41:24 - b'INFO  main_assemble.cpp             :  200 - Number of bubbles removed: 0, Time elapsed(sec): 0.000'
2026-08-30 08:41:24 - b'INFO  main_assemble.cpp             :  210 - Number of complex bubbles removed: 0, Time elapsed(sec): 0.000032'
2026-08-30 08:41:24 - b'INFO  main_assemble.cpp             :  221 - Number unitigs disconnected: 0, time: 0.000'
2026-08-30 08:41:24 - b'INFO  main_assemble.cpp             :  245 - Unitigs removed in excessive pruning: 0, time: 0.000'
2026-08-30 08:41:24 - b'INFO  main_assemble.cpp             :  184 - Graph cleaning round 3'
2026-08-30 08:41:24 - b'INFO  main_assemble.cpp             :  192 - Tips removed: 0, time: 0.000'
2026-08-30 08:41:24 - b'INFO  main_assemble.cpp             :  200 - Number of bubbles removed: 0, Time elapsed(sec): 0.000'
2026-08-30 08:41:24 - b'INFO  main_assemble.cpp             :  210 - Number of complex bubbles removed: 0, Time elapsed(sec): 0.000027'
2026-08-30 08:41:24 - b'INFO  main_assemble.cpp             :  221 - Number unitigs disconnected: 0, time: 0.000'
2026-08-30 08:41:24 - b'INFO  main_assemble.cpp             :  245 - Unitigs removed in excessive pruning: 0, time: 0.000'
2026-08-30 08:41:24 - b'INFO  assembly/contig_stat.h        :   40 - Max: 191958, Min: 80, N50: 76390, number contigs: 142, number isolated: 20, number looped: 0, total size: 2903675,'
2026-08-30 08:41:24 - b'INFO  main_assemble.cpp             :  267 - Time to output: 0.282686'
2026-08-30 08:41:24 - b'INFO  main_assemble.cpp             :  286 - Number of local low depth unitigs removed: 5, complex bubbles removed: 0, time: 0.000335'
2026-08-30 08:41:24 - b'INFO  assembly/contig_stat.h        :   40 - Max: 191958, Min: 80, N50: 76390, number contigs: 133, number isolated: 24, number looped: 0, total size: 2902629,'
2026-08-30 08:41:24 - b'INFO  utils/utils.h                 :  152 - Real: 2.0597\tuser: 4.1736\tsys: 0.0262\tmaxrss: 29700'
2026-08-30 08:41:24 - Local assembly for k = 79
2026-08-30 08:41:24 - command /home/divya/miniconda3/envs/assembly_env/bin/megahit_core local -c /home/divya/wgs/results/megahit_assembly/DRR187559/intermediate_contigs/k79.contigs.fa -l /home/divya/wgs/results/megahit_assembly/DRR187559/tmp/reads.lib -t 2 -o /home/divya/wgs/results/megahit_assembly/DRR187559/intermediate_contigs/k79.local.fa --kmax 99
2026-08-30 08:41:24 - b'INFO  localasm/hash_mapper.cpp      :   99 - Number of contigs: 118, index size: 361687'
2026-08-30 08:41:24 - b'INFO  localasm/local_assemble.cpp   :  315 - Hash mapper construction time elapsed: 0.039448'
2026-08-30 08:41:24 - b'INFO  sequence/io/sequence_lib.cpp  :  115 - Before reading, sizeof seq_package: 107589292'
2026-08-30 08:41:24 - b'INFO  sequence/io/sequence_lib.cpp  :  117 - After reading, sizeof seq_package: 107589292'
2026-08-30 08:41:24 - b'INFO  localasm/local_assemble.cpp   :  324 - Read lib time elapsed: 0.178686'
2026-08-30 08:41:28 - b'INFO  localasm/local_assemble.cpp   :  133 - Lib 0, insert size: 0.00 sd: -nan'
2026-08-30 08:41:28 - b'INFO  localasm/local_assemble.cpp   :  330 - Insert size estimation time elapsed: 3.856947'
2026-08-30 08:41:35 - b'INFO  localasm/local_assemble.cpp   :  218 - Lib 0: total 1807128 reads, aligned 1791692, added 7694 reads to local assembly'
2026-08-30 08:41:35 - b'INFO  localasm/local_assemble.cpp   :  338 - Mapping time elapsed: 7.010612'
2026-08-30 08:41:35 - b'INFO  localasm/local_assemble.cpp   :  232 - Minimum number of reads to do local assembly: 0'
2026-08-30 08:41:36 - b'INFO  localasm/local_assemble.cpp   :  346 - Local assembly time elapsed: 1.085996'
2026-08-30 08:41:36 - b'INFO  utils/utils.h                 :  152 - Real: 12.1801\tuser: 19.2769\tsys: 0.1090\tmaxrss: 121052'
2026-08-30 08:41:36 - Extract iterative edges from k = 79 to 99 
2026-08-30 08:41:36 - command /home/divya/miniconda3/envs/assembly_env/bin/megahit_core iterate -c /home/divya/wgs/results/megahit_assembly/DRR187559/intermediate_contigs/k79.contigs.fa -b /home/divya/wgs/results/megahit_assembly/DRR187559/intermediate_contigs/k79.bubble_seq.fa -t 2 -k 79 -s 20 -o /home/divya/wgs/results/megahit_assembly/DRR187559/tmp/k99/99 -r /home/divya/wgs/results/megahit_assembly/DRR187559/tmp/reads.lib.bin
2026-08-30 08:41:36 - b'INFO  main_iterate.cpp              :  190 - Selected kmer type size for k: 20'
2026-08-30 08:41:36 - b'INFO  main_iterate.cpp              :  174 - Read 122 contigs'
2026-08-30 08:41:36 - b'INFO  main_iterate.cpp              :  176 - Number of flank kmers: 242'
2026-08-30 08:41:36 - b'INFO  main_iterate.cpp              :  174 - Read 3 contigs'
2026-08-30 08:41:36 - b'INFO  main_iterate.cpp              :  176 - Number of flank kmers: 246'
2026-08-30 08:41:36 - b'INFO  main_iterate.cpp              :  123 - Selected kmer type size for next k: 28'
2026-08-30 08:41:43 - b'INFO  main_iterate.cpp              :  138 - Processed: 1807128, aligned: 7934. Iterative edges: 2129'
2026-08-30 08:41:43 - b'INFO  main_iterate.cpp              :  142 - Total: 1807128, aligned: 7934. Iterative edges: 2129'
2026-08-30 08:41:43 - b'INFO  utils/utils.h                 :  152 - Real: 6.0906\tuser: 6.5024\tsys: 0.1352\tmaxrss: 162440'
2026-08-30 08:41:43 - Build graph for k = 99 
2026-08-30 08:41:43 - command /home/divya/miniconda3/envs/assembly_env/bin/megahit_core seq2sdbg --host_mem 4642865971 --mem_flag 1 --output_prefix /home/divya/wgs/results/megahit_assembly/DRR187559/tmp/k99/99 --num_cpu_threads 2 -k 99 --kmer_from 79 --input_prefix /home/divya/wgs/results/megahit_assembly/DRR187559/tmp/k99/99 --addi_contig /home/divya/wgs/results/megahit_assembly/DRR187559/intermediate_contigs/k79.addi.fa --local_contig /home/divya/wgs/results/megahit_assembly/DRR187559/intermediate_contigs/k79.local.fa --contig /home/divya/wgs/results/megahit_assembly/DRR187559/intermediate_contigs/k79.contigs.fa --bubble /home/divya/wgs/results/megahit_assembly/DRR187559/intermediate_contigs/k79.bubble_seq.fa
2026-08-30 08:41:43 - b'INFO  sorting/base_engine.cpp       :  148 - Preparing data...'
2026-08-30 08:41:43 - b'INFO  sorting/seq_to_sdbg.cpp       :  369 - Number edges: 2129'
2026-08-30 08:41:43 - b'INFO  sorting/seq_to_sdbg.cpp       :  413 - Bases to reserve: 297267, number contigs: 367, number multiplicity: 2496'
2026-08-30 08:41:43 - b'INFO  sorting/seq_to_sdbg.cpp       :  421 - Before reading, sizeof seq_package: 77264, multiplicity vector: 2496'
2026-08-30 08:41:43 - b'INFO  sorting/seq_to_sdbg.cpp       :  428 - Read 2129 edges.'
2026-08-30 08:41:43 - b'INFO  sorting/seq_to_sdbg.cpp       :  429 - After reading, sizeof seq_package: 77264/2129/212900, multiplicity vector: 2129/2496'
2026-08-30 08:41:43 - b'INFO  sorting/seq_to_sdbg.cpp       :  458 - Read 133 contigs from /home/divya/wgs/results/megahit_assembly/DRR187559/intermediate_contigs/k79.contigs.fa.'
2026-08-30 08:41:43 - b'INFO  sorting/seq_to_sdbg.cpp       :  459 - After reading contigs, sizeof seq_package: 1192064/2262/3115775, multiplicity vector: 2262/2496'
2026-08-30 08:41:43 - b'INFO  sorting/seq_to_sdbg.cpp       :  470 - Read 3 contigs from /home/divya/wgs/results/megahit_assembly/DRR187559/intermediate_contigs/k79.bubble_seq.fa.'
2026-08-30 08:41:43 - b'INFO  sorting/seq_to_sdbg.cpp       :  471 - After reading contigs, sizeof seq_package: 1192064/2265/3119000, multiplicity vector: 2265/2496'
2026-08-30 08:41:43 - b'INFO  sorting/seq_to_sdbg.cpp       :  484 - Read 2 contigs from /home/divya/wgs/results/megahit_assembly/DRR187559/intermediate_contigs/k79.addi.fa.'
2026-08-30 08:41:43 - b'INFO  sorting/seq_to_sdbg.cpp       :  485 - After reading contigs, sizeof seq_package: 1192064/2267/3122918, multiplicity vector: 2267/2496'
2026-08-30 08:41:43 - b'INFO  sorting/seq_to_sdbg.cpp       :  498 - Read 220 contigs from /home/divya/wgs/results/megahit_assembly/DRR187559/intermediate_contigs/k79.local.fa.'
2026-08-30 08:41:43 - b'INFO  sorting/seq_to_sdbg.cpp       :  499 - After reading contigs, sizeof seq_package: 1192064/2487/3203169, multiplicity vector: 2487/2496'
2026-08-30 08:41:43 - b'INFO  sorting/seq_to_sdbg.cpp       :  506 - Finally, sizeof seq_package: 1192064/2487/3203169, multiplicity vector: 2487/2496'
2026-08-30 08:41:43 - b'INFO  sorting/base_engine.cpp       :  153 - Preparing data... Done. Time elapsed: 0.0108'
2026-08-30 08:41:43 - b'INFO  sorting/base_engine.cpp       :  156 - Preparing partitions and calculating bucket sizes...'
2026-08-30 08:41:43 - b'INFO  sorting/base_engine.cpp       :   80 - Minimum memory required: 1458440 bytes'
2026-08-30 08:41:43 - b'INFO  sorting/base_engine.cpp       :  138 - Lv1 items: 789848, Lv2 items: 1803'
2026-08-30 08:41:43 - b'INFO  sorting/base_engine.cpp       :  139 - Memory of derived class: 1222112, Memory for Lv1+Lv2: 3209876'
2026-08-30 08:41:43 - b'INFO  sorting/base_engine.cpp       :  165 - Preparing partitions and calculating bucket sizes... Done. Time elapsed: 0.0198'
2026-08-30 08:41:43 - b'INFO  sorting/base_engine.cpp       :  172 - Start main loop...'
2026-08-30 08:41:43 - b'INFO  sorting/base_engine.cpp       :  185 - Lv1 scanning from bucket 0 to 1061'
2026-08-30 08:41:43 - b'INFO  sorting/base_engine.cpp       :  192 - Lv1 scanning done. Large diff: 0. Time elapsed: 0.0199'
2026-08-30 08:41:43 - b'INFO  sorting/base_engine.cpp       :  198 - Lv1 fetching & sorting done. Time elapsed: 0.0304'
2026-08-30 08:41:43 - b'INFO  sorting/base_engine.cpp       :  185 - Lv1 scanning from bucket 1061 to 3038'
2026-08-30 08:41:43 - b'INFO  sorting/base_engine.cpp       :  192 - Lv1 scanning done. Large diff: 0. Time elapsed: 0.0228'
2026-08-30 08:41:43 - b'INFO  sorting/base_engine.cpp       :  198 - Lv1 fetching & sorting done. Time elapsed: 0.0233'
2026-08-30 08:41:43 - b'INFO  sorting/base_engine.cpp       :  185 - Lv1 scanning from bucket 3038 to 6013'
2026-08-30 08:41:43 - b'INFO  sorting/base_engine.cpp       :  192 - Lv1 scanning done. Large diff: 0. Time elapsed: 0.0173'
2026-08-30 08:41:43 - b'INFO  sorting/base_engine.cpp       :  198 - Lv1 fetching & sorting done. Time elapsed: 0.0239'
2026-08-30 08:41:43 - b'INFO  sorting/base_engine.cpp       :  185 - Lv1 scanning from bucket 6013 to 10240'
2026-08-30 08:41:43 - b'INFO  sorting/base_engine.cpp       :  192 - Lv1 scanning done. Large diff: 0. Time elapsed: 0.0192'
2026-08-30 08:41:43 - b'INFO  sorting/base_engine.cpp       :  198 - Lv1 fetching & sorting done. Time elapsed: 0.0265'
2026-08-30 08:41:43 - b'INFO  sorting/base_engine.cpp       :  185 - Lv1 scanning from bucket 10240 to 16264'
2026-08-30 08:41:43 - b'INFO  sorting/base_engine.cpp       :  192 - Lv1 scanning done. Large diff: 0. Time elapsed: 0.0233'
2026-08-30 08:41:43 - b'INFO  sorting/base_engine.cpp       :  198 - Lv1 fetching & sorting done. Time elapsed: 0.0309'
2026-08-30 08:41:43 - b'INFO  sorting/base_engine.cpp       :  185 - Lv1 scanning from bucket 16264 to 25413'
2026-08-30 08:41:43 - b'INFO  sorting/base_engine.cpp       :  192 - Lv1 scanning done. Large diff: 0. Time elapsed: 0.0225'
2026-08-30 08:41:43 - b'INFO  sorting/base_engine.cpp       :  198 - Lv1 fetching & sorting done. Time elapsed: 0.0298'
2026-08-30 08:41:43 - b'INFO  sorting/base_engine.cpp       :  185 - Lv1 scanning from bucket 25413 to 42419'
2026-08-30 08:41:43 - b'INFO  sorting/base_engine.cpp       :  192 - Lv1 scanning done. Large diff: 0. Time elapsed: 0.0204'
2026-08-30 08:41:43 - b'INFO  sorting/base_engine.cpp       :  198 - Lv1 fetching & sorting done. Time elapsed: 0.0261'
2026-08-30 08:41:43 - b'INFO  sorting/base_engine.cpp       :  185 - Lv1 scanning from bucket 42419 to 65536'
2026-08-30 08:41:43 - b'INFO  sorting/base_engine.cpp       :  192 - Lv1 scanning done. Large diff: 0. Time elapsed: 0.0136'
2026-08-30 08:41:43 - b'INFO  sorting/base_engine.cpp       :  198 - Lv1 fetching & sorting done. Time elapsed: 0.0122'
2026-08-30 08:41:43 - b'INFO  sorting/base_engine.cpp       :  204 - Main loop done. Time elapsed: 0.3627'
2026-08-30 08:41:43 - b'INFO  sorting/base_engine.cpp       :  207 - Postprocessing...'
2026-08-30 08:41:43 - b'INFO  sorting/seq_to_sdbg.cpp       :  793 - Number of $ A C G T A- C- G- T-:'
2026-08-30 08:41:43 - b'INFO  sorting/seq_to_sdbg.cpp       :  794 - 138 1950787 949741 949769 1950793 59 29 37 53'
2026-08-30 08:41:43 - b'INFO  sorting/seq_to_sdbg.cpp       :  800 - Total number of edges: 5801406'
2026-08-30 08:41:43 - b'INFO  sorting/seq_to_sdbg.cpp       :  801 - Total number of ONEs: 5801090'
2026-08-30 08:41:43 - b'INFO  sorting/seq_to_sdbg.cpp       :  802 - Total number of $v edges: 138'
2026-08-30 08:41:43 - b'INFO  sorting/base_engine.cpp       :  210 - Postprocess done. Time elapsed: 0.0236'
2026-08-30 08:41:43 - b'INFO  utils/utils.h                 :  152 - Real: 0.4187\tuser: 0.8026\tsys: 0.0307\tmaxrss: 32876'
2026-08-30 08:41:43 - Assemble contigs from SdBG for k = 99
2026-08-30 08:41:43 - command /home/divya/miniconda3/envs/assembly_env/bin/megahit_core assemble -s /home/divya/wgs/results/megahit_assembly/DRR187559/tmp/k99/99 -o /home/divya/wgs/results/megahit_assembly/DRR187559/intermediate_contigs/k99 -t 2 --min_standalone 300 --prune_level 2 --merge_len 20 --merge_similar 0.95 --cleaning_rounds 5 --disconnect_ratio 0.1 --low_local_ratio 0.2 --cleaning_rounds 5 --min_depth 2 --bubble_level 2 --max_tip_len -1 --careful_bubble
2026-08-30 08:41:43 - b'INFO  main_assemble.cpp             :  129 - Loading succinct de Bruijn graph: /home/divya/wgs/results/megahit_assembly/DRR187559/tmp/k99/99Done. Time elapsed: 0.076197'
2026-08-30 08:41:43 - b'INFO  main_assemble.cpp             :  133 - Number of Edges: 5801406; K value: 99'
2026-08-30 08:41:43 - b'INFO  main_assemble.cpp             :  140 - Number of CPU threads: 2'
2026-08-30 08:41:43 - b'INFO  assembly/sdbg_pruning.cpp     :  160 - Removing tips with length less than 2; Accumulated tips removed: 0; time elapsed: 0.0059'
2026-08-30 08:41:43 - b'INFO  assembly/sdbg_pruning.cpp     :  160 - Removing tips with length less than 4; Accumulated tips removed: 12; time elapsed: 0.0053'
2026-08-30 08:41:43 - b'INFO  assembly/sdbg_pruning.cpp     :  160 - Removing tips with length less than 8; Accumulated tips removed: 22; time elapsed: 0.0054'
2026-08-30 08:41:43 - b'INFO  assembly/sdbg_pruning.cpp     :  160 - Removing tips with length less than 16; Accumulated tips removed: 40; time elapsed: 0.0086'
2026-08-30 08:41:43 - b'INFO  assembly/sdbg_pruning.cpp     :  160 - Removing tips with length less than 32; Accumulated tips removed: 58; time elapsed: 0.0102'
2026-08-30 08:41:43 - b'INFO  assembly/sdbg_pruning.cpp     :  160 - Removing tips with length less than 64; Accumulated tips removed: 108; time elapsed: 0.0083'
2026-08-30 08:41:43 - b'INFO  assembly/sdbg_pruning.cpp     :  160 - Removing tips with length less than 128; Accumulated tips removed: 160; time elapsed: 0.0102'
2026-08-30 08:41:43 - b'INFO  assembly/sdbg_pruning.cpp     :  169 - Removing tips with length less than 198; Accumulated tips removed: 182; time elapsed: 0.0118'
2026-08-30 08:41:43 - b'INFO  main_assemble.cpp             :  158 - Tips removal done! Time elapsed(sec): 0.321'
2026-08-30 08:41:44 - b'INFO  assembly/unitig_graph.cpp     :   83 - Graph size without loops: 168, palindrome: 0'
2026-08-30 08:41:44 - b'INFO  main_assemble.cpp             :  166 - unitig graph size: 168, time for building: 0.924'
2026-08-30 08:41:44 - b'INFO  assembly/contig_stat.h        :   40 - Max: 211172, Min: 100, N50: 70644, number contigs: 168, number isolated: 8, number looped: 0, total size: 2911593,'
2026-08-30 08:41:44 - b'INFO  main_assemble.cpp             :  184 - Graph cleaning round 1'
2026-08-30 08:41:44 - b'INFO  main_assemble.cpp             :  200 - Number of bubbles removed: 4, Time elapsed(sec): 0.000'
2026-08-30 08:41:44 - b'INFO  main_assemble.cpp             :  210 - Number of complex bubbles removed: 2, Time elapsed(sec): 0.003593'
2026-08-30 08:41:44 - b'INFO  main_assemble.cpp             :  221 - Number unitigs disconnected: 38, time: 0.000'
2026-08-30 08:41:44 - b'INFO  main_assemble.cpp             :  245 - Unitigs removed in excessive pruning: 7, time: 0.000'
2026-08-30 08:41:44 - b'INFO  main_assemble.cpp             :  184 - Graph cleaning round 2'
2026-08-30 08:41:44 - b'INFO  main_assemble.cpp             :  192 - Tips removed: 7, time: 0.000'
2026-08-30 08:41:44 - b'INFO  main_assemble.cpp             :  200 - Number of bubbles removed: 0, Time elapsed(sec): 0.000'
2026-08-30 08:41:44 - b'INFO  main_assemble.cpp             :  210 - Number of complex bubbles removed: 0, Time elapsed(sec): 0.000024'
2026-08-30 08:41:44 - b'INFO  main_assemble.cpp             :  221 - Number unitigs disconnected: 1, time: 0.000'
2026-08-30 08:41:44 - b'INFO  main_assemble.cpp             :  245 - Unitigs removed in excessive pruning: 1, time: 0.000'
2026-08-30 08:41:44 - b'INFO  main_assemble.cpp             :  184 - Graph cleaning round 3'
2026-08-30 08:41:44 - b'INFO  main_assemble.cpp             :  192 - Tips removed: 0, time: 0.000'
2026-08-30 08:41:44 - b'INFO  main_assemble.cpp             :  200 - Number of bubbles removed: 0, Time elapsed(sec): 0.000'
2026-08-30 08:41:44 - b'INFO  main_assemble.cpp             :  210 - Number of complex bubbles removed: 0, Time elapsed(sec): 0.000019'
2026-08-30 08:41:44 - b'INFO  main_assemble.cpp             :  221 - Number unitigs disconnected: 0, time: 0.000'
2026-08-30 08:41:44 - b'INFO  main_assemble.cpp             :  245 - Unitigs removed in excessive pruning: 0, time: 0.000'
2026-08-30 08:41:44 - b'INFO  assembly/contig_stat.h        :   40 - Max: 220075, Min: 104, N50: 76484, number contigs: 93, number isolated: 20, number looped: 0, total size: 2901008,'
2026-08-30 08:41:45 - b'INFO  main_assemble.cpp             :  267 - Time to output: 0.248293'
2026-08-30 08:41:45 - b'INFO  main_assemble.cpp             :  286 - Number of local low depth unitigs removed: 0, complex bubbles removed: 0, time: 0.000162'
2026-08-30 08:41:45 - b'INFO  assembly/contig_stat.h        :   40 - Max: 220075, Min: 104, N50: 76484, number contigs: 93, number isolated: 20, number looped: 0, total size: 2901008,'
2026-08-30 08:41:45 - b'INFO  utils/utils.h                 :  152 - Real: 1.9336\tuser: 4.0632\tsys: 0.0305\tmaxrss: 29864'
2026-08-30 08:41:45 - Local assembly for k = 99
2026-08-30 08:41:45 - command /home/divya/miniconda3/envs/assembly_env/bin/megahit_core local -c /home/divya/wgs/results/megahit_assembly/DRR187559/intermediate_contigs/k99.contigs.fa -l /home/divya/wgs/results/megahit_assembly/DRR187559/tmp/reads.lib -t 2 -o /home/divya/wgs/results/megahit_assembly/DRR187559/intermediate_contigs/k99.local.fa --kmax 119
2026-08-30 08:41:45 - b'INFO  localasm/hash_mapper.cpp      :   99 - Number of contigs: 86, index size: 361652'
2026-08-30 08:41:45 - b'INFO  localasm/local_assemble.cpp   :  315 - Hash mapper construction time elapsed: 0.048178'
2026-08-30 08:41:45 - b'INFO  sequence/io/sequence_lib.cpp  :  115 - Before reading, sizeof seq_package: 107589292'
2026-08-30 08:41:45 - b'INFO  sequence/io/sequence_lib.cpp  :  117 - After reading, sizeof seq_package: 107589292'
2026-08-30 08:41:45 - b'INFO  localasm/local_assemble.cpp   :  324 - Read lib time elapsed: 0.167519'
2026-08-30 08:41:49 - b'INFO  localasm/local_assemble.cpp   :  133 - Lib 0, insert size: 0.00 sd: -nan'
2026-08-30 08:41:49 - b'INFO  localasm/local_assemble.cpp   :  330 - Insert size estimation time elapsed: 3.816513'
2026-08-30 08:41:53 - b'INFO  localasm/local_assemble.cpp   :  218 - Lib 0: total 1807128 reads, aligned 1783072, added 4720 reads to local assembly'
2026-08-30 08:41:53 - b'INFO  localasm/local_assemble.cpp   :  338 - Mapping time elapsed: 4.516967'
2026-08-30 08:41:53 - b'INFO  localasm/local_assemble.cpp   :  232 - Minimum number of reads to do local assembly: 0'
2026-08-30 08:41:55 - b'INFO  localasm/local_assemble.cpp   :  346 - Local assembly time elapsed: 1.506629'
2026-08-30 08:41:55 - b'INFO  utils/utils.h                 :  152 - Real: 10.0748\tuser: 20.9465\tsys: 0.1563\tmaxrss: 120808'
2026-08-30 08:41:55 - Extract iterative edges from k = 99 to 119 
2026-08-30 08:41:55 - command /home/divya/miniconda3/envs/assembly_env/bin/megahit_core iterate -c /home/divya/wgs/results/megahit_assembly/DRR187559/intermediate_contigs/k99.contigs.fa -b /home/divya/wgs/results/megahit_assembly/DRR187559/intermediate_contigs/k99.bubble_seq.fa -t 2 -k 99 -s 20 -o /home/divya/wgs/results/megahit_assembly/DRR187559/tmp/k119/119 -r /home/divya/wgs/results/megahit_assembly/DRR187559/tmp/reads.lib.bin
2026-08-30 08:41:55 - b'INFO  main_iterate.cpp              :  190 - Selected kmer type size for k: 28'
2026-08-30 08:41:55 - b'INFO  main_iterate.cpp              :  174 - Read 73 contigs'
2026-08-30 08:41:55 - b'INFO  main_iterate.cpp              :  176 - Number of flank kmers: 146'
2026-08-30 08:41:55 - b'INFO  main_iterate.cpp              :  174 - Read 6 contigs'
2026-08-30 08:41:55 - b'INFO  main_iterate.cpp              :  176 - Number of flank kmers: 154'
2026-08-30 08:41:55 - b'INFO  main_iterate.cpp              :  123 - Selected kmer type size for next k: 32'
2026-08-30 08:42:09 - b'INFO  main_iterate.cpp              :  138 - Processed: 1807128, aligned: 4342. Iterative edges: 1280'
2026-08-30 08:42:09 - b'INFO  main_iterate.cpp              :  142 - Total: 1807128, aligned: 4342. Iterative edges: 1280'
2026-08-30 08:42:09 - b'INFO  utils/utils.h                 :  152 - Real: 14.4256\tuser: 12.2584\tsys: 0.2500\tmaxrss: 162460'
2026-08-30 08:42:09 - Build graph for k = 119 
2026-08-30 08:42:09 - command /home/divya/miniconda3/envs/assembly_env/bin/megahit_core seq2sdbg --host_mem 4642865971 --mem_flag 1 --output_prefix /home/divya/wgs/results/megahit_assembly/DRR187559/tmp/k119/119 --num_cpu_threads 2 -k 119 --kmer_from 99 --input_prefix /home/divya/wgs/results/megahit_assembly/DRR187559/tmp/k119/119 --addi_contig /home/divya/wgs/results/megahit_assembly/DRR187559/intermediate_contigs/k99.addi.fa --local_contig /home/divya/wgs/results/megahit_assembly/DRR187559/intermediate_contigs/k99.local.fa --contig /home/divya/wgs/results/megahit_assembly/DRR187559/intermediate_contigs/k99.contigs.fa --bubble /home/divya/wgs/results/megahit_assembly/DRR187559/intermediate_contigs/k99.bubble_seq.fa
2026-08-30 08:42:09 - b'INFO  sorting/base_engine.cpp       :  148 - Preparing data...'
2026-08-30 08:42:09 - b'INFO  sorting/seq_to_sdbg.cpp       :  369 - Number edges: 1280'
2026-08-30 08:42:09 - b'INFO  sorting/seq_to_sdbg.cpp       :  413 - Bases to reserve: 212171, number contigs: 255, number multiplicity: 1535'
2026-08-30 08:42:09 - b'INFO  sorting/seq_to_sdbg.cpp       :  421 - Before reading, sizeof seq_package: 55092, multiplicity vector: 1535'
2026-08-30 08:42:09 - b'INFO  sorting/seq_to_sdbg.cpp       :  428 - Read 1280 edges.'
2026-08-30 08:42:09 - b'INFO  sorting/seq_to_sdbg.cpp       :  429 - After reading, sizeof seq_package: 55092/1280/153600, multiplicity vector: 1280/1535'
2026-08-30 08:42:09 - b'INFO  sorting/seq_to_sdbg.cpp       :  458 - Read 92 contigs from /home/divya/wgs/results/megahit_assembly/DRR187559/intermediate_contigs/k99.contigs.fa.'
2026-08-30 08:42:09 - b'INFO  sorting/seq_to_sdbg.cpp       :  459 - After reading contigs, sizeof seq_package: 850752/1372/3054504, multiplicity vector: 1372/1535'
2026-08-30 08:42:09 - b'INFO  sorting/seq_to_sdbg.cpp       :  470 - Read 6 contigs from /home/divya/wgs/results/megahit_assembly/DRR187559/intermediate_contigs/k99.bubble_seq.fa.'
2026-08-30 08:42:09 - b'INFO  sorting/seq_to_sdbg.cpp       :  471 - After reading contigs, sizeof seq_package: 850752/1378/3061483, multiplicity vector: 1378/1535'
2026-08-30 08:42:09 - b'INFO  sorting/seq_to_sdbg.cpp       :  484 - Read 0 contigs from /home/divya/wgs/results/megahit_assembly/DRR187559/intermediate_contigs/k99.addi.fa.'
2026-08-30 08:42:09 - b'INFO  sorting/seq_to_sdbg.cpp       :  485 - After reading contigs, sizeof seq_package: 850752/1378/3061483, multiplicity vector: 1378/1535'
2026-08-30 08:42:09 - b'INFO  sorting/seq_to_sdbg.cpp       :  498 - Read 156 contigs from /home/divya/wgs/results/megahit_assembly/DRR187559/intermediate_contigs/k99.local.fa.'
2026-08-30 08:42:09 - b'INFO  sorting/seq_to_sdbg.cpp       :  499 - After reading contigs, sizeof seq_package: 850752/1534/3117282, multiplicity vector: 1534/1535'
2026-08-30 08:42:09 - b'INFO  sorting/seq_to_sdbg.cpp       :  506 - Finally, sizeof seq_package: 850752/1534/3117282, multiplicity vector: 1534/1535'
2026-08-30 08:42:09 - b'INFO  sorting/base_engine.cpp       :  153 - Preparing data... Done. Time elapsed: 0.0127'
2026-08-30 08:42:09 - b'INFO  sorting/base_engine.cpp       :  156 - Preparing partitions and calculating bucket sizes...'
2026-08-30 08:42:09 - b'INFO  sorting/base_engine.cpp       :   80 - Minimum memory required: 1126870 bytes'
2026-08-30 08:42:09 - b'INFO  sorting/base_engine.cpp       :  138 - Lv1 items: 783414, Lv2 items: 1787'
2026-08-30 08:42:09 - b'INFO  sorting/base_engine.cpp       :  139 - Memory of derived class: 878206, Memory for Lv1+Lv2: 3197988'
2026-08-30 08:42:09 - b'INFO  sorting/base_engine.cpp       :  165 - Preparing partitions and calculating bucket sizes... Done. Time elapsed: 0.0224'
2026-08-30 08:42:09 - b'INFO  sorting/base_engine.cpp       :  172 - Start main loop...'
2026-08-30 08:42:09 - b'INFO  sorting/base_engine.cpp       :  185 - Lv1 scanning from bucket 0 to 1055'
2026-08-30 08:42:10 - b'INFO  sorting/base_engine.cpp       :  192 - Lv1 scanning done. Large diff: 0. Time elapsed: 0.0266'
2026-08-30 08:42:10 - b'INFO  sorting/base_engine.cpp       :  198 - Lv1 fetching & sorting done. Time elapsed: 0.0408'
2026-08-30 08:42:10 - b'INFO  sorting/base_engine.cpp       :  185 - Lv1 scanning from bucket 1055 to 3030'
2026-08-30 08:42:10 - b'INFO  sorting/base_engine.cpp       :  192 - Lv1 scanning done. Large diff: 0. Time elapsed: 0.0309'
2026-08-30 08:42:10 - b'INFO  sorting/base_engine.cpp       :  198 - Lv1 fetching & sorting done. Time elapsed: 0.0301'
2026-08-30 08:42:10 - b'INFO  sorting/base_engine.cpp       :  185 - Lv1 scanning from bucket 3030 to 6008'
2026-08-30 08:42:10 - b'INFO  sorting/base_engine.cpp       :  192 - Lv1 scanning done. Large diff: 0. Time elapsed: 0.0270'
2026-08-30 08:42:10 - b'INFO  sorting/base_engine.cpp       :  198 - Lv1 fetching & sorting done. Time elapsed: 0.0326'
2026-08-30 08:42:10 - b'INFO  sorting/base_engine.cpp       :  185 - Lv1 scanning from bucket 6008 to 10245'
2026-08-30 08:42:10 - b'INFO  sorting/base_engine.cpp       :  192 - Lv1 scanning done. Large diff: 0. Time elapsed: 0.0311'
2026-08-30 08:42:10 - b'INFO  sorting/base_engine.cpp       :  198 - Lv1 fetching & sorting done. Time elapsed: 0.0287'
2026-08-30 08:42:10 - b'INFO  sorting/base_engine.cpp       :  185 - Lv1 scanning from bucket 10245 to 16287'
2026-08-30 08:42:10 - b'INFO  sorting/base_engine.cpp       :  192 - Lv1 scanning done. Large diff: 0. Time elapsed: 0.0257'
2026-08-30 08:42:10 - b'INFO  sorting/base_engine.cpp       :  198 - Lv1 fetching & sorting done. Time elapsed: 0.0286'
2026-08-30 08:42:10 - b'INFO  sorting/base_engine.cpp       :  185 - Lv1 scanning from bucket 16287 to 25495'
2026-08-30 08:42:10 - b'INFO  sorting/base_engine.cpp       :  192 - Lv1 scanning done. Large diff: 0. Time elapsed: 0.0258'
2026-08-30 08:42:10 - b'INFO  sorting/base_engine.cpp       :  198 - Lv1 fetching & sorting done. Time elapsed: 0.0345'
2026-08-30 08:42:10 - b'INFO  sorting/base_engine.cpp       :  185 - Lv1 scanning from bucket 25495 to 42765'
2026-08-30 08:42:10 - b'INFO  sorting/base_engine.cpp       :  192 - Lv1 scanning done. Large diff: 0. Time elapsed: 0.0272'
2026-08-30 08:42:10 - b'INFO  sorting/base_engine.cpp       :  198 - Lv1 fetching & sorting done. Time elapsed: 0.0356'
2026-08-30 08:42:10 - b'INFO  sorting/base_engine.cpp       :  185 - Lv1 scanning from bucket 42765 to 65536'
2026-08-30 08:42:10 - b'INFO  sorting/base_engine.cpp       :  192 - Lv1 scanning done. Large diff: 0. Time elapsed: 0.0229'
2026-08-30 08:42:10 - b'INFO  sorting/base_engine.cpp       :  198 - Lv1 fetching & sorting done. Time elapsed: 0.0137'
2026-08-30 08:42:10 - b'INFO  sorting/base_engine.cpp       :  204 - Main loop done. Time elapsed: 0.4626'
2026-08-30 08:42:10 - b'INFO  sorting/base_engine.cpp       :  207 - Postprocessing...'
2026-08-30 08:42:10 - b'INFO  sorting/seq_to_sdbg.cpp       :  793 - Number of $ A C G T A- C- G- T-:'
2026-08-30 08:42:10 - b'INFO  sorting/seq_to_sdbg.cpp       :  794 - 104 1949795 949475 949428 1949864 28 26 19 41'
2026-08-30 08:42:10 - b'INFO  sorting/seq_to_sdbg.cpp       :  800 - Total number of edges: 5798780'
2026-08-30 08:42:10 - b'INFO  sorting/seq_to_sdbg.cpp       :  801 - Total number of ONEs: 5798562'
2026-08-30 08:42:10 - b'INFO  sorting/seq_to_sdbg.cpp       :  802 - Total number of $v edges: 104'
2026-08-30 08:42:10 - b'INFO  sorting/base_engine.cpp       :  210 - Postprocess done. Time elapsed: 0.0299'
2026-08-30 08:42:10 - b'INFO  utils/utils.h                 :  152 - Real: 0.5297\tuser: 1.0316\tsys: 0.0263\tmaxrss: 32744'
2026-08-30 08:42:10 - Assemble contigs from SdBG for k = 119
2026-08-30 08:42:10 - command /home/divya/miniconda3/envs/assembly_env/bin/megahit_core assemble -s /home/divya/wgs/results/megahit_assembly/DRR187559/tmp/k119/119 -o /home/divya/wgs/results/megahit_assembly/DRR187559/intermediate_contigs/k119 -t 2 --min_standalone 300 --prune_level 2 --merge_len 20 --merge_similar 0.95 --cleaning_rounds 5 --disconnect_ratio 0.1 --low_local_ratio 0.2 --cleaning_rounds 5 --min_depth 2 --bubble_level 2 --max_tip_len 182.0 --careful_bubble
2026-08-30 08:42:10 - b'INFO  main_assemble.cpp             :  129 - Loading succinct de Bruijn graph: /home/divya/wgs/results/megahit_assembly/DRR187559/tmp/k119/119Done. Time elapsed: 0.103359'
2026-08-30 08:42:10 - b'INFO  main_assemble.cpp             :  133 - Number of Edges: 5798780; K value: 119'
2026-08-30 08:42:10 - b'INFO  main_assemble.cpp             :  140 - Number of CPU threads: 2'
2026-08-30 08:42:10 - b'INFO  assembly/sdbg_pruning.cpp     :  160 - Removing tips with length less than 2; Accumulated tips removed: 2; time elapsed: 0.0071'
2026-08-30 08:42:10 - b'INFO  assembly/sdbg_pruning.cpp     :  160 - Removing tips with length less than 4; Accumulated tips removed: 2; time elapsed: 0.0072'
2026-08-30 08:42:10 - b'INFO  assembly/sdbg_pruning.cpp     :  160 - Removing tips with length less than 8; Accumulated tips removed: 12; time elapsed: 0.0068'
2026-08-30 08:42:10 - b'INFO  assembly/sdbg_pruning.cpp     :  160 - Removing tips with length less than 16; Accumulated tips removed: 22; time elapsed: 0.0076'
2026-08-30 08:42:10 - b'INFO  assembly/sdbg_pruning.cpp     :  160 - Removing tips with length less than 32; Accumulated tips removed: 34; time elapsed: 0.0079'
2026-08-30 08:42:10 - b'INFO  assembly/sdbg_pruning.cpp     :  160 - Removing tips with length less than 64; Accumulated tips removed: 66; time elapsed: 0.0149'
2026-08-30 08:42:10 - b'INFO  assembly/sdbg_pruning.cpp     :  160 - Removing tips with length less than 128; Accumulated tips removed: 108; time elapsed: 0.0144'
2026-08-30 08:42:10 - b'INFO  assembly/sdbg_pruning.cpp     :  169 - Removing tips with length less than 182; Accumulated tips removed: 114; time elapsed: 0.0146'
2026-08-30 08:42:10 - b'INFO  main_assemble.cpp             :  158 - Tips removal done! Time elapsed(sec): 0.404'
2026-08-30 08:42:12 - b'INFO  assembly/unitig_graph.cpp     :   83 - Graph size without loops: 117, palindrome: 0'
2026-08-30 08:42:12 - b'INFO  main_assemble.cpp             :  166 - unitig graph size: 117, time for building: 1.272'
2026-08-30 08:42:12 - b'INFO  assembly/contig_stat.h        :   40 - Max: 363412, Min: 120, N50: 83104, number contigs: 117, number isolated: 8, number looped: 0, total size: 2909727,'
2026-08-30 08:42:12 - b'INFO  main_assemble.cpp             :  184 - Graph cleaning round 1'
2026-08-30 08:42:12 - b'INFO  main_assemble.cpp             :  200 - Number of bubbles removed: 3, Time elapsed(sec): 0.000'
2026-08-30 08:42:12 - b'INFO  main_assemble.cpp             :  210 - Number of complex bubbles removed: 2, Time elapsed(sec): 0.003826'
2026-08-30 08:42:12 - b'INFO  main_assemble.cpp             :  221 - Number unitigs disconnected: 13, time: 0.000'
2026-08-30 08:42:12 - b'INFO  main_assemble.cpp             :  245 - Unitigs removed in excessive pruning: 6, time: 0.000'
2026-08-30 08:42:12 - b'INFO  main_assemble.cpp             :  184 - Graph cleaning round 2'
2026-08-30 08:42:12 - b'INFO  main_assemble.cpp             :  192 - Tips removed: 2, time: 0.000'
2026-08-30 08:42:12 - b'INFO  main_assemble.cpp             :  200 - Number of bubbles removed: 0, Time elapsed(sec): 0.000'
2026-08-30 08:42:12 - b'INFO  main_assemble.cpp             :  210 - Number of complex bubbles removed: 0, Time elapsed(sec): 0.000028'
2026-08-30 08:42:12 - b'INFO  main_assemble.cpp             :  221 - Number unitigs disconnected: 0, time: 0.000'
2026-08-30 08:42:12 - b'INFO  main_assemble.cpp             :  245 - Unitigs removed in excessive pruning: 1, time: 0.000'
2026-08-30 08:42:12 - b'INFO  main_assemble.cpp             :  184 - Graph cleaning round 3'
2026-08-30 08:42:12 - b'INFO  main_assemble.cpp             :  192 - Tips removed: 0, time: 0.000'
2026-08-30 08:42:12 - b'INFO  main_assemble.cpp             :  200 - Number of bubbles removed: 0, Time elapsed(sec): 0.000'
2026-08-30 08:42:12 - b'INFO  main_assemble.cpp             :  210 - Number of complex bubbles removed: 0, Time elapsed(sec): 0.000025'
2026-08-30 08:42:12 - b'INFO  main_assemble.cpp             :  221 - Number unitigs disconnected: 0, time: 0.000'
2026-08-30 08:42:12 - b'INFO  main_assemble.cpp             :  245 - Unitigs removed in excessive pruning: 0, time: 0.000'
2026-08-30 08:42:12 - b'INFO  assembly/contig_stat.h        :   40 - Max: 363412, Min: 125, N50: 83104, number contigs: 82, number isolated: 18, number looped: 0, total size: 2902777,'
2026-08-30 08:42:12 - b'INFO  main_assemble.cpp             :  267 - Time to output: 0.340916'
2026-08-30 08:42:12 - b'INFO  main_assemble.cpp             :  286 - Number of local low depth unitigs removed: 0, complex bubbles removed: 0, time: 0.000155'
2026-08-30 08:42:12 - b'INFO  assembly/contig_stat.h        :   40 - Max: 363412, Min: 125, N50: 83104, number contigs: 82, number isolated: 18, number looped: 0, total size: 2902777,'
2026-08-30 08:42:13 - b'INFO  utils/utils.h                 :  152 - Real: 2.6458\tuser: 5.3681\tsys: 0.0436\tmaxrss: 30248'
2026-08-30 08:42:13 - Local assembly for k = 119
2026-08-30 08:42:13 - command /home/divya/miniconda3/envs/assembly_env/bin/megahit_core local -c /home/divya/wgs/results/megahit_assembly/DRR187559/intermediate_contigs/k119.contigs.fa -l /home/divya/wgs/results/megahit_assembly/DRR187559/tmp/reads.lib -t 2 -o /home/divya/wgs/results/megahit_assembly/DRR187559/intermediate_contigs/k119.local.fa --kmax 141
2026-08-30 08:42:13 - b'INFO  localasm/hash_mapper.cpp      :   99 - Number of contigs: 76, index size: 361851'
2026-08-30 08:42:13 - b'INFO  localasm/local_assemble.cpp   :  315 - Hash mapper construction time elapsed: 0.139222'
2026-08-30 08:42:13 - b'INFO  sequence/io/sequence_lib.cpp  :  115 - Before reading, sizeof seq_package: 107589292'
2026-08-30 08:42:13 - b'INFO  sequence/io/sequence_lib.cpp  :  117 - After reading, sizeof seq_package: 107589292'
2026-08-30 08:42:13 - b'INFO  localasm/local_assemble.cpp   :  324 - Read lib time elapsed: 0.250380'
2026-08-30 08:42:18 - b'INFO  localasm/local_assemble.cpp   :  133 - Lib 0, insert size: 0.00 sd: -nan'
2026-08-30 08:42:18 - b'INFO  localasm/local_assemble.cpp   :  330 - Insert size estimation time elapsed: 4.800647'
2026-08-30 08:42:23 - b'INFO  localasm/local_assemble.cpp   :  218 - Lib 0: total 1807128 reads, aligned 1783480, added 3028 reads to local assembly'
2026-08-30 08:42:23 - b'INFO  localasm/local_assemble.cpp   :  338 - Mapping time elapsed: 5.176263'
2026-08-30 08:42:23 - b'INFO  localasm/local_assemble.cpp   :  232 - Minimum number of reads to do local assembly: 0'
2026-08-30 08:42:24 - b'INFO  localasm/local_assemble.cpp   :  346 - Local assembly time elapsed: 0.682570'
2026-08-30 08:42:24 - b'INFO  utils/utils.h                 :  152 - Real: 11.0554\tuser: 23.1990\tsys: 0.1788\tmaxrss: 120940'
2026-08-30 08:42:24 - Extract iterative edges from k = 119 to 141 
2026-08-30 08:42:24 - command /home/divya/miniconda3/envs/assembly_env/bin/megahit_core iterate -c /home/divya/wgs/results/megahit_assembly/DRR187559/intermediate_contigs/k119.contigs.fa -b /home/divya/wgs/results/megahit_assembly/DRR187559/intermediate_contigs/k119.bubble_seq.fa -t 2 -k 119 -s 22 -o /home/divya/wgs/results/megahit_assembly/DRR187559/tmp/k141/141 -r /home/divya/wgs/results/megahit_assembly/DRR187559/tmp/reads.lib.bin
2026-08-30 08:42:24 - b'INFO  main_iterate.cpp              :  190 - Selected kmer type size for k: 32'
2026-08-30 08:42:24 - b'INFO  main_iterate.cpp              :  174 - Read 64 contigs'
2026-08-30 08:42:24 - b'INFO  main_iterate.cpp              :  176 - Number of flank kmers: 128'
2026-08-30 08:42:24 - b'INFO  main_iterate.cpp              :  174 - Read 6 contigs'
2026-08-30 08:42:24 - b'INFO  main_iterate.cpp              :  176 - Number of flank kmers: 138'
2026-08-30 08:42:24 - b'INFO  main_iterate.cpp              :  123 - Selected kmer type size for next k: 64'
2026-08-30 08:42:30 - b'INFO  main_iterate.cpp              :  138 - Processed: 1807128, aligned: 2826. Iterative edges: 1274'
2026-08-30 08:42:30 - b'INFO  main_iterate.cpp              :  142 - Total: 1807128, aligned: 2826. Iterative edges: 1274'
2026-08-30 08:42:30 - b'INFO  utils/utils.h                 :  152 - Real: 6.1340\tuser: 6.5083\tsys: 0.1810\tmaxrss: 162544'
2026-08-30 08:42:30 - Build graph for k = 141 
2026-08-30 08:42:30 - command /home/divya/miniconda3/envs/assembly_env/bin/megahit_core seq2sdbg --host_mem 4642865971 --mem_flag 1 --output_prefix /home/divya/wgs/results/megahit_assembly/DRR187559/tmp/k141/141 --num_cpu_threads 2 -k 141 --kmer_from 119 --input_prefix /home/divya/wgs/results/megahit_assembly/DRR187559/tmp/k141/141 --addi_contig /home/divya/wgs/results/megahit_assembly/DRR187559/intermediate_contigs/k119.addi.fa --local_contig /home/divya/wgs/results/megahit_assembly/DRR187559/intermediate_contigs/k119.local.fa --contig /home/divya/wgs/results/megahit_assembly/DRR187559/intermediate_contigs/k119.contigs.fa --bubble /home/divya/wgs/results/megahit_assembly/DRR187559/intermediate_contigs/k119.bubble_seq.fa
2026-08-30 08:42:30 - b'INFO  sorting/base_engine.cpp       :  148 - Preparing data...'
2026-08-30 08:42:30 - b'INFO  sorting/seq_to_sdbg.cpp       :  369 - Number edges: 1274'
2026-08-30 08:42:30 - b'INFO  sorting/seq_to_sdbg.cpp       :  413 - Bases to reserve: 228693, number contigs: 222, number multiplicity: 1496'
2026-08-30 08:42:30 - b'INFO  sorting/seq_to_sdbg.cpp       :  421 - Before reading, sizeof seq_package: 58960, multiplicity vector: 1496'
2026-08-30 08:42:30 - b'INFO  sorting/seq_to_sdbg.cpp       :  428 - Read 1274 edges.'
2026-08-30 08:42:30 - b'INFO  sorting/seq_to_sdbg.cpp       :  429 - After reading, sizeof seq_package: 58960/1274/180908, multiplicity vector: 1274/1496'
2026-08-30 08:42:30 - b'INFO  sorting/seq_to_sdbg.cpp       :  458 - Read 78 contigs from /home/divya/wgs/results/megahit_assembly/DRR187559/intermediate_contigs/k119.contigs.fa.'
2026-08-30 08:42:30 - b'INFO  sorting/seq_to_sdbg.cpp       :  459 - After reading contigs, sizeof seq_package: 916600/1352/3083168, multiplicity vector: 1352/1496'
2026-08-30 08:42:30 - b'INFO  sorting/seq_to_sdbg.cpp       :  470 - Read 5 contigs from /home/divya/wgs/results/megahit_assembly/DRR187559/intermediate_contigs/k119.bubble_seq.fa.'
2026-08-30 08:42:30 - b'INFO  sorting/seq_to_sdbg.cpp       :  471 - After reading contigs, sizeof seq_package: 916600/1357/3089510, multiplicity vector: 1357/1496'
2026-08-30 08:42:30 - b'INFO  sorting/seq_to_sdbg.cpp       :  484 - Read 0 contigs from /home/divya/wgs/results/megahit_assembly/DRR187559/intermediate_contigs/k119.addi.fa.'
2026-08-30 08:42:30 - b'INFO  sorting/seq_to_sdbg.cpp       :  485 - After reading contigs, sizeof seq_package: 916600/1357/3089510, multiplicity vector: 1357/1496'
2026-08-30 08:42:30 - b'INFO  sorting/seq_to_sdbg.cpp       :  498 - Read 134 contigs from /home/divya/wgs/results/megahit_assembly/DRR187559/intermediate_contigs/k119.local.fa.'
2026-08-30 08:42:30 - b'INFO  sorting/seq_to_sdbg.cpp       :  499 - After reading contigs, sizeof seq_package: 916600/1491/3134831, multiplicity vector: 1491/1496'
2026-08-30 08:42:30 - b'INFO  sorting/seq_to_sdbg.cpp       :  506 - Finally, sizeof seq_package: 916600/1491/3134831, multiplicity vector: 1491/1496'
2026-08-30 08:42:30 - b'INFO  sorting/base_engine.cpp       :  153 - Preparing data... Done. Time elapsed: 0.0100'
2026-08-30 08:42:30 - b'INFO  sorting/base_engine.cpp       :  156 - Preparing partitions and calculating bucket sizes...'
2026-08-30 08:42:30 - b'INFO  sorting/base_engine.cpp       :   80 - Minimum memory required: 1198720 bytes'
2026-08-30 08:42:30 - b'INFO  sorting/base_engine.cpp       :  138 - Lv1 items: 780688, Lv2 items: 1773'
2026-08-30 08:42:30 - b'INFO  sorting/base_engine.cpp       :  139 - Memory of derived class: 944112, Memory for Lv1+Lv2: 3193672'
2026-08-30 08:42:30 - b'INFO  sorting/base_engine.cpp       :  165 - Preparing partitions and calculating bucket sizes... Done. Time elapsed: 0.0229'
2026-08-30 08:42:30 - b'INFO  sorting/base_engine.cpp       :  172 - Start main loop...'
2026-08-30 08:42:30 - b'INFO  sorting/base_engine.cpp       :  185 - Lv1 scanning from bucket 0 to 1051'
2026-08-30 08:42:30 - b'INFO  sorting/base_engine.cpp       :  192 - Lv1 scanning done. Large diff: 0. Time elapsed: 0.0183'
2026-08-30 08:42:30 - b'INFO  sorting/base_engine.cpp       :  198 - Lv1 fetching & sorting done. Time elapsed: 0.0256'
2026-08-30 08:42:30 - b'INFO  sorting/base_engine.cpp       :  185 - Lv1 scanning from bucket 1051 to 3026'
2026-08-30 08:42:30 - b'INFO  sorting/base_engine.cpp       :  192 - Lv1 scanning done. Large diff: 0. Time elapsed: 0.0193'
2026-08-30 08:42:30 - b'INFO  sorting/base_engine.cpp       :  198 - Lv1 fetching & sorting done. Time elapsed: 0.0342'
2026-08-30 08:42:30 - b'INFO  sorting/base_engine.cpp       :  185 - Lv1 scanning from bucket 3026 to 6005'
2026-08-30 08:42:30 - b'INFO  sorting/base_engine.cpp       :  192 - Lv1 scanning done. Large diff: 0. Time elapsed: 0.0230'
2026-08-30 08:42:30 - b'INFO  sorting/base_engine.cpp       :  198 - Lv1 fetching & sorting done. Time elapsed: 0.0273'
2026-08-30 08:42:30 - b'INFO  sorting/base_engine.cpp       :  185 - Lv1 scanning from bucket 6005 to 10250'
2026-08-30 08:42:30 - b'INFO  sorting/base_engine.cpp       :  192 - Lv1 scanning done. Large diff: 0. Time elapsed: 0.0226'
2026-08-30 08:42:30 - b'INFO  sorting/base_engine.cpp       :  198 - Lv1 fetching & sorting done. Time elapsed: 0.0301'
2026-08-30 08:42:30 - b'INFO  sorting/base_engine.cpp       :  185 - Lv1 scanning from bucket 10250 to 16309'
2026-08-30 08:42:30 - b'INFO  sorting/base_engine.cpp       :  192 - Lv1 scanning done. Large diff: 0. Time elapsed: 0.0236'
2026-08-30 08:42:30 - b'INFO  sorting/base_engine.cpp       :  198 - Lv1 fetching & sorting done. Time elapsed: 0.0304'
2026-08-30 08:42:30 - b'INFO  sorting/base_engine.cpp       :  185 - Lv1 scanning from bucket 16309 to 25554'
2026-08-30 08:42:30 - b'INFO  sorting/base_engine.cpp       :  192 - Lv1 scanning done. Large diff: 0. Time elapsed: 0.0203'
2026-08-30 08:42:30 - b'INFO  sorting/base_engine.cpp       :  198 - Lv1 fetching & sorting done. Time elapsed: 0.0262'
2026-08-30 08:42:30 - b'INFO  sorting/base_engine.cpp       :  185 - Lv1 scanning from bucket 25554 to 42956'
2026-08-30 08:42:30 - b'INFO  sorting/base_engine.cpp       :  192 - Lv1 scanning done. Large diff: 0. Time elapsed: 0.0203'
2026-08-30 08:42:30 - b'INFO  sorting/base_engine.cpp       :  198 - Lv1 fetching & sorting done. Time elapsed: 0.0316'
2026-08-30 08:42:30 - b'INFO  sorting/base_engine.cpp       :  185 - Lv1 scanning from bucket 42956 to 65536'
2026-08-30 08:42:30 - b'INFO  sorting/base_engine.cpp       :  192 - Lv1 scanning done. Large diff: 0. Time elapsed: 0.0179'
2026-08-30 08:42:30 - b'INFO  sorting/base_engine.cpp       :  198 - Lv1 fetching & sorting done. Time elapsed: 0.0148'
2026-08-30 08:42:30 - b'INFO  sorting/base_engine.cpp       :  204 - Main loop done. Time elapsed: 0.3860'
2026-08-30 08:42:30 - b'INFO  sorting/base_engine.cpp       :  207 - Postprocessing...'
2026-08-30 08:42:30 - b'INFO  sorting/seq_to_sdbg.cpp       :  793 - Number of $ A C G T A- C- G- T-:'
2026-08-30 08:42:30 - b'INFO  sorting/seq_to_sdbg.cpp       :  794 - 93 1949523 949178 949228 1949503 27 17 9 26'
2026-08-30 08:42:30 - b'INFO  sorting/seq_to_sdbg.cpp       :  800 - Total number of edges: 5797604'
2026-08-30 08:42:30 - b'INFO  sorting/seq_to_sdbg.cpp       :  801 - Total number of ONEs: 5797432'
2026-08-30 08:42:30 - b'INFO  sorting/seq_to_sdbg.cpp       :  802 - Total number of $v edges: 93'
2026-08-30 08:42:30 - b'INFO  sorting/base_engine.cpp       :  210 - Postprocess done. Time elapsed: 0.0334'
2026-08-30 08:42:30 - b'INFO  utils/utils.h                 :  152 - Real: 0.4547\tuser: 0.8576\tsys: 0.0175\tmaxrss: 32780'
2026-08-30 08:42:30 - Assemble contigs from SdBG for k = 141
2026-08-30 08:42:30 - command /home/divya/miniconda3/envs/assembly_env/bin/megahit_core assemble -s /home/divya/wgs/results/megahit_assembly/DRR187559/tmp/k141/141 -o /home/divya/wgs/results/megahit_assembly/DRR187559/intermediate_contigs/k141 -t 2 --min_standalone 300 --prune_level 2 --merge_len 20 --merge_similar 0.95 --cleaning_rounds 5 --disconnect_ratio 0.1 --low_local_ratio 0.2 --cleaning_rounds 5 --min_depth 2 --bubble_level 2 --max_tip_len 160.0 --is_final_round
2026-08-30 08:42:30 - b'INFO  main_assemble.cpp             :  129 - Loading succinct de Bruijn graph: /home/divya/wgs/results/megahit_assembly/DRR187559/tmp/k141/141Done. Time elapsed: 0.091581'
2026-08-30 08:42:30 - b'INFO  main_assemble.cpp             :  133 - Number of Edges: 5797604; K value: 141'
2026-08-30 08:42:30 - b'INFO  main_assemble.cpp             :  140 - Number of CPU threads: 2'
2026-08-30 08:42:31 - b'INFO  assembly/sdbg_pruning.cpp     :  160 - Removing tips with length less than 2; Accumulated tips removed: 0; time elapsed: 0.0073'
2026-08-30 08:42:31 - b'INFO  assembly/sdbg_pruning.cpp     :  160 - Removing tips with length less than 4; Accumulated tips removed: 8; time elapsed: 0.0088'
2026-08-30 08:42:31 - b'INFO  assembly/sdbg_pruning.cpp     :  160 - Removing tips with length less than 8; Accumulated tips removed: 12; time elapsed: 0.0100'
2026-08-30 08:42:31 - b'INFO  assembly/sdbg_pruning.cpp     :  160 - Removing tips with length less than 16; Accumulated tips removed: 20; time elapsed: 0.0130'
2026-08-30 08:42:31 - b'INFO  assembly/sdbg_pruning.cpp     :  160 - Removing tips with length less than 32; Accumulated tips removed: 38; time elapsed: 0.0139'
2026-08-30 08:42:31 - b'INFO  assembly/sdbg_pruning.cpp     :  160 - Removing tips with length less than 64; Accumulated tips removed: 46; time elapsed: 0.0144'
2026-08-30 08:42:31 - b'INFO  assembly/sdbg_pruning.cpp     :  160 - Removing tips with length less than 128; Accumulated tips removed: 74; time elapsed: 0.0135'
2026-08-30 08:42:31 - b'INFO  assembly/sdbg_pruning.cpp     :  169 - Removing tips with length less than 160; Accumulated tips removed: 86; time elapsed: 0.0141'
2026-08-30 08:42:31 - b'INFO  main_assemble.cpp             :  158 - Tips removal done! Time elapsed(sec): 0.399'
2026-08-30 08:42:32 - b'INFO  assembly/unitig_graph.cpp     :   83 - Graph size without loops: 84, palindrome: 0'
2026-08-30 08:42:32 - b'INFO  main_assemble.cpp             :  166 - unitig graph size: 84, time for building: 1.322'
2026-08-30 08:42:32 - b'INFO  assembly/contig_stat.h        :   40 - Max: 386595, Min: 142, N50: 99899, number contigs: 84, number isolated: 12, number looped: 0, total size: 2907916,'
2026-08-30 08:42:32 - b'INFO  main_assemble.cpp             :  184 - Graph cleaning round 1'
2026-08-30 08:42:32 - b'INFO  main_assemble.cpp             :  200 - Number of bubbles removed: 0, Time elapsed(sec): 0.000'
2026-08-30 08:42:32 - b'INFO  main_assemble.cpp             :  210 - Number of complex bubbles removed: 1, Time elapsed(sec): 0.002848'
2026-08-30 08:42:32 - b'INFO  main_assemble.cpp             :  221 - Number unitigs disconnected: 11, time: 0.000'
2026-08-30 08:42:32 - b'INFO  main_assemble.cpp             :  245 - Unitigs removed in excessive pruning: 7, time: 0.000'
2026-08-30 08:42:32 - b'INFO  main_assemble.cpp             :  184 - Graph cleaning round 2'
2026-08-30 08:42:32 - b'INFO  main_assemble.cpp             :  192 - Tips removed: 1, time: 0.000'
2026-08-30 08:42:32 - b'INFO  main_assemble.cpp             :  200 - Number of bubbles removed: 0, Time elapsed(sec): 0.000'
2026-08-30 08:42:32 - b'INFO  main_assemble.cpp             :  210 - Number of complex bubbles removed: 0, Time elapsed(sec): 0.000017'
2026-08-30 08:42:32 - b'INFO  main_assemble.cpp             :  221 - Number unitigs disconnected: 0, time: 0.000'
2026-08-30 08:42:32 - b'INFO  main_assemble.cpp             :  245 - Unitigs removed in excessive pruning: 0, time: 0.000'
2026-08-30 08:42:32 - b'INFO  main_assemble.cpp             :  184 - Graph cleaning round 3'
2026-08-30 08:42:32 - b'INFO  main_assemble.cpp             :  192 - Tips removed: 0, time: 0.000'
2026-08-30 08:42:32 - b'INFO  main_assemble.cpp             :  200 - Number of bubbles removed: 0, Time elapsed(sec): 0.000'
2026-08-30 08:42:32 - b'INFO  main_assemble.cpp             :  210 - Number of complex bubbles removed: 0, Time elapsed(sec): 0.000015'
2026-08-30 08:42:32 - b'INFO  main_assemble.cpp             :  221 - Number unitigs disconnected: 0, time: 0.000'
2026-08-30 08:42:32 - b'INFO  main_assemble.cpp             :  245 - Unitigs removed in excessive pruning: 0, time: 0.000'
2026-08-30 08:42:32 - b'INFO  assembly/contig_stat.h        :   40 - Max: 386595, Min: 173, N50: 99899, number contigs: 64, number isolated: 21, number looped: 0, total size: 2902835,'
2026-08-30 08:42:32 - b'INFO  main_assemble.cpp             :  286 - Number of local low depth unitigs removed: 0, complex bubbles removed: 0, time: 0.000064'
2026-08-30 08:42:32 - b'INFO  assembly/contig_stat.h        :   40 - Max: 386595, Min: 173, N50: 99899, number contigs: 64, number isolated: 21, number looped: 0, total size: 2902835,'
2026-08-30 08:42:33 - b'INFO  utils/utils.h                 :  152 - Real: 2.2908\tuser: 4.5854\tsys: 0.0350\tmaxrss: 30204'
2026-08-30 08:42:33 - Merging to output final contigs 
2026-08-30 08:42:33 - 62 contigs, total 2902476 bp, min 216 bp, max 386595 bp, avg 46814 bp, N50 99899 bp
2026-08-30 08:42:33 - ALL DONE. Time elapsed: 312.327364 seconds 
